onset	duration	trial_type	value	sample
6.234375	0.0	behav,3,-1,21	1	1596
11.6953125	0.0	behav,3,-1,42	2	2994
17.0625	0.0	behav,3,-1,63	3	4368
22.4375	0.0	behav,3,-1,84	4	5744
27.84765625	0.0	behav,3,-1,381	5	7129
33.1953125	0.0	behav,3,-1,402	6	8498
38.4765625	0.0	behav,3,-1,423	7	9850
43.8359375	0.0	behav,3,-1,444	8	11222
49.12890625	0.0	behav,3,-1,465	9	12577
54.46484375	0.0	behav,3,-1,486	10	13943
56.8203125	0.0	oddball,16744,-1,497	11	14546
60.046875	0.0	behav,0,-1,507	12	15372
63.6171875	0.0	oddball,16746,-1,524	13	16286
65.421875	0.0	behav,0,-1,528	14	16748
70.72265625	0.0	behav,3,-1,549	15	18105
76.05078125	0.0	behav,3,-1,570	16	19469
81.40234375	0.0	behav,3,-1,591	17	20839
86.72265625	0.0	behav,3,-1,612	18	22201
92.0859375	0.0	behav,3,-1,633	19	23574
97.421875	0.0	behav,3,-1,654	20	24940
102.75390625	0.0	behav,3,-1,675	21	26305
108.1875	0.0	behav,3,-1,696	22	27696
111.7265625	0.0	oddball,16740,-1,713	23	28602
113.75	0.0	behav,0,-1,717	24	29120
119.0703125	0.0	behav,3,-1,738	25	30482
124.3671875	0.0	behav,3,-1,759	26	31838
129.80078125	0.0	behav,3,-1,780	27	33229
135.2578125	0.0	behav,3,-1,801	28	34626
135.7890625	0.0	oddball,16740,-1,803	29	34762
140.515625	0.0	behav,0,-1,822	30	35972
145.890625	0.0	behav,3,-1,843	31	37348
151.203125	0.0	behav,3,-1,864	32	38708
156.55078125	0.0	behav,3,-1,885	33	40077
161.875	0.0	behav,3,-1,906	34	41440
167.1875	0.0	behav,3,-1,927	35	42800
172.71875	0.0	behav,3,-1,948	36	44216
178.1875	0.0	behav,3,-1,969	37	45616
183.49609375	0.0	behav,3,-1,990	38	46975
188.82421875	0.0	behav,3,-1,1011	39	48339
194.1875	0.0	behav,3,-1,1032	40	49712
199.50390625	0.0	behav,3,-1,1053	41	51073
201.8671875	0.0	oddball,16744,-1,1064	42	51678
204.84375	0.0	behav,0,-1,1074	43	52440
210.375	0.0	behav,3,-1,1095	44	53856
215.671875	0.0	behav,3,-1,1116	45	55212
216.4296875	0.0	oddball,16746,-1,1119	46	55406
221.01171875	0.0	behav,0,-1,1137	47	56579
226.29296875	0.0	behav,3,-1,1158	48	57931
231.6796875	0.0	behav,3,-1,103	49	59310
237.12890625	0.0	behav,3,-1,124	50	60705
242.4609375	0.0	behav,3,-1,145	51	62070
247.765625	0.0	behav,3,-1,166	52	63428
253.1171875	0.0	behav,3,-1,187	53	64798
258.578125	0.0	behav,3,-1,208	54	66196
263.91015625	0.0	behav,3,-1,229	55	67561
269.2734375	0.0	behav,3,-1,250	56	68934
274.68359375	0.0	behav,3,-1,271	57	70319
280.0078125	0.0	behav,3,-1,292	58	71682
285.3984375	0.0	behav,3,-1,313	59	73062
290.76171875	0.0	behav,3,-1,334	60	74435
296.3203125	0.0	behav,3,-1,355	61	75858
301.90234375	0.0	behav,3,-1,376	62	77287
