onset	duration	trial_type	value	sample
0.953125	0.0	oddball,16742,-1,1	1	244
5.9140625	0.0	behav,0,-1,21	2	1514
6.46875	0.0	oddball,16740,-1,23	3	1656
11.26171875	0.0	behav,0,-1,42	4	2883
16.43359375	0.0	behav,3,-1,63	5	4207
21.77734375	0.0	behav,3,-1,84	6	5575
27.09765625	0.0	behav,3,-1,381	7	6937
32.4453125	0.0	behav,3,-1,402	8	8306
37.7734375	0.0	behav,3,-1,423	9	9670
41.9375	0.0	oddball,16745,-1,443	10	10736
43.3984375	0.0	behav,0,-1,444	11	11110
48.7109375	0.0	behav,3,-1,465	12	12470
54.01171875	0.0	behav,3,-1,486	13	13827
59.33203125	0.0	behav,3,-1,507	14	15189
64.765625	0.0	behav,3,-1,528	15	16580
70.12890625	0.0	behav,3,-1,549	16	17953
75.5234375	0.0	behav,3,-1,570	17	19334
80.83203125	0.0	behav,3,-1,591	18	20693
86.015625	0.0	behav,3,-1,612	19	22020
91.3828125	0.0	behav,3,-1,633	20	23394
96.703125	0.0	behav,3,-1,654	21	24756
102.0	0.0	behav,3,-1,675	22	26112
107.3203125	0.0	behav,3,-1,696	23	27474
112.60546875	0.0	behav,3,-1,717	24	28827
117.9765625	0.0	behav,3,-1,738	25	30202
119.9375	0.0	oddball,16740,-1,747	26	30704
123.2734375	0.0	behav,0,-1,759	27	31558
128.5703125	0.0	behav,3,-1,780	28	32914
133.71875	0.0	behav,3,-1,801	29	34232
139.0078125	0.0	behav,3,-1,822	30	35586
144.32421875	0.0	behav,3,-1,843	31	36947
149.6640625	0.0	behav,3,-1,864	32	38314
154.9609375	0.0	behav,3,-1,885	33	39670
160.2578125	0.0	behav,3,-1,906	34	41026
165.40625	0.0	behav,3,-1,927	35	42344
170.75	0.0	behav,3,-1,948	36	43712
176.0625	0.0	behav,3,-1,969	37	45072
181.4609375	0.0	behav,3,-1,990	38	46454
183.796875	0.0	oddball,16745,-1,1001	39	47052
186.6953125	0.0	behav,0,-1,1011	40	47794
192.0078125	0.0	behav,3,-1,1032	41	49154
194.15234375	0.0	oddball,16743,-1,1042	42	49703
197.20703125	0.0	behav,0,-1,1053	43	50485
202.49609375	0.0	behav,3,-1,1074	44	51839
207.77734375	0.0	behav,3,-1,1095	45	53191
213.1484375	0.0	behav,3,-1,1116	46	54566
218.45703125	0.0	behav,3,-1,1137	47	55925
223.765625	0.0	behav,3,-1,1158	48	57284
229.0546875	0.0	behav,3,-1,103	49	58638
234.33984375	0.0	behav,3,-1,124	50	59991
239.66015625	0.0	behav,3,-1,145	51	61353
244.96875	0.0	behav,3,-1,166	52	62712
250.25	0.0	behav,3,-1,187	53	64064
255.61328125	0.0	behav,3,-1,208	54	65437
260.9375	0.0	behav,3,-1,229	55	66800
266.28125	0.0	behav,3,-1,250	56	68168
272.08984375	0.0	behav,3,-1,271	57	69655
277.4296875	0.0	behav,3,-1,292	58	71022
282.7734375	0.0	behav,3,-1,313	59	72390
288.1875	0.0	behav,3,-1,334	60	73776
293.57421875	0.0	behav,3,-1,355	61	75155
298.87890625	0.0	behav,3,-1,376	62	76513
