onset	duration	trial_type	value	sample
6.03515625	0.0	behav,3,-1,21	1	1545
11.4765625	0.0	behav,3,-1,42	2	2938
16.90625	0.0	behav,3,-1,63	3	4328
22.296875	0.0	behav,3,-1,84	4	5708
24.06640625	0.0	oddball,16744,-1,92	5	6161
27.765625	0.0	behav,0,-1,381	6	7108
33.1953125	0.0	behav,3,-1,402	7	8498
38.5	0.0	behav,3,-1,423	8	9856
43.8125	0.0	behav,3,-1,444	9	11216
49.16796875	0.0	behav,3,-1,465	10	12587
54.515625	0.0	behav,3,-1,486	11	13956
59.85546875	0.0	behav,3,-1,507	12	15323
65.296875	0.0	behav,3,-1,528	13	16716
70.671875	0.0	behav,3,-1,549	14	18092
76.1328125	0.0	behav,3,-1,570	15	19490
81.5703125	0.0	behav,3,-1,591	16	20882
83.7265625	0.0	oddball,16740,-1,601	17	21434
86.9921875	0.0	behav,0,-1,612	18	22270
92.390625	0.0	behav,3,-1,633	19	23652
96.6796875	0.0	oddball,16743,-1,653	20	24750
97.875	0.0	behav,0,-1,654	21	25056
103.390625	0.0	behav,3,-1,675	22	26468
108.6953125	0.0	behav,3,-1,696	23	27826
114.01171875	0.0	behav,3,-1,717	24	29187
119.3125	0.0	behav,3,-1,738	25	30544
124.74609375	0.0	behav,3,-1,759	26	31935
126.87890625	0.0	oddball,16742,-1,769	27	32481
130.046875	0.0	behav,0,-1,780	28	33292
135.4140625	0.0	behav,3,-1,801	29	34666
140.78125	0.0	behav,3,-1,822	30	36040
146.125	0.0	behav,3,-1,843	31	37408
151.5859375	0.0	behav,3,-1,864	32	38806
157.0546875	0.0	behav,3,-1,885	33	40206
162.43359375	0.0	behav,3,-1,906	34	41583
167.75390625	0.0	behav,3,-1,927	35	42945
173.69140625	0.0	behav,3,-1,948	36	44465
179.23046875	0.0	behav,3,-1,969	37	45883
184.609375	0.0	behav,3,-1,990	38	47260
190.05859375	0.0	behav,3,-1,1011	39	48655
195.609375	0.0	behav,3,-1,1032	40	50076
201.03125	0.0	behav,3,-1,1053	41	51464
206.53515625	0.0	behav,3,-1,1074	42	52873
211.91015625	0.0	behav,3,-1,1095	43	54249
217.31640625	0.0	behav,3,-1,1116	44	55633
220.8828125	0.0	oddball,16747,-1,1133	45	56546
222.9296875	0.0	behav,0,-1,1137	46	57070
228.2421875	0.0	behav,3,-1,1158	47	58430
233.703125	0.0	behav,3,-1,103	48	59828
239.16015625	0.0	behav,3,-1,124	49	61225
244.4921875	0.0	behav,3,-1,145	50	62590
250.125	0.0	behav,3,-1,166	51	64032
255.50390625	0.0	behav,3,-1,187	52	65409
260.9140625	0.0	behav,3,-1,208	53	66794
266.54296875	0.0	behav,3,-1,229	54	68235
267.50390625	0.0	oddball,16741,-1,233	55	68481
272.14453125	0.0	behav,0,-1,250	56	69669
277.51171875	0.0	behav,3,-1,271	57	71043
282.875	0.0	behav,3,-1,292	58	72416
288.29296875	0.0	behav,3,-1,313	59	73803
293.6484375	0.0	behav,3,-1,334	60	75174
298.94921875	0.0	behav,3,-1,355	61	76531
304.18359375	0.0	behav,3,-1,376	62	77871
