onset	duration	trial_type	value	sample
5.54296875	0.0	behav,3,-1,21	1	1419
10.875	0.0	behav,3,-1,42	2	2784
16.5703125	0.0	behav,3,-1,63	3	4242
19.515625	0.0	oddball,16741,-1,76	4	4996
22.1640625	0.0	behav,2,-1,84	5	5674
27.5234375	0.0	behav,3,-1,381	6	7046
33.01171875	0.0	behav,3,-1,402	7	8451
38.546875	0.0	behav,3,-1,423	8	9868
44.0390625	0.0	behav,3,-1,444	9	11274
49.53125	0.0	behav,3,-1,465	10	12680
55.01953125	0.0	behav,3,-1,486	11	14085
60.44140625	0.0	behav,3,-1,507	12	15473
65.86328125	0.0	behav,3,-1,528	13	16861
71.3515625	0.0	behav,3,-1,549	14	18266
76.88671875	0.0	behav,3,-1,570	15	19683
82.26953125	0.0	behav,3,-1,591	16	21061
87.796875	0.0	behav,3,-1,612	17	22476
89.234375	0.0	oddball,16747,-1,618	18	22844
93.109375	0.0	behav,2,-1,633	19	23836
98.5078125	0.0	behav,3,-1,654	20	25218
103.953125	0.0	behav,3,-1,675	21	26612
109.421875	0.0	behav,3,-1,696	22	28012
114.890625	0.0	behav,3,-1,717	23	29412
120.33984375	0.0	behav,3,-1,738	24	30807
125.8046875	0.0	behav,3,-1,759	25	32206
131.24609375	0.0	behav,3,-1,780	26	33599
136.6484375	0.0	behav,3,-1,801	27	34982
142.05078125	0.0	behav,3,-1,822	28	36365
147.5390625	0.0	behav,3,-1,843	29	37770
150.015625	0.0	oddball,16744,-1,854	30	38404
152.91796875	0.0	behav,2,-1,864	31	39147
158.3359375	0.0	behav,3,-1,885	32	40534
163.7578125	0.0	behav,3,-1,906	33	41922
169.38671875	0.0	behav,3,-1,927	34	43363
174.80859375	0.0	behav,3,-1,948	35	44751
180.37109375	0.0	behav,3,-1,969	36	46175
185.76953125	0.0	behav,3,-1,990	37	47557
189.10546875	0.0	oddball,16741,-1,1005	38	48411
191.14453125	0.0	behav,2,-1,1011	39	48933
196.5859375	0.0	behav,3,-1,1032	40	50326
202.078125	0.0	behav,3,-1,1053	41	51732
207.4765625	0.0	behav,3,-1,1074	42	53114
212.85546875	0.0	behav,3,-1,1095	43	54491
218.32421875	0.0	behav,3,-1,1116	44	55891
219.94921875	0.0	oddball,16745,-1,1123	45	56307
223.859375	0.0	behav,2,-1,1137	46	57308
229.328125	0.0	behav,3,-1,1158	47	58708
234.8828125	0.0	behav,3,-1,103	48	60130
240.34765625	0.0	behav,3,-1,124	49	61529
245.77734375	0.0	behav,3,-1,145	50	62919
249.96484375	0.0	oddball,16748,-1,164	51	63991
251.265625	0.0	behav,2,-1,166	52	64324
256.75390625	0.0	behav,3,-1,187	53	65729
262.22265625	0.0	behav,3,-1,208	54	67129
267.6875	0.0	behav,3,-1,229	55	68528
273.16015625	0.0	behav,3,-1,250	56	69929
278.6015625	0.0	behav,3,-1,271	57	71322
284.13671875	0.0	behav,3,-1,292	58	72739
289.67578125	0.0	behav,3,-1,313	59	74157
295.05078125	0.0	behav,3,-1,334	60	75533
300.47265625	0.0	behav,3,-1,355	61	76921
