onset	duration	trial_type	value	sample
5.76953125	0.0	behav,3,-1,21	1	1477
11.21484375	0.0	behav,3,-1,42	2	2871
16.66015625	0.0	behav,3,-1,63	3	4265
22.1015625	0.0	behav,3,-1,84	4	5658
27.48046875	0.0	behav,3,-1,381	5	7035
33.01953125	0.0	behav,3,-1,402	6	8453
38.4375	0.0	behav,3,-1,423	7	9840
39.41796875	0.0	oddball,16744,-1,427	8	10091
43.81640625	0.0	behav,2,-1,444	9	11217
49.3046875	0.0	behav,3,-1,465	10	12622
53.74609375	0.0	oddball,16744,-1,485	11	13759
54.74609375	0.0	behav,0,-1,486	12	14015
60.23828125	0.0	behav,3,-1,507	13	15421
65.73046875	0.0	behav,3,-1,528	14	16827
67.98046875	0.0	oddball,16744,-1,538	15	17403
71.12890625	0.0	behav,2,-1,549	16	18209
76.55859375	0.0	behav,3,-1,570	17	19599
82.01953125	0.0	behav,3,-1,591	18	20997
87.421875	0.0	behav,3,-1,612	19	22380
92.83984375	0.0	behav,3,-1,633	20	23767
98.2890625	0.0	behav,3,-1,654	21	25162
103.82421875	0.0	behav,3,-1,675	22	26579
109.2734375	0.0	behav,3,-1,696	23	27974
114.671875	0.0	behav,3,-1,717	24	29356
120.0	0.0	behav,3,-1,738	25	30720
125.421875	0.0	behav,3,-1,759	26	32108
130.8671875	0.0	behav,3,-1,780	27	33502
136.26953125	0.0	behav,3,-1,801	28	34885
141.8046875	0.0	behav,3,-1,822	29	36302
142.58984375	0.0	oddball,16742,-1,825	30	36503
147.359375	0.0	behav,2,-1,843	31	37724
152.83203125	0.0	behav,3,-1,864	32	39125
158.23046875	0.0	behav,3,-1,885	33	40507
164.01171875	0.0	behav,3,-1,906	34	41987
169.6171875	0.0	behav,3,-1,927	35	43422
172.3515625	0.0	oddball,16745,-1,939	36	44122
175.03515625	0.0	behav,2,-1,948	37	44809
180.4609375	0.0	behav,3,-1,969	38	46198
185.91015625	0.0	behav,3,-1,990	39	47593
191.578125	0.0	behav,3,-1,1011	40	49044
197.0	0.0	behav,3,-1,1032	41	50432
202.57421875	0.0	behav,3,-1,1053	42	51859
207.9765625	0.0	behav,3,-1,1074	43	53242
213.4453125	0.0	behav,3,-1,1095	44	54642
218.9140625	0.0	behav,3,-1,1116	45	56042
224.40234375	0.0	behav,3,-1,1137	46	57447
229.84375	0.0	behav,3,-1,1158	47	58840
235.49609375	0.0	behav,3,-1,103	48	60287
241.07421875	0.0	behav,3,-1,124	49	61715
246.609375	0.0	behav,3,-1,145	50	63132
252.0078125	0.0	behav,3,-1,166	51	64514
257.453125	0.0	behav,3,-1,187	52	65908
262.921875	0.0	behav,3,-1,208	53	67308
268.296875	0.0	behav,3,-1,229	54	68684
273.74609375	0.0	behav,3,-1,250	55	70079
279.16796875	0.0	behav,3,-1,271	56	71467
284.56640625	0.0	behav,3,-1,292	57	72849
289.9921875	0.0	behav,3,-1,313	58	74238
295.41796875	0.0	behav,3,-1,334	59	75627
300.83203125	0.0	behav,3,-1,355	60	77013
304.56640625	0.0	oddball,16747,-1,372	61	77969
