onset	duration	trial_type	value	sample
5.55859375	0.0	behav,3,-1,21	1	1423
11.07421875	0.0	behav,3,-1,42	2	2835
16.515625	0.0	behav,3,-1,63	3	4228
20.44921875	0.0	oddball,16747,-1,81	4	5235
21.9140625	0.0	behav,2,-1,84	5	5610
27.3359375	0.0	behav,3,-1,381	6	6998
29.20703125	0.0	oddball,16743,-1,389	7	7477
32.73828125	0.0	behav,2,-1,402	8	8381
38.18359375	0.0	behav,3,-1,423	9	9775
43.62890625	0.0	behav,3,-1,444	10	11169
49.00390625	0.0	behav,3,-1,465	11	12545
54.37890625	0.0	behav,3,-1,486	12	13921
59.82421875	0.0	behav,3,-1,507	13	15315
65.18359375	0.0	behav,3,-1,528	14	16687
70.5625	0.0	behav,3,-1,549	15	18064
75.9609375	0.0	behav,3,-1,570	16	19446
81.4296875	0.0	behav,3,-1,591	17	20846
86.91796875	0.0	behav,3,-1,612	18	22251
92.51953125	0.0	behav,3,-1,633	19	23685
93.2890625	0.0	oddball,16748,-1,636	20	23882
98.01171875	0.0	behav,2,-1,654	21	25091
103.390625	0.0	behav,3,-1,675	22	26468
108.8359375	0.0	behav,3,-1,696	23	27862
114.34765625	0.0	behav,3,-1,717	24	29273
119.76953125	0.0	behav,3,-1,738	25	30661
125.3046875	0.0	behav,3,-1,759	26	32078
130.74609375	0.0	behav,3,-1,780	27	33471
136.1953125	0.0	behav,3,-1,801	28	34866
141.6171875	0.0	behav,3,-1,822	29	36254
147.0390625	0.0	behav,3,-1,843	30	37642
152.5078125	0.0	behav,3,-1,864	31	39042
154.5859375	0.0	oddball,16741,-1,873	32	39574
157.92578125	0.0	behav,2,-1,885	33	40429
163.39453125	0.0	behav,3,-1,906	34	41829
165.66015625	0.0	oddball,16743,-1,916	35	42409
168.8203125	0.0	behav,2,-1,927	36	43218
174.1953125	0.0	behav,3,-1,948	37	44594
179.59375	0.0	behav,3,-1,969	38	45976
184.97265625	0.0	behav,3,-1,990	39	47353
190.41796875	0.0	behav,3,-1,1011	40	48747
195.7734375	0.0	behav,3,-1,1032	41	50118
201.171875	0.0	behav,3,-1,1053	42	51500
206.59765625	0.0	behav,3,-1,1074	43	52889
212.01953125	0.0	behav,3,-1,1095	44	54277
215.12890625	0.0	oddball,16740,-1,1109	45	55073
217.39453125	0.0	behav,2,-1,1116	46	55653
223.1171875	0.0	behav,3,-1,1137	47	57118
228.59765625	0.0	behav,3,-1,1158	48	58521
234.0	0.0	behav,3,-1,103	49	59904
239.3984375	0.0	behav,3,-1,124	50	61286
244.890625	0.0	behav,3,-1,145	51	62692
250.3359375	0.0	behav,3,-1,166	52	64086
255.71484375	0.0	behav,3,-1,187	53	65463
261.16015625	0.0	behav,3,-1,208	54	66857
266.6015625	0.0	behav,3,-1,229	55	68250
272.0234375	0.0	behav,3,-1,250	56	69638
277.44921875	0.0	behav,3,-1,271	57	71027
282.87109375	0.0	behav,3,-1,292	58	72415
288.2734375	0.0	behav,3,-1,313	59	73798
293.69921875	0.0	behav,3,-1,334	60	75187
299.29296875	0.0	behav,3,-1,355	61	76619
