onset	duration	trial_type	value	sample
5.5390625	0.0	behav,3,-1,21	1	1418
10.89453125	0.0	behav,3,-1,42	2	2789
16.25390625	0.0	behav,3,-1,63	3	4161
18.7109375	0.0	oddball,16746,-1,74	4	4790
21.5859375	0.0	behav,2,-1,84	5	5526
26.9609375	0.0	behav,3,-1,381	6	6902
32.359375	0.0	behav,3,-1,402	7	8284
37.7421875	0.0	behav,3,-1,423	8	9662
43.046875	0.0	behav,3,-1,444	9	11020
48.36328125	0.0	behav,3,-1,465	10	12381
53.73046875	0.0	behav,3,-1,486	11	13755
59.19921875	0.0	behav,3,-1,507	12	15155
64.578125	0.0	behav,3,-1,528	13	16532
69.9140625	0.0	behav,3,-1,549	14	17898
75.26953125	0.0	behav,3,-1,570	15	19269
80.6015625	0.0	behav,3,-1,591	16	20634
86.0703125	0.0	behav,3,-1,612	17	22034
91.53515625	0.0	behav,3,-1,633	18	23433
96.95703125	0.0	behav,3,-1,654	19	24821
102.2890625	0.0	behav,3,-1,675	20	26186
107.6953125	0.0	behav,3,-1,696	21	27570
111.23828125	0.0	oddball,16745,-1,712	22	28477
113.046875	0.0	behav,3,-1,717	23	28940
118.4921875	0.0	behav,3,-1,738	24	30334
122.03515625	0.0	oddball,16740,-1,754	25	31241
123.8203125	0.0	behav,2,-1,759	26	31698
129.1796875	0.0	behav,3,-1,780	27	33070
134.53515625	0.0	behav,3,-1,801	28	34441
139.86328125	0.0	behav,3,-1,822	29	35805
145.26953125	0.0	behav,3,-1,843	30	37189
150.6640625	0.0	behav,3,-1,864	31	38570
156.02734375	0.0	behav,3,-1,885	32	39943
161.3515625	0.0	behav,3,-1,906	33	41306
166.75390625	0.0	behav,3,-1,927	34	42689
172.0625	0.0	behav,3,-1,948	35	44048
177.3515625	0.0	behav,3,-1,969	36	45402
182.75	0.0	behav,3,-1,990	37	46784
188.0859375	0.0	behav,3,-1,1011	38	48150
193.48046875	0.0	behav,3,-1,1032	39	49531
194.25	0.0	oddball,16742,-1,1035	40	49728
198.76953125	0.0	behav,2,-1,1053	41	50885
204.19140625	0.0	behav,3,-1,1074	42	52273
207.66796875	0.0	oddball,16744,-1,1090	43	53163
209.50390625	0.0	behav,2,-1,1095	44	53633
214.86328125	0.0	behav,3,-1,1116	45	55005
220.328125	0.0	behav,3,-1,1137	46	56404
225.68359375	0.0	behav,3,-1,1158	47	57775
231.05859375	0.0	behav,3,-1,103	48	59151
236.70703125	0.0	behav,3,-1,124	49	60597
242.0390625	0.0	behav,3,-1,145	50	61962
247.48828125	0.0	behav,3,-1,166	51	63357
250.16015625	0.0	oddball,16744,-1,178	52	64041
252.86328125	0.0	behav,2,-1,187	53	64733
258.53515625	0.0	behav,3,-1,208	54	66185
263.86328125	0.0	behav,3,-1,229	55	67549
269.1953125	0.0	behav,3,-1,250	56	68914
274.48046875	0.0	behav,3,-1,271	57	70267
279.88671875	0.0	behav,3,-1,292	58	71651
285.33203125	0.0	behav,3,-1,313	59	73045
290.6640625	0.0	behav,3,-1,334	60	74410
296.0859375	0.0	behav,3,-1,355	61	75798
