onset	duration	trial_type	value	sample
5.42578125	0.0	behav,3,-1,21	1	1389
10.89453125	0.0	behav,3,-1,42	2	2789
16.3828125	0.0	behav,3,-1,63	3	4194
22.05078125	0.0	behav,3,-1,84	4	5645
27.36328125	0.0	behav,3,-1,381	5	7005
32.71484375	0.0	behav,3,-1,402	6	8375
38.09375	0.0	behav,3,-1,423	7	9752
43.4453125	0.0	behav,3,-1,444	8	11122
48.78125	0.0	behav,3,-1,465	9	12488
54.0859375	0.0	behav,3,-1,486	10	13846
59.421875	0.0	behav,3,-1,507	11	15212
64.80078125	0.0	behav,3,-1,528	12	16589
70.17578125	0.0	behav,3,-1,549	13	17965
75.5546875	0.0	behav,3,-1,570	14	19342
79.89453125	0.0	oddball,16743,-1,590	15	20453
80.93359375	0.0	behav,0,-1,591	16	20719
86.44921875	0.0	behav,3,-1,612	17	22131
91.796875	0.0	behav,3,-1,633	18	23500
97.15234375	0.0	behav,3,-1,654	19	24871
102.4453125	0.0	behav,3,-1,675	20	26226
107.796875	0.0	behav,3,-1,696	21	27596
113.203125	0.0	behav,3,-1,717	22	28980
118.484375	0.0	behav,3,-1,738	23	30332
123.859375	0.0	behav,3,-1,759	24	31708
129.12890625	0.0	behav,3,-1,780	25	33057
134.484375	0.0	behav,3,-1,801	26	34428
139.88671875	0.0	behav,3,-1,822	27	35811
145.21875	0.0	behav,3,-1,843	28	37176
150.6875	0.0	behav,3,-1,864	29	38576
151.68359375	0.0	oddball,16740,-1,868	30	38831
155.953125	0.0	behav,2,-1,885	31	39924
161.41796875	0.0	behav,3,-1,906	32	41323
166.859375	0.0	behav,3,-1,927	33	42716
170.83203125	0.0	oddball,16741,-1,945	34	43733
172.2578125	0.0	behav,2,-1,948	35	44098
175.3046875	0.0	oddball,16746,-1,962	36	44878
177.59375	0.0	behav,2,-1,969	37	45464
182.9453125	0.0	behav,3,-1,990	38	46834
188.3515625	0.0	behav,3,-1,1011	39	48218
193.6328125	0.0	behav,3,-1,1032	40	49570
199.01171875	0.0	behav,3,-1,1053	41	50947
204.30078125	0.0	behav,3,-1,1074	42	52301
209.67578125	0.0	behav,3,-1,1095	43	53677
215.01171875	0.0	behav,3,-1,1116	44	55043
216.61328125	0.0	oddball,16740,-1,1123	45	55453
220.38671875	0.0	behav,2,-1,1137	46	56419
225.81640625	0.0	behav,3,-1,1158	47	57809
231.078125	0.0	behav,3,-1,103	48	59156
236.40625	0.0	behav,3,-1,124	49	60520
241.7421875	0.0	behav,3,-1,145	50	61886
247.140625	0.0	behav,3,-1,166	51	63268
252.453125	0.0	behav,3,-1,187	52	64628
257.8515625	0.0	behav,3,-1,208	53	66010
263.16015625	0.0	behav,3,-1,229	54	67369
266.51171875	0.0	oddball,16747,-1,244	55	68227
268.6015625	0.0	behav,2,-1,250	56	68762
273.9609375	0.0	behav,3,-1,271	57	70134
279.51953125	0.0	behav,3,-1,292	58	71557
284.9453125	0.0	behav,3,-1,313	59	72946
290.30078125	0.0	behav,3,-1,334	60	74317
295.62890625	0.0	behav,3,-1,355	61	75681
