onset	duration	trial_type	value	sample
5.40625	0.0	behav,3,-1,21	1	1384
10.828125	0.0	behav,3,-1,42	2	2772
16.23046875	0.0	behav,3,-1,63	3	4155
21.6015625	0.0	behav,3,-1,84	4	5530
27.1171875	0.0	behav,3,-1,381	5	6942
32.51171875	0.0	behav,3,-1,402	6	8323
37.87109375	0.0	behav,3,-1,423	7	9695
43.26953125	0.0	behav,3,-1,444	8	11077
48.78125	0.0	behav,3,-1,465	9	12488
54.20703125	0.0	behav,3,-1,486	10	13877
59.5859375	0.0	behav,3,-1,507	11	15254
64.9609375	0.0	behav,3,-1,528	12	16630
70.296875	0.0	behav,3,-1,549	13	17996
75.65234375	0.0	behav,3,-1,570	14	19367
81.07421875	0.0	behav,3,-1,591	15	20755
86.5390625	0.0	behav,3,-1,612	16	22154
87.9296875	0.0	oddball,16747,-1,618	17	22510
91.82421875	0.0	behav,2,-1,633	18	23507
97.2265625	0.0	behav,3,-1,654	19	24890
102.8515625	0.0	behav,3,-1,675	20	26330
108.23046875	0.0	behav,3,-1,696	21	27707
113.65234375	0.0	behav,3,-1,717	22	29095
119.05078125	0.0	behav,3,-1,738	23	30477
124.42578125	0.0	behav,3,-1,759	24	31853
129.8046875	0.0	behav,3,-1,780	25	33230
135.18359375	0.0	behav,3,-1,801	26	34607
140.4921875	0.0	behav,3,-1,822	27	35966
145.89453125	0.0	behav,3,-1,843	28	37349
151.25390625	0.0	behav,3,-1,864	29	38721
156.671875	0.0	behav,3,-1,885	30	40108
162.06640625	0.0	behav,3,-1,906	31	41489
164.95703125	0.0	oddball,16741,-1,919	32	42229
167.421875	0.0	behav,2,-1,927	33	42860
172.8046875	0.0	behav,3,-1,948	34	44238
178.20703125	0.0	behav,3,-1,969	35	45621
183.5859375	0.0	behav,3,-1,990	36	46998
186.265625	0.0	oddball,16742,-1,1002	37	47684
189.0703125	0.0	behav,2,-1,1011	38	48402
194.5859375	0.0	behav,3,-1,1032	39	49814
199.9375	0.0	behav,3,-1,1053	40	51184
202.62890625	0.0	oddball,16747,-1,1065	41	51873
205.33984375	0.0	behav,2,-1,1074	42	52567
210.7421875	0.0	behav,3,-1,1095	43	53950
216.16015625	0.0	behav,3,-1,1116	44	55337
221.5390625	0.0	behav,3,-1,1137	45	56714
225.90625	0.0	oddball,16740,-1,1157	46	57832
226.94140625	0.0	behav,0,-1,1158	47	58097
228.8046875	0.0	oddball,16743,-1,1166	48	58574
232.296875	0.0	behav,2,-1,103	49	59468
237.7578125	0.0	behav,3,-1,124	50	60866
243.1171875	0.0	behav,3,-1,145	51	62238
248.72265625	0.0	behav,3,-1,166	52	63673
254.078125	0.0	behav,3,-1,187	53	65044
259.4765625	0.0	behav,3,-1,208	54	66426
264.8046875	0.0	behav,3,-1,229	55	67790
270.16015625	0.0	behav,3,-1,250	56	69161
275.60546875	0.0	behav,3,-1,271	57	70555
281.078125	0.0	behav,3,-1,292	58	71956
286.6796875	0.0	behav,3,-1,313	59	73390
292.14453125	0.0	behav,3,-1,334	60	74789
297.546875	0.0	behav,3,-1,355	61	76172
