onset	duration	trial_type	value	sample
5.6484375	0.0	behav,3,-1,21	1	1446
11.046875	0.0	behav,3,-1,42	2	2828
16.44921875	0.0	behav,3,-1,63	3	4211
21.94140625	0.0	behav,3,-1,84	4	5617
27.26953125	0.0	behav,3,-1,381	5	6981
29.73046875	0.0	oddball,16741,-1,392	6	7611
32.60546875	0.0	behav,2,-1,402	7	8347
37.9609375	0.0	behav,3,-1,423	8	9718
43.25	0.0	behav,3,-1,444	9	11072
48.5625	0.0	behav,3,-1,465	10	12432
53.98046875	0.0	behav,3,-1,486	11	13819
59.35546875	0.0	behav,3,-1,507	12	15195
64.6875	0.0	behav,3,-1,528	13	16560
70.06640625	0.0	behav,3,-1,549	14	17937
75.44921875	0.0	behav,3,-1,570	15	19315
81.1171875	0.0	behav,3,-1,591	16	20766
86.5390625	0.0	behav,3,-1,612	17	22154
91.98046875	0.0	behav,3,-1,633	18	23547
97.42578125	0.0	behav,3,-1,654	19	24941
101.65234375	0.0	oddball,16740,-1,673	20	26023
102.890625	0.0	behav,2,-1,675	21	26340
108.40625	0.0	behav,3,-1,696	22	27752
113.80859375	0.0	behav,3,-1,717	23	29135
119.16796875	0.0	behav,3,-1,738	24	30507
124.4921875	0.0	behav,3,-1,759	25	31870
130.09765625	0.0	behav,3,-1,780	26	33305
135.49609375	0.0	behav,3,-1,801	27	34687
140.91796875	0.0	behav,3,-1,822	28	36075
146.34375	0.0	behav,3,-1,843	29	37464
151.79296875	0.0	behav,3,-1,864	30	38859
157.30078125	0.0	behav,3,-1,885	31	40269
162.74609375	0.0	behav,3,-1,906	32	41663
168.19140625	0.0	behav,3,-1,927	33	43057
173.609375	0.0	behav,3,-1,948	34	44444
179.015625	0.0	behav,3,-1,969	35	45828
179.796875	0.0	oddball,16740,-1,972	36	46028
184.38671875	0.0	behav,2,-1,990	37	47203
185.40234375	0.0	oddball,16743,-1,994	38	47463
189.859375	0.0	behav,2,-1,1011	39	48604
195.23046875	0.0	behav,3,-1,1032	40	49979
200.67578125	0.0	behav,3,-1,1053	41	51373
206.10546875	0.0	behav,3,-1,1074	42	52763
211.48046875	0.0	behav,3,-1,1095	43	54139
216.90234375	0.0	behav,3,-1,1116	44	55527
222.32421875	0.0	behav,3,-1,1137	45	56915
227.7265625	0.0	behav,3,-1,1158	46	58298
233.16796875	0.0	behav,3,-1,103	47	59691
238.6171875	0.0	behav,3,-1,124	48	61086
244.0390625	0.0	behav,3,-1,145	49	62474
249.484375	0.0	behav,3,-1,166	50	63868
254.99609375	0.0	behav,3,-1,187	51	65279
260.33203125	0.0	behav,3,-1,208	52	66645
265.76953125	0.0	behav,3,-1,229	53	68037
268.015625	0.0	oddball,16742,-1,239	54	68612
271.08203125	0.0	behav,2,-1,250	55	69397
273.5234375	0.0	oddball,16747,-1,261	56	70022
276.57421875	0.0	behav,2,-1,271	57	70803
282.08984375	0.0	behav,3,-1,292	58	72215
287.41796875	0.0	behav,3,-1,313	59	73579
292.83984375	0.0	behav,3,-1,334	60	74967
298.19921875	0.0	behav,3,-1,355	61	76339
