onset	duration	trial_type	value	sample
5.84375	0.0	behav,3,-1,21	1	1496
11.31640625	0.0	behav,3,-1,42	2	2897
16.4609375	0.0	behav,3,-1,63	3	4214
21.91015625	0.0	behav,3,-1,84	4	5609
26.06640625	0.0	oddball,0,-1,380	5	6673
27.34375	0.0	behav,1,-1,381	6	7000
32.59375	0.0	behav,3,-1,402	7	8344
37.74609375	0.0	behav,3,-1,423	8	9663
43.0	0.0	behav,3,-1,444	9	11008
45.55859375	0.0	oddball,0,-1,456	10	11663
48.24609375	0.0	behav,0,-1,465	11	12351
53.41015625	0.0	behav,3,-1,486	12	13673
58.65625	0.0	behav,3,-1,507	13	15016
63.875	0.0	behav,3,-1,528	14	16352
69.21484375	0.0	behav,3,-1,549	15	17719
74.39453125	0.0	behav,3,-1,570	16	19045
78.140625	0.0	oddball,0,-1,588	17	20004
79.5	0.0	behav,0,-1,591	18	20352
84.625	0.0	behav,3,-1,612	19	21664
89.8046875	0.0	behav,3,-1,633	20	22990
94.96484375	0.0	behav,3,-1,654	21	24311
95.3203125	0.0	oddball,0,-1,655	22	24402
100.21484375	0.0	behav,0,-1,675	23	25655
105.4140625	0.0	behav,3,-1,696	24	26986
110.70703125	0.0	behav,3,-1,717	25	28341
116.015625	0.0	behav,3,-1,738	26	29700
121.35546875	0.0	behav,3,-1,759	27	31067
126.7421875	0.0	behav,3,-1,780	28	32446
131.8828125	0.0	behav,3,-1,801	29	33762
133.2421875	0.0	oddball,0,-1,807	30	34110
137.2109375	0.0	behav,0,-1,822	31	35126
142.609375	0.0	behav,3,-1,843	32	36508
147.78515625	0.0	behav,3,-1,864	33	37833
152.95703125	0.0	behav,3,-1,885	34	39157
153.31640625	0.0	oddball,0,-1,886	35	39249
158.12890625	0.0	behav,0,-1,906	36	40481
163.33984375	0.0	behav,3,-1,927	37	41815
168.54296875	0.0	behav,3,-1,948	38	43147
173.90625	0.0	behav,3,-1,969	39	44520
179.1796875	0.0	behav,3,-1,990	40	45870
184.59375	0.0	behav,3,-1,1011	41	47256
190.28515625	0.0	behav,3,-1,1032	42	48713
195.671875	0.0	behav,3,-1,1053	43	50092
200.8515625	0.0	behav,3,-1,1074	44	51418
206.05078125	0.0	behav,3,-1,1095	45	52749
211.32421875	0.0	behav,3,-1,1116	46	54099
216.8515625	0.0	behav,3,-1,1137	47	55514
222.44921875	0.0	behav,3,-1,1158	48	56947
227.6171875	0.0	behav,3,-1,103	49	58270
232.7734375	0.0	behav,3,-1,124	50	59590
237.9921875	0.0	behav,3,-1,145	51	60926
243.1484375	0.0	behav,3,-1,166	52	62246
248.35546875	0.0	behav,3,-1,187	53	63579
253.921875	0.0	behav,3,-1,208	54	65004
259.0546875	0.0	behav,3,-1,229	55	66318
264.20703125	0.0	behav,3,-1,250	56	67637
269.3671875	0.0	behav,3,-1,271	57	68958
275.15234375	0.0	behav,3,-1,292	58	70439
280.29296875	0.0	behav,3,-1,313	59	71755
285.484375	0.0	behav,3,-1,334	60	73084
290.74609375	0.0	behav,3,-1,355	61	74431
295.9140625	0.0	behav,3,-1,376	62	75754
