onset	duration	trial_type	value	sample
5.3125	0.0	behav,3,-1,21	1	1360
10.51953125	0.0	behav,3,-1,42	2	2693
15.65625	0.0	behav,3,-1,63	3	4008
20.8125	0.0	behav,3,-1,84	4	5328
26.01171875	0.0	behav,3,-1,381	5	6659
31.18359375	0.0	behav,3,-1,402	6	7983
36.3515625	0.0	behav,3,-1,423	7	9306
41.5390625	0.0	behav,3,-1,444	8	10634
46.9140625	0.0	behav,3,-1,465	9	12010
52.0625	0.0	behav,3,-1,486	10	13328
57.25	0.0	behav,3,-1,507	11	14656
62.40234375	0.0	behav,3,-1,528	12	15975
67.65625	0.0	behav,3,-1,549	13	17320
72.80078125	0.0	behav,3,-1,570	14	18637
78.1953125	0.0	behav,3,-1,591	15	20018
83.3515625	0.0	behav,3,-1,612	16	21338
88.53515625	0.0	behav,3,-1,633	17	22665
92.2890625	0.0	oddball,0,-1,651	18	23626
93.8046875	0.0	behav,0,-1,654	19	24014
99.0	0.0	behav,3,-1,675	20	25344
104.20703125	0.0	behav,3,-1,696	21	26677
109.39453125	0.0	behav,3,-1,717	22	28005
114.578125	0.0	behav,3,-1,738	23	29332
120.04296875	0.0	behav,3,-1,759	24	30731
125.234375	0.0	behav,3,-1,780	25	32060
130.62890625	0.0	behav,3,-1,801	26	33441
135.84375	0.0	behav,3,-1,822	27	34776
140.00390625	0.0	oddball,0,-1,842	28	35841
141.04296875	0.0	behav,0,-1,843	29	36107
146.28125	0.0	behav,3,-1,864	30	37448
151.49609375	0.0	behav,3,-1,885	31	38783
156.65625	0.0	behav,3,-1,906	32	40104
161.8984375	0.0	behav,3,-1,927	33	41446
167.08203125	0.0	behav,3,-1,948	34	42773
171.05078125	0.0	oddball,0,-1,967	35	43789
172.23828125	0.0	behav,0,-1,969	36	44093
177.44140625	0.0	behav,3,-1,990	37	45425
182.6796875	0.0	behav,3,-1,1011	38	46766
187.8984375	0.0	behav,3,-1,1032	39	48102
191.4375	0.0	oddball,0,-1,1049	40	49008
193.078125	0.0	behav,0,-1,1053	41	49428
198.23828125	0.0	behav,3,-1,1074	42	50749
203.41015625	0.0	behav,3,-1,1095	43	52073
208.6171875	0.0	behav,3,-1,1116	44	53406
213.7578125	0.0	behav,3,-1,1137	45	54722
218.8984375	0.0	behav,3,-1,1158	46	56038
224.3046875	0.0	behav,3,-1,103	47	57422
229.69140625	0.0	behav,3,-1,124	48	58801
234.84375	0.0	behav,3,-1,145	49	60120
240.05859375	0.0	behav,3,-1,166	50	61455
245.34765625	0.0	behav,3,-1,187	51	62809
250.61328125	0.0	behav,3,-1,208	52	64157
255.8125	0.0	behav,3,-1,229	53	65488
256.95703125	0.0	oddball,0,-1,234	54	65781
261.15625	0.0	behav,0,-1,250	55	66856
266.39453125	0.0	behav,3,-1,271	56	68197
271.54296875	0.0	behav,3,-1,292	57	69515
276.7265625	0.0	behav,3,-1,313	58	70842
282.07421875	0.0	behav,3,-1,334	59	72211
287.27734375	0.0	behav,3,-1,355	60	73543
288.63671875	0.0	oddball,0,-1,361	61	73891
292.43359375	0.0	behav,0,-1,376	62	74863
