onset	duration	trial_type	value	sample
5.35546875	0.0	behav,3,-1,21	1	1371
10.54296875	0.0	behav,3,-1,42	2	2699
11.09375	0.0	oddball,0,-1,44	3	2840
15.74609375	0.0	behav,0,-1,63	4	4031
20.921875	0.0	behav,3,-1,84	5	5356
26.1171875	0.0	behav,3,-1,381	6	6686
31.26171875	0.0	behav,3,-1,402	7	8003
36.4140625	0.0	behav,3,-1,423	8	9322
41.5390625	0.0	behav,3,-1,444	9	10634
46.79296875	0.0	behav,3,-1,465	10	11979
51.98828125	0.0	behav,3,-1,486	11	13309
57.21875	0.0	behav,3,-1,507	12	14648
62.43359375	0.0	behav,3,-1,528	13	15983
65.78125	0.0	oddball,0,-1,544	14	16840
67.57421875	0.0	behav,0,-1,549	15	17299
72.71875	0.0	behav,3,-1,570	16	18616
77.9375	0.0	behav,3,-1,591	17	19952
81.48046875	0.0	oddball,0,-1,608	18	20859
83.1328125	0.0	behav,0,-1,612	19	21282
88.3671875	0.0	behav,3,-1,633	20	22622
93.53515625	0.0	behav,3,-1,654	21	23945
98.77734375	0.0	behav,3,-1,675	22	25287
103.95703125	0.0	behav,3,-1,696	23	26613
109.37890625	0.0	behav,3,-1,717	24	28001
114.6015625	0.0	behav,3,-1,738	25	29338
119.82421875	0.0	behav,3,-1,759	26	30675
125.078125	0.0	behav,3,-1,780	27	32020
130.44140625	0.0	behav,3,-1,801	28	33393
135.61328125	0.0	behav,3,-1,822	29	34717
140.7421875	0.0	behav,3,-1,843	30	36030
145.90234375	0.0	behav,3,-1,864	31	37351
151.10546875	0.0	behav,3,-1,885	32	38683
156.328125	0.0	behav,3,-1,906	33	40020
158.0859375	0.0	oddball,0,-1,914	34	40470
161.765625	0.0	behav,0,-1,927	35	41412
166.93359375	0.0	behav,3,-1,948	36	42735
172.12890625	0.0	behav,3,-1,969	37	44065
177.27734375	0.0	behav,3,-1,990	38	45383
182.41796875	0.0	behav,3,-1,1011	39	46699
187.55078125	0.0	behav,3,-1,1032	40	48013
192.734375	0.0	behav,3,-1,1053	41	49340
197.87890625	0.0	behav,3,-1,1074	42	50657
203.09375	0.0	behav,3,-1,1095	43	51992
208.234375	0.0	behav,3,-1,1116	44	53308
213.5234375	0.0	behav,3,-1,1137	45	54662
218.671875	0.0	behav,3,-1,1158	46	55980
223.83984375	0.0	behav,3,-1,103	47	57303
229.0078125	0.0	behav,3,-1,124	48	58626
234.16796875	0.0	behav,3,-1,145	49	59947
239.33203125	0.0	behav,3,-1,166	50	61269
244.46484375	0.0	behav,3,-1,187	51	62583
249.7109375	0.0	behav,3,-1,208	52	63926
254.890625	0.0	behav,3,-1,229	53	65252
260.04296875	0.0	behav,3,-1,250	54	66571
265.25390625	0.0	behav,3,-1,271	55	67905
270.40625	0.0	behav,3,-1,292	56	69224
275.8671875	0.0	behav,3,-1,313	57	70622
277.0078125	0.0	oddball,0,-1,318	58	70914
281.2109375	0.0	behav,0,-1,334	59	71990
286.40625	0.0	behav,3,-1,355	60	73320
288.76953125	0.0	oddball,0,-1,366	61	73925
291.78125	0.0	behav,1,-1,376	62	74696
