onset	duration	trial_type	value	sample
5.23046875	0.0	behav,3,-1,21	1	1339
10.6171875	0.0	behav,3,-1,42	2	2718
15.859375	0.0	behav,3,-1,63	3	4060
21.0703125	0.0	behav,3,-1,84	4	5394
26.25	0.0	behav,3,-1,381	5	6720
31.48828125	0.0	behav,3,-1,402	6	8061
36.734375	0.0	behav,3,-1,423	7	9404
41.9375	0.0	behav,3,-1,444	8	10736
47.22265625	0.0	behav,3,-1,465	9	12089
52.46484375	0.0	behav,3,-1,486	10	13431
57.5859375	0.0	behav,3,-1,507	11	14742
62.81640625	0.0	behav,3,-1,528	12	16081
63.96875	0.0	oddball,0,-1,533	13	16376
68.09765625	0.0	behav,0,-1,549	14	17433
73.53515625	0.0	behav,3,-1,570	15	18825
78.67578125	0.0	behav,3,-1,591	16	20141
83.828125	0.0	behav,3,-1,612	17	21460
86.97265625	0.0	oddball,0,-1,627	18	22265
89.140625	0.0	behav,0,-1,633	19	22820
94.26171875	0.0	behav,3,-1,654	20	24131
99.4140625	0.0	behav,3,-1,675	21	25450
104.5703125	0.0	behav,3,-1,696	22	26770
109.796875	0.0	behav,3,-1,717	23	28108
114.9296875	0.0	behav,3,-1,738	24	29422
117.671875	0.0	oddball,0,-1,751	25	30124
120.0703125	0.0	behav,0,-1,759	26	30738
125.26953125	0.0	behav,3,-1,780	27	32069
130.46875	0.0	behav,3,-1,801	28	33400
135.60546875	0.0	behav,3,-1,822	29	34715
140.84375	0.0	behav,3,-1,843	30	36056
143.81640625	0.0	oddball,0,-1,857	31	36817
146.0859375	0.0	behav,0,-1,864	32	37398
151.265625	0.0	behav,3,-1,885	33	38724
156.5546875	0.0	behav,3,-1,906	34	40078
161.80078125	0.0	behav,3,-1,927	35	41421
167.1015625	0.0	behav,3,-1,948	36	42778
172.31640625	0.0	behav,3,-1,969	37	44113
177.52734375	0.0	behav,3,-1,990	38	45447
179.484375	0.0	oddball,0,-1,999	39	45948
182.73046875	0.0	behav,0,-1,1011	40	46779
187.84375	0.0	behav,3,-1,1032	41	48088
193.19140625	0.0	behav,3,-1,1053	42	49457
198.375	0.0	behav,3,-1,1074	43	50784
203.75390625	0.0	behav,3,-1,1095	44	52161
209.1875	0.0	behav,3,-1,1116	45	53552
214.38671875	0.0	behav,3,-1,1137	46	54883
219.58203125	0.0	behav,3,-1,1158	47	56213
224.9296875	0.0	behav,3,-1,103	48	57582
230.15234375	0.0	behav,3,-1,124	49	58919
235.27734375	0.0	behav,3,-1,145	50	60231
238.82421875	0.0	oddball,0,-1,162	51	61139
240.515625	0.0	behav,0,-1,166	52	61572
245.875	0.0	behav,3,-1,187	53	62944
251.0625	0.0	behav,3,-1,208	54	64272
256.25	0.0	behav,3,-1,229	55	65600
261.390625	0.0	behav,3,-1,250	56	66916
266.65625	0.0	behav,3,-1,271	57	68264
271.88671875	0.0	behav,3,-1,292	58	69603
277.05078125	0.0	behav,3,-1,313	59	70925
282.20703125	0.0	behav,3,-1,334	60	72245
287.40625	0.0	behav,3,-1,355	61	73576
292.5625	0.0	behav,3,-1,376	62	74896
