onset	duration	trial_type	value	sample
5.2578125	0.0	behav,3,-1,21	1	1346
10.4296875	0.0	behav,3,-1,42	2	2670
15.625	0.0	behav,3,-1,63	3	4000
20.82421875	0.0	behav,3,-1,84	4	5331
26.05078125	0.0	behav,3,-1,381	5	6669
31.2578125	0.0	behav,3,-1,402	6	8002
36.4375	0.0	behav,3,-1,423	7	9328
41.5703125	0.0	behav,3,-1,444	8	10642
46.69921875	0.0	behav,3,-1,465	9	11955
50.47265625	0.0	oddball,0,-1,483	10	12921
51.859375	0.0	behav,0,-1,486	11	13276
57.046875	0.0	behav,3,-1,507	12	14604
61.2109375	0.0	oddball,0,-1,527	13	15670
62.24609375	0.0	behav,0,-1,528	14	15935
67.4765625	0.0	behav,3,-1,549	15	17274
72.64453125	0.0	behav,3,-1,570	16	18597
77.875	0.0	behav,3,-1,591	17	19936
83.0859375	0.0	behav,3,-1,612	18	21270
88.2890625	0.0	behav,3,-1,633	19	22602
93.61328125	0.0	behav,3,-1,654	20	23965
98.96875	0.0	behav,3,-1,675	21	25336
102.3203125	0.0	oddball,0,-1,691	22	26194
104.09375	0.0	behav,0,-1,696	23	26648
109.3125	0.0	behav,3,-1,717	24	27984
114.46484375	0.0	behav,3,-1,738	25	29303
119.9140625	0.0	behav,3,-1,759	26	30698
125.04296875	0.0	behav,3,-1,780	27	32011
130.21875	0.0	behav,3,-1,801	28	33336
135.42578125	0.0	behav,3,-1,822	29	34669
140.640625	0.0	behav,3,-1,843	30	36004
141.17578125	0.0	oddball,0,-1,845	31	36141
145.8125	0.0	behav,0,-1,864	32	37328
150.97265625	0.0	behav,3,-1,885	33	38649
152.3203125	0.0	oddball,0,-1,891	34	38994
156.203125	0.0	behav,0,-1,906	35	39988
161.5703125	0.0	behav,3,-1,927	36	41362
166.82421875	0.0	behav,3,-1,948	37	42707
171.9921875	0.0	behav,3,-1,969	38	44030
177.29296875	0.0	behav,3,-1,990	39	45387
182.53125	0.0	behav,3,-1,1011	40	46728
187.703125	0.0	behav,3,-1,1032	41	48052
192.96484375	0.0	behav,3,-1,1053	42	49399
198.1640625	0.0	behav,3,-1,1074	43	50730
203.3828125	0.0	behav,3,-1,1095	44	52066
208.515625	0.0	behav,3,-1,1116	45	53380
213.6875	0.0	behav,3,-1,1137	46	54704
218.87109375	0.0	behav,3,-1,1158	47	56031
224.08984375	0.0	behav,3,-1,103	48	57367
229.265625	0.0	behav,3,-1,124	49	58692
234.546875	0.0	behav,3,-1,145	50	60044
239.77734375	0.0	behav,3,-1,166	51	61383
244.8984375	0.0	behav,3,-1,187	52	62694
250.13671875	0.0	behav,3,-1,208	53	64035
255.34375	0.0	behav,3,-1,229	54	65368
260.5234375	0.0	behav,3,-1,250	55	66694
265.76171875	0.0	behav,3,-1,271	56	68035
270.98046875	0.0	behav,3,-1,292	57	69371
276.1171875	0.0	behav,3,-1,313	58	70686
279.86328125	0.0	oddball,0,-1,331	59	71645
281.44921875	0.0	behav,0,-1,334	60	72051
286.6328125	0.0	behav,3,-1,355	61	73378
291.85546875	0.0	behav,3,-1,376	62	74715
