onset	duration	trial_type	value	sample
5.36328125	0.0	behav,3,-1,21	1	1373
10.58203125	0.0	behav,3,-1,42	2	2709
15.75390625	0.0	behav,3,-1,63	3	4033
20.8828125	0.0	behav,3,-1,84	4	5346
22.0234375	0.0	oddball,0,-1,89	5	5638
26.046875	0.0	behav,0,-1,381	6	6668
27.39453125	0.0	oddball,0,-1,387	7	7013
31.3671875	0.0	behav,0,-1,402	8	8030
36.63671875	0.0	behav,3,-1,423	9	9379
41.76953125	0.0	behav,3,-1,444	10	10693
47.0703125	0.0	behav,3,-1,465	11	12050
52.28125	0.0	behav,3,-1,486	12	13384
54.63671875	0.0	oddball,0,-1,497	13	13987
57.4453125	0.0	behav,0,-1,507	14	14706
62.68359375	0.0	behav,3,-1,528	15	16047
67.87109375	0.0	behav,3,-1,549	16	17375
73.0546875	0.0	behav,3,-1,570	17	18702
78.23046875	0.0	behav,3,-1,591	18	20027
78.78125	0.0	oddball,0,-1,593	19	20168
83.33984375	0.0	behav,0,-1,612	20	21335
88.48828125	0.0	behav,3,-1,633	21	22653
93.80078125	0.0	behav,3,-1,654	22	24013
99.09375	0.0	behav,3,-1,675	23	25368
104.4921875	0.0	behav,3,-1,696	24	26750
105.44140625	0.0	oddball,0,-1,700	25	26993
109.68359375	0.0	behav,0,-1,717	26	28079
115.0	0.0	behav,3,-1,738	27	29440
120.203125	0.0	behav,3,-1,759	28	30772
125.37109375	0.0	behav,3,-1,780	29	32095
130.71875	0.0	behav,3,-1,801	30	33464
136.2265625	0.0	behav,3,-1,822	31	34874
141.89453125	0.0	behav,3,-1,843	32	36325
147.2265625	0.0	behav,3,-1,864	33	37690
152.4296875	0.0	behav,3,-1,885	34	39022
157.55078125	0.0	behav,3,-1,906	35	40333
162.73828125	0.0	behav,3,-1,927	36	41661
166.28125	0.0	oddball,0,-1,944	37	42568
168.00390625	0.0	behav,0,-1,948	38	43009
173.609375	0.0	behav,3,-1,969	39	44444
178.75390625	0.0	behav,3,-1,990	40	45761
183.90234375	0.0	behav,3,-1,1011	41	47079
189.0703125	0.0	behav,3,-1,1032	42	48402
194.30859375	0.0	behav,3,-1,1053	43	49743
199.80078125	0.0	behav,3,-1,1074	44	51149
205.15625	0.0	behav,3,-1,1095	45	52520
210.3046875	0.0	behav,3,-1,1116	46	53838
215.44921875	0.0	behav,3,-1,1137	47	55155
220.76953125	0.0	behav,3,-1,1158	48	56517
226.21875	0.0	behav,3,-1,103	49	57912
231.56640625	0.0	behav,3,-1,124	50	59281
236.859375	0.0	behav,3,-1,145	51	60636
242.66015625	0.0	behav,3,-1,166	52	62121
247.91796875	0.0	behav,3,-1,187	53	63467
253.05859375	0.0	behav,3,-1,208	54	64783
258.203125	0.0	behav,3,-1,229	55	66100
263.3046875	0.0	behav,3,-1,250	56	67406
268.44921875	0.0	behav,3,-1,271	57	68723
273.83984375	0.0	behav,3,-1,292	58	70103
279.25390625	0.0	behav,3,-1,313	59	71489
284.43359375	0.0	behav,3,-1,334	60	72815
289.59375	0.0	behav,3,-1,355	61	74136
294.83203125	0.0	behav,3,-1,376	62	75477
