onset	duration	trial_type	value	sample
5.2734375	0.0	behav,3,-1,21	1	1350
10.4140625	0.0	behav,3,-1,42	2	2666
15.63671875	0.0	behav,3,-1,63	3	4003
20.7890625	0.0	behav,3,-1,84	4	5322
26.11328125	0.0	behav,3,-1,381	5	6685
31.64453125	0.0	behav,3,-1,402	6	8101
36.87890625	0.0	behav,3,-1,423	7	9441
42.0546875	0.0	behav,3,-1,444	8	10766
44.203125	0.0	oddball,0,-1,454	9	11316
47.21875	0.0	behav,0,-1,465	10	12088
52.40625	0.0	behav,3,-1,486	11	13416
57.61328125	0.0	behav,3,-1,507	12	14749
62.8125	0.0	behav,3,-1,528	13	16080
68.0	0.0	behav,3,-1,549	14	17408
73.16015625	0.0	behav,3,-1,570	15	18729
78.7109375	0.0	behav,3,-1,591	16	20150
80.25390625	0.0	oddball,0,-1,598	17	20545
83.86328125	0.0	behav,0,-1,612	18	21469
89.03515625	0.0	behav,3,-1,633	19	22793
94.20703125	0.0	behav,3,-1,654	20	24117
99.4609375	0.0	behav,3,-1,675	21	25462
104.5859375	0.0	behav,3,-1,696	22	26774
109.953125	0.0	behav,3,-1,717	23	28148
115.12109375	0.0	behav,3,-1,738	24	29471
120.31640625	0.0	behav,3,-1,759	25	30801
123.6796875	0.0	oddball,0,-1,775	26	31662
125.515625	0.0	behav,0,-1,780	27	32132
130.71484375	0.0	behav,3,-1,801	28	33463
135.91015625	0.0	behav,3,-1,822	29	34793
141.09375	0.0	behav,3,-1,843	30	36120
146.30078125	0.0	behav,3,-1,864	31	37453
146.65625	0.0	oddball,0,-1,865	32	37544
151.5234375	0.0	behav,0,-1,885	33	38790
156.75	0.0	behav,3,-1,906	34	40128
160.09765625	0.0	oddball,0,-1,922	35	40985
161.890625	0.0	behav,0,-1,927	36	41444
167.0703125	0.0	behav,3,-1,948	37	42770
172.2265625	0.0	behav,3,-1,969	38	44090
177.37890625	0.0	behav,3,-1,990	39	45409
182.6484375	0.0	behav,3,-1,1011	40	46758
187.80078125	0.0	behav,3,-1,1032	41	48077
192.9296875	0.0	behav,3,-1,1053	42	49390
194.68359375	0.0	oddball,0,-1,1061	43	49839
198.40234375	0.0	behav,0,-1,1074	44	50791
203.5859375	0.0	behav,3,-1,1095	45	52118
208.7890625	0.0	behav,3,-1,1116	46	53450
213.9609375	0.0	behav,3,-1,1137	47	54774
219.11328125	0.0	behav,3,-1,1158	48	56093
224.33203125	0.0	behav,3,-1,103	49	57429
229.7734375	0.0	behav,3,-1,124	50	58822
234.93359375	0.0	behav,3,-1,145	51	60143
240.078125	0.0	behav,3,-1,166	52	61460
245.25	0.0	behav,3,-1,187	53	62784
250.49609375	0.0	behav,3,-1,208	54	64127
255.6640625	0.0	behav,3,-1,229	55	65450
261.0546875	0.0	behav,3,-1,250	56	66830
266.1953125	0.0	behav,3,-1,271	57	68146
271.515625	0.0	behav,3,-1,292	58	69508
276.875	0.0	behav,3,-1,313	59	70880
282.01171875	0.0	behav,3,-1,334	60	72195
287.1875	0.0	behav,3,-1,355	61	73520
292.40234375	0.0	behav,3,-1,376	62	74855
