onset	duration	trial_type	value	sample
1.01953125	0.0	oddball,0,-1,4	1	261
5.33984375	0.0	behav,0,-1,21	2	1367
10.77734375	0.0	behav,3,-1,42	3	2759
15.9375	0.0	behav,3,-1,63	4	4080
21.16796875	0.0	behav,3,-1,84	5	5419
26.38671875	0.0	behav,3,-1,381	6	6755
31.58203125	0.0	behav,3,-1,402	7	8085
36.78125	0.0	behav,3,-1,423	8	9416
41.98046875	0.0	behav,3,-1,444	9	10747
47.15234375	0.0	behav,3,-1,465	10	12071
52.3125	0.0	behav,3,-1,486	11	13392
57.51171875	0.0	behav,3,-1,507	12	14723
62.8125	0.0	behav,3,-1,528	13	16080
68.015625	0.0	behav,3,-1,549	14	17412
73.2734375	0.0	behav,3,-1,570	15	18758
78.50390625	0.0	behav,3,-1,591	16	20097
83.69921875	0.0	behav,3,-1,612	17	21427
88.99609375	0.0	behav,3,-1,633	18	22783
94.1796875	0.0	behav,3,-1,654	19	24110
99.34765625	0.0	behav,3,-1,675	20	25433
104.6171875	0.0	behav,3,-1,696	21	26782
109.8203125	0.0	behav,3,-1,717	22	28114
115.0625	0.0	behav,3,-1,738	23	29456
120.3046875	0.0	behav,3,-1,759	24	30798
125.5078125	0.0	behav,3,-1,780	25	32130
130.73828125	0.0	behav,3,-1,801	26	33469
133.69921875	0.0	oddball,0,-1,815	27	34227
136.12890625	0.0	behav,0,-1,822	28	34849
141.33984375	0.0	behav,3,-1,843	29	36183
142.4921875	0.0	oddball,0,-1,848	30	36478
146.4921875	0.0	behav,0,-1,864	31	37502
151.71484375	0.0	behav,3,-1,885	32	38839
156.8984375	0.0	behav,3,-1,906	33	40166
162.20703125	0.0	behav,3,-1,927	34	41525
167.40625	0.0	behav,3,-1,948	35	42856
172.62109375	0.0	behav,3,-1,969	36	44191
178.0234375	0.0	behav,3,-1,990	37	45574
183.12890625	0.0	behav,3,-1,1011	38	46881
188.35546875	0.0	behav,3,-1,1032	39	48219
193.5078125	0.0	behav,3,-1,1053	40	49538
195.66015625	0.0	oddball,0,-1,1063	41	50089
198.703125	0.0	behav,0,-1,1074	42	50868
203.8125	0.0	behav,3,-1,1095	43	52176
209.03515625	0.0	behav,3,-1,1116	44	53513
214.54296875	0.0	behav,3,-1,1137	45	54923
219.70703125	0.0	behav,3,-1,1158	46	56245
224.953125	0.0	behav,3,-1,103	47	57588
230.08984375	0.0	behav,3,-1,124	48	58903
231.23046875	0.0	oddball,0,-1,129	49	59195
235.234375	0.0	behav,0,-1,145	50	60220
240.4375	0.0	behav,3,-1,166	51	61552
244.59375	0.0	oddball,0,-1,186	52	62616
245.6484375	0.0	behav,0,-1,187	53	62886
250.83984375	0.0	behav,3,-1,208	54	64215
256.00390625	0.0	behav,3,-1,229	55	65537
261.1796875	0.0	behav,3,-1,250	56	66862
266.3671875	0.0	behav,3,-1,271	57	68190
271.94921875	0.0	behav,3,-1,292	58	69619
277.15234375	0.0	behav,3,-1,313	59	70951
282.41796875	0.0	behav,3,-1,334	60	72299
287.69140625	0.0	behav,3,-1,355	61	73649
292.9140625	0.0	behav,3,-1,376	62	74986
