onset	duration	trial_type	value	sample
5.29296875	0.0	behav,3,-1,21	1	1355
9.45703125	0.0	oddball,0,-1,41	2	2421
10.6953125	0.0	behav,0,-1,42	3	2738
16.125	0.0	behav,3,-1,63	4	4128
21.31640625	0.0	behav,3,-1,84	5	5457
26.52734375	0.0	behav,3,-1,381	6	6791
31.6953125	0.0	behav,3,-1,402	7	8114
36.9375	0.0	behav,3,-1,423	8	9456
42.1484375	0.0	behav,3,-1,444	9	10790
47.33984375	0.0	behav,3,-1,465	10	12119
52.6015625	0.0	behav,3,-1,486	11	13466
57.8046875	0.0	behav,3,-1,507	12	14798
63.05078125	0.0	behav,3,-1,528	13	16141
68.3125	0.0	behav,3,-1,549	14	17488
73.45703125	0.0	behav,3,-1,570	15	18805
78.65234375	0.0	behav,3,-1,591	16	20135
79.59375	0.0	oddball,0,-1,595	17	20376
83.8046875	0.0	behav,0,-1,612	18	21454
89.07421875	0.0	behav,3,-1,633	19	22803
94.328125	0.0	behav,3,-1,654	20	24148
99.62109375	0.0	behav,3,-1,675	21	25503
104.9921875	0.0	behav,3,-1,696	22	26878
110.13671875	0.0	behav,3,-1,717	23	28195
115.4921875	0.0	behav,3,-1,738	24	29566
120.73046875	0.0	behav,3,-1,759	25	30907
125.91015625	0.0	behav,3,-1,780	26	32233
131.05859375	0.0	behav,3,-1,801	27	33551
136.296875	0.0	behav,3,-1,822	28	34892
141.5234375	0.0	behav,3,-1,843	29	36230
142.69140625	0.0	oddball,0,-1,848	30	36529
146.6953125	0.0	behav,0,-1,864	31	37554
150.265625	0.0	oddball,0,-1,881	32	38468
151.90625	0.0	behav,0,-1,885	33	38888
157.203125	0.0	behav,3,-1,906	34	40244
162.4453125	0.0	behav,3,-1,927	35	41586
167.64453125	0.0	behav,3,-1,948	36	42917
172.85546875	0.0	behav,3,-1,969	37	44251
178.0390625	0.0	behav,3,-1,990	38	45578
183.1875	0.0	behav,3,-1,1011	39	46896
188.8515625	0.0	behav,3,-1,1032	40	48346
194.12890625	0.0	behav,3,-1,1053	41	49697
199.4921875	0.0	behav,3,-1,1074	42	51070
204.8359375	0.0	behav,3,-1,1095	43	52438
210.05859375	0.0	behav,3,-1,1116	44	53775
210.40625	0.0	oddball,0,-1,1117	45	53864
215.26171875	0.0	behav,0,-1,1137	46	55107
220.65625	0.0	behav,3,-1,1158	47	56488
225.96875	0.0	behav,3,-1,103	48	57848
231.375	0.0	behav,3,-1,124	49	59232
236.65234375	0.0	behav,3,-1,145	50	60583
237.0	0.0	oddball,0,-1,146	51	60672
241.8359375	0.0	behav,0,-1,166	52	61910
247.0234375	0.0	behav,3,-1,187	53	63238
252.1953125	0.0	behav,3,-1,208	54	64562
257.3984375	0.0	behav,3,-1,229	55	65894
262.57421875	0.0	behav,3,-1,250	56	67219
267.71875	0.0	behav,3,-1,271	57	68536
272.9375	0.0	behav,3,-1,292	58	69872
278.09375	0.0	behav,3,-1,313	59	71192
283.2578125	0.0	behav,3,-1,334	60	72514
288.421875	0.0	behav,3,-1,355	61	73836
293.7265625	0.0	behav,3,-1,376	62	75194
