onset	duration	trial_type	value	sample
5.37109375	0.0	behav,3,-1,21	1	1375
10.578125	0.0	behav,3,-1,42	2	2708
15.984375	0.0	behav,3,-1,63	3	4092
21.23046875	0.0	behav,3,-1,84	4	5435
26.49609375	0.0	behav,3,-1,381	5	6783
31.72265625	0.0	behav,3,-1,402	6	8121
33.07421875	0.0	oddball,0,-1,408	7	8467
36.93359375	0.0	behav,0,-1,423	8	9455
42.30859375	0.0	behav,3,-1,444	9	10831
47.51953125	0.0	behav,3,-1,465	10	12165
52.65625	0.0	behav,3,-1,486	11	13480
57.828125	0.0	behav,3,-1,507	12	14804
62.95703125	0.0	behav,3,-1,528	13	16117
68.12890625	0.0	behav,3,-1,549	14	17441
71.69921875	0.0	oddball,0,-1,566	15	18355
73.3125	0.0	behav,0,-1,570	16	18768
78.47265625	0.0	behav,3,-1,591	17	20089
83.60546875	0.0	behav,3,-1,612	18	21403
83.9453125	0.0	oddball,0,-1,613	19	21490
88.73828125	0.0	behav,0,-1,633	20	22717
93.92578125	0.0	behav,3,-1,654	21	24045
99.125	0.0	behav,3,-1,675	22	25376
104.390625	0.0	behav,3,-1,696	23	26724
109.56640625	0.0	behav,3,-1,717	24	28049
114.8984375	0.0	behav,3,-1,738	25	29414
120.26953125	0.0	behav,3,-1,759	26	30789
125.45703125	0.0	behav,3,-1,780	27	32117
130.6484375	0.0	behav,3,-1,801	28	33446
135.7890625	0.0	behav,3,-1,822	29	34762
141.12890625	0.0	behav,3,-1,843	30	36129
143.66796875	0.0	oddball,0,-1,855	31	36779
146.28125	0.0	behav,0,-1,864	32	37448
151.65234375	0.0	behav,3,-1,885	33	38823
156.8515625	0.0	behav,3,-1,906	34	40154
162.0703125	0.0	behav,3,-1,927	35	41490
167.265625	0.0	behav,3,-1,948	36	42820
172.46875	0.0	behav,3,-1,969	37	44152
177.6953125	0.0	behav,3,-1,990	38	45490
182.9453125	0.0	behav,3,-1,1011	39	46834
188.23828125	0.0	behav,3,-1,1032	40	48189
193.3984375	0.0	behav,3,-1,1053	41	49510
198.53125	0.0	behav,3,-1,1074	42	50824
203.7890625	0.0	behav,3,-1,1095	43	52170
208.921875	0.0	behav,3,-1,1116	44	53484
214.08203125	0.0	behav,3,-1,1137	45	54805
219.234375	0.0	behav,3,-1,1158	46	56124
224.625	0.0	behav,3,-1,103	47	57504
229.76171875	0.0	behav,3,-1,124	48	58819
234.94140625	0.0	behav,3,-1,145	49	60145
240.13671875	0.0	behav,3,-1,166	50	61475
245.3046875	0.0	behav,3,-1,187	51	62798
250.47265625	0.0	behav,3,-1,208	52	64121
255.61328125	0.0	behav,3,-1,229	53	65437
260.72265625	0.0	behav,3,-1,250	54	66745
264.47265625	0.0	oddball,0,-1,268	55	67705
265.98046875	0.0	behav,0,-1,271	56	68091
271.234375	0.0	behav,3,-1,292	57	69436
276.375	0.0	behav,3,-1,313	58	70752
281.6171875	0.0	behav,3,-1,334	59	72094
286.78125	0.0	behav,3,-1,355	60	73416
289.73046875	0.0	oddball,0,-1,369	61	74171
292.0	0.0	behav,0,-1,376	62	74752
