onset	duration	trial_type	value	sample
5.34375	0.0	behav,3,-1,21	1	1368
10.546875	0.0	behav,3,-1,42	2	2700
13.48828125	0.0	oddball,0,-1,56	3	3453
15.7109375	0.0	behav,0,-1,63	4	4022
20.83203125	0.0	behav,3,-1,84	5	5333
26.0703125	0.0	behav,3,-1,381	6	6674
31.23828125	0.0	behav,3,-1,402	7	7997
36.3671875	0.0	behav,3,-1,423	8	9310
41.53125	0.0	behav,3,-1,444	9	10632
46.70703125	0.0	behav,3,-1,465	10	11957
51.875	0.0	behav,3,-1,486	11	13280
57.25390625	0.0	behav,3,-1,507	12	14657
62.42578125	0.0	behav,3,-1,528	13	15981
67.63671875	0.0	behav,3,-1,549	14	17315
72.828125	0.0	behav,3,-1,570	15	18644
76.0	0.0	oddball,0,-1,585	16	19456
78.1015625	0.0	behav,0,-1,591	17	19994
83.25	0.0	behav,3,-1,612	18	21312
88.5703125	0.0	behav,3,-1,633	19	22674
93.8828125	0.0	behav,3,-1,654	20	24034
99.25	0.0	behav,3,-1,675	21	25408
104.36328125	0.0	behav,3,-1,696	22	26717
109.53125	0.0	behav,3,-1,717	23	28040
114.69140625	0.0	behav,3,-1,738	24	29361
119.9609375	0.0	behav,3,-1,759	25	30710
125.140625	0.0	behav,3,-1,780	26	32036
130.28125	0.0	behav,3,-1,801	27	33352
136.1484375	0.0	behav,3,-1,822	28	34854
138.09375	0.0	oddball,0,-1,831	29	35352
141.34765625	0.0	behav,0,-1,843	30	36185
146.6640625	0.0	behav,3,-1,864	31	37546
152.02734375	0.0	behav,3,-1,885	32	38919
157.22265625	0.0	behav,3,-1,906	33	40249
162.3671875	0.0	behav,3,-1,927	34	41566
163.1328125	0.0	oddball,0,-1,930	35	41762
167.76953125	0.0	behav,0,-1,948	36	42949
173.14453125	0.0	behav,3,-1,969	37	44325
178.3125	0.0	behav,3,-1,990	38	45648
183.43359375	0.0	behav,3,-1,1011	39	46959
188.59765625	0.0	behav,3,-1,1032	40	48281
193.96875	0.0	behav,3,-1,1053	41	49656
199.09375	0.0	behav,3,-1,1074	42	50968
204.4765625	0.0	behav,3,-1,1095	43	52346
209.671875	0.0	behav,3,-1,1116	44	53676
214.84765625	0.0	behav,3,-1,1137	45	55001
220.2421875	0.0	behav,3,-1,1158	46	56382
225.5	0.0	behav,3,-1,103	47	57728
230.6328125	0.0	behav,3,-1,124	48	59042
235.7734375	0.0	behav,3,-1,145	49	60358
241.19140625	0.0	behav,3,-1,166	50	61745
246.3984375	0.0	behav,3,-1,187	51	63078
251.7578125	0.0	behav,3,-1,208	52	64450
257.171875	0.0	behav,3,-1,229	53	65836
262.5078125	0.0	behav,3,-1,250	54	67202
267.6640625	0.0	behav,3,-1,271	55	68522
271.80859375	0.0	oddball,0,-1,291	56	69583
272.8203125	0.0	behav,0,-1,292	57	69842
278.05859375	0.0	behav,3,-1,313	58	71183
283.296875	0.0	behav,3,-1,334	59	72524
285.44140625	0.0	oddball,0,-1,344	60	73073
288.484375	0.0	behav,0,-1,355	61	73852
293.8125	0.0	behav,3,-1,376	62	75216
