onset	duration	trial_type	value	sample
5.5859375	0.0	behav,3,-1,21	1	1430
10.875	0.0	behav,3,-1,42	2	2784
16.3203125	0.0	behav,3,-1,63	3	4178
21.85546875	0.0	behav,3,-1,84	4	5595
27.5234375	0.0	behav,3,-1,381	5	7046
33.01171875	0.0	behav,3,-1,402	6	8451
38.59375	0.0	behav,3,-1,423	7	9880
44.17578125	0.0	behav,3,-1,444	8	11309
49.82421875	0.0	behav,3,-1,465	9	12755
55.48828125	0.0	behav,3,-1,486	10	14205
61.203125	0.0	behav,3,-1,507	11	15668
66.765625	0.0	behav,3,-1,528	12	17092
72.41015625	0.0	behav,3,-1,549	13	18537
77.90234375	0.0	behav,3,-1,570	14	19943
83.32421875	0.0	behav,3,-1,591	15	21331
88.8125	0.0	behav,3,-1,612	16	22736
94.37109375	0.0	behav,3,-1,633	17	24159
99.8359375	0.0	behav,3,-1,654	18	25558
105.28515625	0.0	behav,3,-1,675	19	26953
110.6640625	0.0	behav,3,-1,696	20	28330
116.0625	0.0	behav,3,-1,717	21	29712
118.63671875	0.0	oddball,16740,-1,729	22	30371
121.26171875	0.0	behav,2,-1,738	23	31043
126.65625	0.0	behav,3,-1,759	24	32424
132.23828125	0.0	behav,3,-1,780	25	33853
137.70703125	0.0	behav,3,-1,801	26	35253
143.17578125	0.0	behav,3,-1,822	27	36653
146.53125	0.0	oddball,16748,-1,838	28	37512
148.57421875	0.0	behav,2,-1,843	29	38035
152.71875	0.0	oddball,16748,-1,863	30	39096
153.88671875	0.0	behav,0,-1,864	31	39395
159.328125	0.0	behav,3,-1,885	32	40788
164.7734375	0.0	behav,3,-1,906	33	42182
165.3125	0.0	oddball,16748,-1,908	34	42320
169.96875	0.0	behav,2,-1,927	35	43512
175.37109375	0.0	behav,3,-1,948	36	44895
179.14453125	0.0	oddball,16746,-1,966	37	45861
180.81640625	0.0	behav,2,-1,969	38	46289
186.10546875	0.0	behav,3,-1,990	39	47643
191.78125	0.0	behav,3,-1,1011	40	49096
197.23828125	0.0	behav,3,-1,1032	41	50493
202.80078125	0.0	behav,3,-1,1053	42	51917
208.53515625	0.0	behav,3,-1,1074	43	53385
214.05078125	0.0	behav,3,-1,1095	44	54797
219.609375	0.0	behav,3,-1,1116	45	56220
225.16796875	0.0	behav,3,-1,1137	46	57643
230.72265625	0.0	behav,3,-1,1158	47	59065
236.3671875	0.0	behav,3,-1,103	48	60510
241.94921875	0.0	behav,3,-1,124	49	61939
245.51171875	0.0	oddball,16745,-1,141	50	62851
247.39453125	0.0	behav,2,-1,145	51	63333
252.83984375	0.0	behav,3,-1,166	52	64727
258.28515625	0.0	behav,3,-1,187	53	66121
263.75	0.0	behav,3,-1,208	54	67520
269.15234375	0.0	behav,3,-1,229	55	68903
274.62109375	0.0	behav,3,-1,250	56	70303
280.11328125	0.0	behav,3,-1,271	57	71709
285.51171875	0.0	behav,3,-1,292	58	73091
291.0	0.0	behav,3,-1,313	59	74496
296.44921875	0.0	behav,3,-1,334	60	75891
301.890625	0.0	behav,3,-1,355	61	77284
