onset	duration	trial_type	value	sample
5.62109375	0.0	behav,3,-1,21	1	1439
9.59375	0.0	oddball,16741,-1,40	2	2456
11.06640625	0.0	behav,2,-1,42	3	2833
16.87109375	0.0	behav,3,-1,63	4	4319
19.21484375	0.0	oddball,16741,-1,74	5	4919
22.44921875	0.0	behav,2,-1,84	6	5747
27.94140625	0.0	behav,3,-1,381	7	7153
33.56640625	0.0	behav,3,-1,402	8	8593
39.03515625	0.0	behav,3,-1,423	9	9993
44.48046875	0.0	behav,3,-1,444	10	11387
49.96875	0.0	behav,3,-1,465	11	12792
55.66015625	0.0	behav,3,-1,486	12	14249
61.1953125	0.0	behav,3,-1,507	13	15666
66.70703125	0.0	behav,3,-1,528	14	17077
72.17578125	0.0	behav,3,-1,549	15	18477
76.140625	0.0	oddball,16742,-1,568	16	19492
77.66796875	0.0	behav,2,-1,570	17	19883
83.203125	0.0	behav,3,-1,591	18	21300
88.66796875	0.0	behav,3,-1,612	19	22699
94.2265625	0.0	behav,3,-1,633	20	24122
99.69140625	0.0	behav,3,-1,654	21	25521
105.296875	0.0	behav,3,-1,675	22	26956
110.83203125	0.0	behav,3,-1,696	23	28373
116.27734375	0.0	behav,3,-1,717	24	29767
121.76953125	0.0	behav,3,-1,738	25	31173
127.27734375	0.0	behav,3,-1,759	26	32583
129.84375	0.0	oddball,16742,-1,771	27	33240
132.609375	0.0	behav,2,-1,780	28	33948
138.1484375	0.0	behav,3,-1,801	29	35366
143.68359375	0.0	behav,3,-1,822	30	36783
149.21875	0.0	behav,3,-1,843	31	38200
155.08984375	0.0	behav,3,-1,864	32	39703
160.734375	0.0	behav,3,-1,885	33	41148
166.26953125	0.0	behav,3,-1,906	34	42565
172.0546875	0.0	behav,3,-1,927	35	44046
177.58984375	0.0	behav,3,-1,948	36	45463
183.125	0.0	behav,3,-1,969	37	46880
188.88671875	0.0	behav,3,-1,990	38	48355
194.9375	0.0	behav,3,-1,1011	39	49904
200.42578125	0.0	behav,3,-1,1032	40	51309
207.04296875	0.0	behav,3,-1,1053	41	53003
208.9921875	0.0	oddball,16748,-1,1062	42	53502
212.734375	0.0	behav,2,-1,1074	43	54460
218.5390625	0.0	behav,3,-1,1095	44	55946
224.2109375	0.0	behav,3,-1,1116	45	57398
229.8125	0.0	behav,3,-1,1137	46	58832
235.32421875	0.0	behav,3,-1,1158	47	60243
236.265625	0.0	oddball,16746,-1,1162	48	60484
240.72265625	0.0	behav,2,-1,103	49	61625
246.1484375	0.0	behav,3,-1,124	50	63014
251.59375	0.0	behav,3,-1,145	51	64408
257.21875	0.0	behav,3,-1,166	52	65848
262.7109375	0.0	behav,3,-1,187	53	67254
268.17578125	0.0	behav,3,-1,208	54	68653
273.59765625	0.0	behav,3,-1,229	55	70041
279.06640625	0.0	behav,3,-1,250	56	71441
284.53125	0.0	behav,3,-1,271	57	72840
289.95703125	0.0	behav,3,-1,292	58	74229
295.4921875	0.0	behav,3,-1,313	59	75646
300.98046875	0.0	behav,3,-1,334	60	77051
306.515625	0.0	behav,3,-1,355	61	78468
