onset	duration	trial_type	value	sample
3.8515625	0.0	oddball,16743,-1,18	1	986
5.546875	0.0	behav,2,-1,21	2	1420
10.7890625	0.0	behav,3,-1,42	3	2762
16.03515625	0.0	behav,3,-1,63	4	4105
21.51953125	0.0	behav,3,-1,84	5	5509
26.98828125	0.0	behav,3,-1,381	6	6909
28.359375	0.0	oddball,16746,-1,387	7	7260
32.6640625	0.0	behav,2,-1,402	8	8362
38.125	0.0	behav,3,-1,423	9	9760
40.2890625	0.0	oddball,16748,-1,433	10	10314
43.390625	0.0	behav,2,-1,444	11	11108
45.359375	0.0	oddball,16740,-1,453	12	11612
48.79296875	0.0	behav,2,-1,465	13	12491
54.57421875	0.0	behav,3,-1,486	14	13971
60.109375	0.0	behav,3,-1,507	15	15388
65.64453125	0.0	behav,3,-1,528	16	16805
70.93359375	0.0	behav,3,-1,549	17	18159
76.3984375	0.0	behav,3,-1,570	18	19558
81.9140625	0.0	behav,3,-1,591	19	20970
87.40234375	0.0	behav,3,-1,612	20	22375
92.9140625	0.0	behav,3,-1,633	21	23786
98.42578125	0.0	behav,3,-1,654	22	25197
103.9609375	0.0	behav,3,-1,675	23	26614
109.40625	0.0	behav,3,-1,696	24	28008
114.83203125	0.0	behav,3,-1,717	25	29397
120.3671875	0.0	behav,3,-1,738	26	30814
125.8984375	0.0	behav,3,-1,759	27	32230
131.20703125	0.0	behav,3,-1,780	28	33589
136.96875	0.0	behav,3,-1,801	29	35064
142.50390625	0.0	behav,3,-1,822	30	36481
147.86328125	0.0	behav,3,-1,843	31	37853
153.30859375	0.0	behav,3,-1,864	32	39247
159.2421875	0.0	behav,3,-1,885	33	40766
164.82421875	0.0	behav,3,-1,906	34	42195
170.26953125	0.0	behav,3,-1,927	35	43589
175.8515625	0.0	behav,3,-1,948	36	45018
181.09375	0.0	behav,3,-1,969	37	46360
186.65234375	0.0	behav,3,-1,990	38	47783
192.1640625	0.0	behav,3,-1,1011	39	49194
197.65234375	0.0	behav,3,-1,1032	40	50599
198.609375	0.0	oddball,16747,-1,1036	41	50844
203.0078125	0.0	behav,2,-1,1053	42	51970
208.453125	0.0	behav,3,-1,1074	43	53364
213.85546875	0.0	behav,3,-1,1095	44	54747
219.30078125	0.0	behav,3,-1,1116	45	56141
224.7890625	0.0	behav,3,-1,1137	46	57546
230.48046875	0.0	behav,3,-1,1158	47	59003
235.92578125	0.0	behav,3,-1,103	48	60397
241.4609375	0.0	behav,3,-1,124	49	61814
246.97265625	0.0	behav,3,-1,145	50	63225
252.5546875	0.0	behav,3,-1,166	51	64654
258.0	0.0	behav,3,-1,187	52	66048
264.09765625	0.0	behav,3,-1,208	53	67609
269.5859375	0.0	behav,3,-1,229	54	69014
275.07421875	0.0	behav,3,-1,250	55	70419
277.0234375	0.0	oddball,16741,-1,259	56	70918
280.4765625	0.0	behav,2,-1,271	57	71802
286.1015625	0.0	behav,3,-1,292	58	73242
291.61328125	0.0	behav,3,-1,313	59	74653
297.0390625	0.0	behav,3,-1,334	60	76042
302.4140625	0.0	behav,3,-1,355	61	77418
