onset	duration	trial_type	value	sample
5.27734375	0.0	behav,3,-1,21	1	1351
10.94921875	0.0	behav,3,-1,42	2	2803
16.44140625	0.0	behav,3,-1,63	3	4209
22.0625	0.0	behav,3,-1,84	4	5648
27.62109375	0.0	behav,3,-1,381	5	7071
33.0	0.0	behav,3,-1,402	6	8448
38.87109375	0.0	behav,3,-1,423	7	9951
44.29296875	0.0	behav,3,-1,444	8	11339
49.78515625	0.0	behav,3,-1,465	9	12745
50.9453125	0.0	oddball,16740,-1,470	10	13042
55.16015625	0.0	behav,2,-1,486	11	14121
60.55859375	0.0	behav,3,-1,507	12	15503
66.02734375	0.0	behav,3,-1,528	13	16903
71.49609375	0.0	behav,3,-1,549	14	18303
76.98828125	0.0	behav,3,-1,570	15	19709
82.5234375	0.0	behav,3,-1,591	16	21126
88.0078125	0.0	behav,3,-1,612	17	22530
93.703125	0.0	behav,3,-1,633	18	23988
99.21484375	0.0	behav,3,-1,654	19	25399
104.70703125	0.0	behav,3,-1,675	20	26805
110.37890625	0.0	behav,3,-1,696	21	28257
115.53125	0.0	behav,3,-1,717	22	29576
117.09375	0.0	oddball,16741,-1,724	23	29976
120.9296875	0.0	behav,2,-1,738	24	30958
126.7109375	0.0	behav,3,-1,759	25	32438
132.1328125	0.0	behav,3,-1,780	26	33826
137.828125	0.0	behav,3,-1,801	27	35284
143.36328125	0.0	behav,3,-1,822	28	36701
148.83203125	0.0	behav,3,-1,843	29	38101
154.45703125	0.0	behav,3,-1,864	30	39541
159.921875	0.0	behav,3,-1,885	31	40940
165.34375	0.0	behav,3,-1,906	32	42328
170.7890625	0.0	behav,3,-1,927	33	43722
176.27734375	0.0	behav,3,-1,948	34	45127
181.74609375	0.0	behav,3,-1,969	35	46527
183.89453125	0.0	oddball,16741,-1,979	36	47077
187.17578125	0.0	behav,2,-1,990	37	47917
192.68359375	0.0	behav,3,-1,1011	38	49327
198.08203125	0.0	behav,3,-1,1032	39	50709
203.4609375	0.0	behav,3,-1,1053	40	52086
208.90234375	0.0	behav,3,-1,1074	41	53479
209.66796875	0.0	oddball,16740,-1,1077	42	53675
214.19140625	0.0	behav,2,-1,1095	43	54833
219.63671875	0.0	behav,3,-1,1116	44	56227
224.97265625	0.0	behav,3,-1,1137	45	57593
228.9375	0.0	oddball,16746,-1,1156	46	58608
230.4140625	0.0	behav,2,-1,1158	47	58986
235.8828125	0.0	behav,3,-1,103	48	60386
241.37109375	0.0	behav,3,-1,124	49	61791
246.86328125	0.0	behav,3,-1,145	50	63197
252.46484375	0.0	behav,3,-1,166	51	64631
257.95703125	0.0	behav,3,-1,187	52	66037
263.35546875	0.0	behav,3,-1,208	53	67419
268.890625	0.0	behav,3,-1,229	54	68836
274.671875	0.0	behav,3,-1,250	55	70316
280.140625	0.0	behav,3,-1,271	56	71716
283.109375	0.0	oddball,16746,-1,285	57	72476
285.62890625	0.0	behav,2,-1,292	58	73121
291.12109375	0.0	behav,3,-1,313	59	74527
296.58984375	0.0	behav,3,-1,334	60	75927
302.27734375	0.0	behav,3,-1,355	61	77383
