onset	duration	trial_type	value	sample
5.59765625	0.0	behav,3,-1,21	1	1433
11.17578125	0.0	behav,3,-1,42	2	2861
16.62109375	0.0	behav,3,-1,63	3	4255
21.953125	0.0	behav,3,-1,84	4	5620
27.33203125	0.0	behav,3,-1,381	5	6997
32.80078125	0.0	behav,3,-1,402	6	8397
38.265625	0.0	behav,3,-1,423	7	9796
41.2265625	0.0	oddball,16747,-1,437	8	10554
43.66796875	0.0	behav,2,-1,444	9	11179
49.8125	0.0	behav,3,-1,465	10	12752
55.43359375	0.0	behav,3,-1,486	11	14191
61.41796875	0.0	behav,3,-1,507	12	15723
66.93359375	0.0	behav,3,-1,528	13	17135
72.51171875	0.0	behav,3,-1,549	14	18563
77.890625	0.0	behav,3,-1,570	15	19940
83.37890625	0.0	behav,3,-1,591	16	21345
88.890625	0.0	behav,3,-1,612	17	22756
93.04296875	0.0	oddball,16746,-1,632	18	23819
94.3125	0.0	behav,0,-1,633	19	24144
100.1171875	0.0	behav,3,-1,654	20	25630
100.88671875	0.0	oddball,16743,-1,657	21	25827
105.5625	0.0	behav,2,-1,675	22	27024
111.12109375	0.0	behav,3,-1,696	23	28447
116.76953125	0.0	behav,3,-1,717	24	29893
122.26171875	0.0	behav,3,-1,738	25	31299
128.01953125	0.0	behav,3,-1,759	26	32773
133.59765625	0.0	behav,3,-1,780	27	34201
139.06640625	0.0	behav,3,-1,801	28	35601
144.53515625	0.0	behav,3,-1,822	29	37001
150.07421875	0.0	behav,3,-1,843	30	38419
155.7421875	0.0	behav,3,-1,864	31	39870
158.3125	0.0	oddball,16743,-1,876	32	40528
161.88671875	0.0	behav,2,-1,885	33	41443
167.70703125	0.0	behav,3,-1,906	34	42933
173.1328125	0.0	behav,3,-1,927	35	44322
178.578125	0.0	behav,3,-1,948	36	45716
184.0703125	0.0	behav,3,-1,969	37	47122
189.515625	0.0	behav,3,-1,990	38	48516
194.98046875	0.0	behav,3,-1,1011	39	49915
200.5390625	0.0	behav,3,-1,1032	40	51338
203.3046875	0.0	oddball,16745,-1,1045	41	52046
206.390625	0.0	behav,2,-1,1053	42	52836
211.8984375	0.0	behav,3,-1,1074	43	54246
217.2109375	0.0	behav,3,-1,1095	44	55606
222.79296875	0.0	behav,3,-1,1116	45	57035
228.28125	0.0	behav,3,-1,1137	46	58440
233.79296875	0.0	behav,3,-1,1158	47	59851
239.23828125	0.0	behav,3,-1,103	48	61245
244.75	0.0	behav,3,-1,124	49	62656
250.21875	0.0	behav,3,-1,145	50	64056
251.98828125	0.0	oddball,16744,-1,153	51	64509
255.9140625	0.0	behav,2,-1,166	52	65514
261.1328125	0.0	behav,3,-1,187	53	66850
266.57421875	0.0	behav,3,-1,208	54	68243
271.99609375	0.0	behav,3,-1,229	55	69631
277.7109375	0.0	behav,3,-1,250	56	71094
283.18359375	0.0	behav,3,-1,271	57	72495
288.671875	0.0	behav,3,-1,292	58	73900
294.140625	0.0	behav,3,-1,313	59	75300
299.76171875	0.0	behav,3,-1,334	60	76739
305.20703125	0.0	behav,3,-1,355	61	78133
