onset	duration	trial_type	value	sample
5.54296875	0.0	behav,3,-1,21	1	1419
10.94140625	0.0	behav,3,-1,42	2	2801
16.43359375	0.0	behav,3,-1,63	3	4207
21.8515625	0.0	behav,3,-1,84	4	5594
27.1875	0.0	behav,3,-1,381	5	6960
32.6328125	0.0	behav,3,-1,402	6	8354
38.12109375	0.0	behav,3,-1,423	7	9759
43.34375	0.0	behav,3,-1,444	8	11096
48.85546875	0.0	behav,3,-1,465	9	12507
54.61328125	0.0	behav,3,-1,486	10	13981
60.171875	0.0	behav,3,-1,507	11	15404
65.796875	0.0	behav,3,-1,528	12	16844
71.17578125	0.0	behav,3,-1,549	13	18221
76.640625	0.0	behav,3,-1,570	14	19620
81.86328125	0.0	behav,3,-1,591	15	20957
87.35546875	0.0	behav,3,-1,612	16	22363
92.81640625	0.0	behav,3,-1,633	17	23761
98.37890625	0.0	behav,3,-1,654	18	25185
103.8671875	0.0	behav,3,-1,675	19	26590
109.2890625	0.0	behav,3,-1,696	20	27978
114.7578125	0.0	behav,3,-1,717	21	29378
116.296875	0.0	oddball,16744,-1,724	22	29772
120.0234375	0.0	behav,2,-1,738	23	30726
125.53515625	0.0	behav,3,-1,759	24	32137
129.10546875	0.0	oddball,16740,-1,776	25	33051
131.0	0.0	behav,2,-1,780	26	33536
136.46875	0.0	behav,3,-1,801	27	34936
141.9375	0.0	behav,3,-1,822	28	36336
143.08984375	0.0	oddball,16748,-1,827	29	36631
147.4296875	0.0	behav,2,-1,843	30	37742
152.875	0.0	behav,3,-1,864	31	39136
158.3359375	0.0	behav,3,-1,885	32	40534
163.671875	0.0	behav,3,-1,906	33	41900
169.16015625	0.0	behav,3,-1,927	34	43305
174.67578125	0.0	behav,3,-1,948	35	44717
180.12109375	0.0	behav,3,-1,969	36	46111
185.609375	0.0	behav,3,-1,990	37	47516
191.125	0.0	behav,3,-1,1011	38	48928
196.6328125	0.0	behav,3,-1,1032	39	50338
202.1484375	0.0	behav,3,-1,1053	40	51750
207.61328125	0.0	behav,3,-1,1074	41	53149
213.0859375	0.0	behav,3,-1,1095	42	54550
218.6640625	0.0	behav,3,-1,1116	43	55978
222.4375	0.0	oddball,16745,-1,1134	44	56944
224.3125	0.0	behav,2,-1,1137	45	57424
229.80078125	0.0	behav,3,-1,1158	46	58829
235.17578125	0.0	behav,3,-1,103	47	60205
240.62109375	0.0	behav,3,-1,124	48	61599
246.046875	0.0	behav,3,-1,145	49	62988
251.55859375	0.0	behav,3,-1,166	50	64399
257.00390625	0.0	behav,3,-1,187	51	65793
262.5625	0.0	behav,3,-1,208	52	67216
268.00390625	0.0	behav,3,-1,229	53	68609
269.94921875	0.0	oddball,16742,-1,238	54	69107
273.4296875	0.0	behav,2,-1,250	55	69998
278.96484375	0.0	behav,3,-1,271	56	71415
284.4296875	0.0	behav,3,-1,292	57	72814
289.85546875	0.0	behav,3,-1,313	58	74203
295.45703125	0.0	behav,3,-1,334	59	75637
299.42578125	0.0	oddball,16742,-1,353	60	76653
300.87890625	0.0	behav,2,-1,355	61	77025
