onset	duration	trial_type	value	sample
5.984375	0.0	behav,3,-1,21	1	1532
11.85546875	0.0	behav,3,-1,42	2	3035
17.5703125	0.0	behav,3,-1,63	3	4498
23.08203125	0.0	behav,3,-1,84	4	5909
28.5703125	0.0	behav,3,-1,381	5	7314
34.17578125	0.0	behav,3,-1,402	6	8749
39.7578125	0.0	behav,3,-1,423	7	10178
45.5390625	0.0	behav,3,-1,444	8	11658
51.12109375	0.0	behav,3,-1,465	9	13087
53.87890625	0.0	oddball,16747,-1,478	10	13793
56.78515625	0.0	behav,2,-1,486	11	14537
62.30078125	0.0	behav,3,-1,507	12	15949
67.7890625	0.0	behav,3,-1,528	13	17354
73.37109375	0.0	behav,3,-1,549	14	18783
78.8828125	0.0	behav,3,-1,570	15	20194
84.375	0.0	behav,3,-1,591	16	21600
89.859375	0.0	behav,3,-1,612	17	23004
95.26171875	0.0	behav,3,-1,633	18	24387
100.9765625	0.0	behav,3,-1,654	19	25850
106.53515625	0.0	behav,3,-1,675	20	27273
113.10546875	0.0	behav,3,-1,696	21	28955
114.65625	0.0	oddball,16740,-1,703	22	29352
118.55078125	0.0	behav,2,-1,717	23	30349
123.99609375	0.0	behav,3,-1,738	24	31743
129.484375	0.0	behav,3,-1,759	25	33148
134.8828125	0.0	behav,3,-1,780	26	34530
140.28515625	0.0	behav,3,-1,801	27	35913
144.453125	0.0	oddball,16740,-1,821	28	36980
145.75390625	0.0	behav,0,-1,822	29	37313
151.2890625	0.0	behav,3,-1,843	30	38730
156.78125	0.0	behav,3,-1,864	31	40136
162.3125	0.0	behav,3,-1,885	32	41552
167.9609375	0.0	behav,3,-1,906	33	42998
173.5859375	0.0	behav,3,-1,927	34	44438
179.0546875	0.0	behav,3,-1,948	35	45838
184.58984375	0.0	behav,3,-1,969	36	47255
189.9921875	0.0	behav,3,-1,990	37	48638
195.54296875	0.0	behav,3,-1,1011	38	50059
201.3515625	0.0	behav,3,-1,1032	39	51546
206.88671875	0.0	behav,3,-1,1053	40	52963
212.30859375	0.0	behav,3,-1,1074	41	54351
218.09375	0.0	behav,3,-1,1095	42	55832
223.78515625	0.0	behav,3,-1,1116	43	57289
229.2265625	0.0	behav,3,-1,1137	44	58682
234.7421875	0.0	behav,3,-1,1158	45	60094
240.3671875	0.0	behav,3,-1,103	46	61534
244.31640625	0.0	oddball,16747,-1,122	47	62545
245.96875	0.0	behav,2,-1,124	48	62968
251.64453125	0.0	behav,3,-1,145	49	64421
257.109375	0.0	behav,3,-1,166	50	65820
262.71484375	0.0	behav,3,-1,187	51	67255
268.19921875	0.0	behav,3,-1,208	52	68659
273.66796875	0.0	behav,3,-1,229	53	70059
279.22265625	0.0	behav,3,-1,250	54	71481
284.7578125	0.0	behav,3,-1,271	55	72898
290.65625	0.0	behav,3,-1,292	56	74408
293.6015625	0.0	oddball,16740,-1,306	57	75162
295.92578125	0.0	behav,2,-1,313	58	75757
301.54296875	0.0	behav,3,-1,334	59	77195
302.7109375	0.0	oddball,16743,-1,339	60	77494
307.03515625	0.0	behav,2,-1,355	61	78601
