onset	duration	trial_type	value	sample
5.625	0.0	behav,3,-1,21	1	1440
11.11328125	0.0	behav,3,-1,42	2	2845
16.3359375	0.0	behav,3,-1,63	3	4182
21.796875	0.0	behav,3,-1,84	4	5580
25.16015625	0.0	oddball,16746,-1,100	5	6441
26.97265625	0.0	behav,2,-1,381	6	6905
32.578125	0.0	behav,3,-1,402	7	8340
38.046875	0.0	behav,3,-1,423	8	9740
44.01171875	0.0	behav,3,-1,444	9	11267
49.73046875	0.0	behav,3,-1,465	10	12731
55.1875	0.0	behav,3,-1,486	11	14128
60.99609375	0.0	behav,3,-1,507	12	15615
66.7109375	0.0	behav,3,-1,528	13	17078
72.29296875	0.0	behav,3,-1,549	14	18507
77.82421875	0.0	behav,3,-1,570	15	19923
81.5859375	0.0	oddball,16743,-1,588	16	20886
83.29296875	0.0	behav,2,-1,591	17	21323
88.7578125	0.0	behav,3,-1,612	18	22722
94.47265625	0.0	behav,3,-1,633	19	24185
99.96484375	0.0	behav,3,-1,654	20	25591
105.390625	0.0	behav,3,-1,675	21	26980
111.1953125	0.0	behav,3,-1,696	22	28466
116.68359375	0.0	behav,3,-1,717	23	29871
122.46875	0.0	behav,3,-1,738	24	31352
127.953125	0.0	behav,3,-1,759	25	32756
133.46875	0.0	behav,3,-1,780	26	34168
139.6328125	0.0	behav,3,-1,801	27	35746
145.16796875	0.0	behav,3,-1,822	28	37163
145.93359375	0.0	oddball,16740,-1,825	29	37359
150.61328125	0.0	behav,2,-1,843	30	38557
156.17578125	0.0	behav,3,-1,864	31	39981
161.61328125	0.0	behav,3,-1,885	32	41373
163.765625	0.0	oddball,16741,-1,895	33	41924
166.92578125	0.0	behav,2,-1,906	34	42733
172.4375	0.0	behav,3,-1,927	35	44144
175.796875	0.0	oddball,16743,-1,943	36	45004
177.953125	0.0	behav,2,-1,948	37	45556
183.5546875	0.0	behav,3,-1,969	38	46990
188.95703125	0.0	behav,3,-1,990	39	48373
194.44140625	0.0	behav,3,-1,1011	40	49777
199.88671875	0.0	behav,3,-1,1032	41	51171
205.2421875	0.0	behav,3,-1,1053	42	52542
210.578125	0.0	behav,3,-1,1074	43	53908
216.04296875	0.0	behav,3,-1,1095	44	55307
221.48828125	0.0	behav,3,-1,1116	45	56701
226.95703125	0.0	behav,3,-1,1137	46	58101
232.4453125	0.0	behav,3,-1,1158	47	59506
235.8046875	0.0	oddball,16742,-1,1174	48	60366
237.890625	0.0	behav,2,-1,103	49	60900
243.3359375	0.0	behav,3,-1,124	50	62294
248.80859375	0.0	behav,3,-1,145	51	63695
254.4296875	0.0	behav,3,-1,166	52	65134
259.98828125	0.0	behav,3,-1,187	53	66557
265.40625	0.0	behav,3,-1,208	54	67944
270.921875	0.0	behav,3,-1,229	55	69356
276.55078125	0.0	behav,3,-1,250	56	70797
282.03515625	0.0	behav,3,-1,271	57	72201
287.4609375	0.0	behav,3,-1,292	58	73590
293.01953125	0.0	behav,3,-1,313	59	75013
298.44140625	0.0	behav,3,-1,334	60	76401
303.8828125	0.0	behav,3,-1,355	61	77794
