onset	duration	trial_type	value	sample
5.6953125	0.0	behav,3,-1,21	1	1458
11.2578125	0.0	behav,3,-1,42	2	2882
16.67578125	0.0	behav,3,-1,63	3	4269
17.64453125	0.0	oddball,16746,-1,67	4	4517
22.6875	0.0	behav,2,-1,84	5	5808
28.87109375	0.0	behav,3,-1,381	6	7391
34.3828125	0.0	behav,3,-1,402	7	8802
39.8515625	0.0	behav,3,-1,423	8	10202
45.25390625	0.0	behav,3,-1,444	9	11585
50.71875	0.0	behav,3,-1,465	10	12984
56.0703125	0.0	behav,3,-1,486	11	14354
61.4296875	0.0	behav,3,-1,507	12	15726
66.875	0.0	behav,3,-1,528	13	17120
72.3203125	0.0	behav,3,-1,549	14	18514
75.88671875	0.0	oddball,16745,-1,566	15	19427
77.85546875	0.0	behav,2,-1,570	16	19931
83.5234375	0.0	behav,3,-1,591	17	21382
88.9453125	0.0	behav,3,-1,612	18	22770
94.3671875	0.0	behav,3,-1,633	19	24158
99.74609375	0.0	behav,3,-1,654	20	25535
105.19140625	0.0	behav,3,-1,675	21	26929
110.68359375	0.0	behav,3,-1,696	22	28335
116.2421875	0.0	behav,3,-1,717	23	29758
121.6875	0.0	behav,3,-1,738	24	31152
127.12890625	0.0	behav,3,-1,759	25	32545
129.08984375	0.0	oddball,16748,-1,768	26	33047
132.4140625	0.0	behav,2,-1,780	27	33898
137.796875	0.0	behav,3,-1,801	28	35276
143.21875	0.0	behav,3,-1,822	29	36664
148.6875	0.0	behav,3,-1,843	30	38064
154.17578125	0.0	behav,3,-1,864	31	39469
159.68359375	0.0	behav,3,-1,885	32	40879
165.1328125	0.0	behav,3,-1,906	33	42274
170.64453125	0.0	behav,3,-1,927	34	43685
176.1328125	0.0	behav,3,-1,948	35	45090
182.0078125	0.0	behav,3,-1,969	36	46594
187.51953125	0.0	behav,3,-1,990	37	48005
188.06640625	0.0	oddball,16742,-1,992	38	48145
192.83203125	0.0	behav,2,-1,1011	39	49365
198.33984375	0.0	behav,3,-1,1032	40	50775
203.78515625	0.0	behav,3,-1,1053	41	52169
209.2109375	0.0	behav,3,-1,1074	42	53558
214.74609375	0.0	behav,3,-1,1095	43	54975
220.10546875	0.0	behav,3,-1,1116	44	56347
225.61328125	0.0	behav,3,-1,1137	45	57757
231.1015625	0.0	behav,3,-1,1158	46	59162
236.546875	0.0	behav,3,-1,103	47	60556
242.015625	0.0	behav,3,-1,124	48	61956
242.984375	0.0	oddball,16747,-1,128	49	62204
247.4375	0.0	behav,2,-1,145	50	63344
252.97265625	0.0	behav,3,-1,166	51	64761
258.41796875	0.0	behav,3,-1,187	52	66155
263.7734375	0.0	behav,3,-1,208	53	67526
269.1484375	0.0	behav,3,-1,229	54	68902
270.7109375	0.0	oddball,16743,-1,236	55	69302
274.4140625	0.0	behav,2,-1,250	56	70250
280.12890625	0.0	behav,3,-1,271	57	71713
285.64453125	0.0	behav,3,-1,292	58	73125
291.08984375	0.0	behav,3,-1,313	59	74519
296.671875	0.0	behav,3,-1,334	60	75948
302.08984375	0.0	behav,3,-1,355	61	77335
