onset	duration	trial_type	value	sample
2.046875	0.0	oddball,16745,-1,9	1	524
5.59375	0.0	behav,2,-1,21	2	1432
10.99609375	0.0	behav,3,-1,42	3	2815
16.53125	0.0	behav,3,-1,63	4	4232
22.0859375	0.0	behav,3,-1,84	5	5654
27.7109375	0.0	behav,3,-1,381	6	7094
33.203125	0.0	behav,3,-1,402	7	8500
38.66796875	0.0	behav,3,-1,423	8	9899
44.25	0.0	behav,3,-1,444	9	11328
49.98828125	0.0	behav,3,-1,465	10	12797
55.51953125	0.0	behav,3,-1,486	11	14213
61.0546875	0.0	behav,3,-1,507	12	15630
66.68359375	0.0	behav,3,-1,528	13	17071
72.21875	0.0	behav,3,-1,549	14	18488
77.91015625	0.0	behav,3,-1,570	15	19945
83.94140625	0.0	behav,3,-1,591	16	21489
89.921875	0.0	behav,3,-1,612	17	23020
95.546875	0.0	behav,3,-1,633	18	24460
99.6953125	0.0	oddball,16740,-1,653	19	25522
101.0625	0.0	behav,0,-1,654	20	25872
106.4609375	0.0	behav,3,-1,675	21	27254
111.88671875	0.0	behav,3,-1,696	22	28643
117.3984375	0.0	behav,3,-1,717	23	30054
123.203125	0.0	behav,3,-1,738	24	31540
127.15234375	0.0	oddball,16745,-1,757	25	32551
128.64453125	0.0	behav,2,-1,759	26	32933
134.11328125	0.0	behav,3,-1,780	27	34333
139.58203125	0.0	behav,3,-1,801	28	35733
145.07421875	0.0	behav,3,-1,822	29	37139
150.7890625	0.0	behav,3,-1,843	30	38602
156.4140625	0.0	behav,3,-1,864	31	40042
158.171875	0.0	oddball,16745,-1,872	32	40492
161.87890625	0.0	behav,2,-1,885	33	41441
167.55078125	0.0	behav,3,-1,906	34	42893
173.0390625	0.0	behav,3,-1,927	35	44298
178.53125	0.0	behav,3,-1,948	36	45704
183.953125	0.0	behav,3,-1,969	37	47092
189.66796875	0.0	behav,3,-1,990	38	48555
195.1328125	0.0	behav,3,-1,1011	39	49954
200.625	0.0	behav,3,-1,1032	40	51360
206.0703125	0.0	behav,3,-1,1053	41	52754
211.58203125	0.0	behav,3,-1,1074	42	54165
212.5390625	0.0	oddball,16742,-1,1078	43	54410
216.984375	0.0	behav,2,-1,1095	44	55548
222.4296875	0.0	behav,3,-1,1116	45	56942
227.98828125	0.0	behav,3,-1,1137	46	58365
233.2734375	0.0	behav,3,-1,1158	47	59718
235.8125	0.0	oddball,16745,-1,1170	48	60368
238.73828125	0.0	behav,2,-1,103	49	61117
244.09765625	0.0	behav,3,-1,124	50	62489
249.54296875	0.0	behav,3,-1,145	51	63883
254.76171875	0.0	behav,3,-1,166	52	65219
260.38671875	0.0	behav,3,-1,187	53	66659
265.875	0.0	behav,3,-1,208	54	68064
271.36328125	0.0	behav,3,-1,229	55	69469
277.03515625	0.0	behav,3,-1,250	56	70921
282.5703125	0.0	behav,3,-1,271	57	72338
288.0625	0.0	behav,3,-1,292	58	73744
293.53125	0.0	behav,3,-1,313	59	75144
299.08984375	0.0	behav,3,-1,334	60	76567
304.57421875	0.0	behav,3,-1,355	61	77971
