onset	duration	trial_type	value	sample
1.04296875	0.0	oddball,16744,-1,4	1	267
5.546875	0.0	behav,2,-1,21	2	1420
10.96875	0.0	behav,3,-1,42	3	2808
16.39453125	0.0	behav,3,-1,63	4	4197
21.8125	0.0	behav,3,-1,84	5	5584
27.28125	0.0	behav,3,-1,381	6	6984
32.75	0.0	behav,3,-1,402	7	8384
38.1953125	0.0	behav,3,-1,423	8	9778
43.68359375	0.0	behav,3,-1,444	9	11183
49.15234375	0.0	behav,3,-1,465	10	12583
54.796875	0.0	behav,3,-1,486	11	14028
60.3125	0.0	behav,3,-1,507	12	15440
65.7578125	0.0	behav,3,-1,528	13	16834
71.06640625	0.0	behav,3,-1,549	14	18193
76.46875	0.0	behav,3,-1,570	15	19576
82.2734375	0.0	behav,3,-1,591	16	21062
88.0078125	0.0	behav,3,-1,612	17	22530
93.453125	0.0	behav,3,-1,633	18	23924
98.98828125	0.0	behav,3,-1,654	19	25341
99.7578125	0.0	oddball,16747,-1,657	20	25538
104.28125	0.0	behav,2,-1,675	21	26696
106.046875	0.0	oddball,16740,-1,683	22	27148
109.74609375	0.0	behav,2,-1,696	23	28095
115.2109375	0.0	behav,3,-1,717	24	29494
120.99609375	0.0	behav,3,-1,738	25	30975
122.3671875	0.0	oddball,16745,-1,744	26	31326
126.6875	0.0	behav,2,-1,759	27	32432
128.25390625	0.0	oddball,16740,-1,766	28	32833
132.1328125	0.0	behav,2,-1,780	29	33826
137.578125	0.0	behav,3,-1,801	30	35220
143.33984375	0.0	behav,3,-1,822	31	36695
148.828125	0.0	behav,3,-1,843	32	38100
149.79296875	0.0	oddball,16741,-1,847	33	38347
154.3203125	0.0	behav,2,-1,864	34	39506
159.8046875	0.0	behav,3,-1,885	35	40910
165.4296875	0.0	behav,3,-1,906	36	42350
170.9453125	0.0	behav,3,-1,927	37	43762
176.43359375	0.0	behav,3,-1,948	38	45167
181.8359375	0.0	behav,3,-1,969	39	46550
187.3046875	0.0	behav,3,-1,990	40	47950
192.81640625	0.0	behav,3,-1,1011	41	49361
198.55078125	0.0	behav,3,-1,1032	42	50829
204.0859375	0.0	behav,3,-1,1053	43	52246
209.5546875	0.0	behav,3,-1,1074	44	53646
215.0	0.0	behav,3,-1,1095	45	55040
220.46875	0.0	behav,3,-1,1116	46	56440
225.9375	0.0	behav,3,-1,1137	47	57840
231.35546875	0.0	behav,3,-1,1158	48	59227
236.9140625	0.0	behav,3,-1,103	49	60650
242.4296875	0.0	behav,3,-1,124	50	62062
247.8515625	0.0	behav,3,-1,145	51	63450
253.4765625	0.0	behav,3,-1,166	52	64890
259.39453125	0.0	behav,3,-1,187	53	66405
264.8828125	0.0	behav,3,-1,208	54	67810
270.890625	0.0	behav,3,-1,229	55	69348
276.46875	0.0	behav,3,-1,250	56	70776
282.1171875	0.0	behav,3,-1,271	57	72222
287.31640625	0.0	behav,3,-1,292	58	73553
292.71875	0.0	behav,3,-1,313	59	74936
298.16796875	0.0	behav,3,-1,334	60	76331
303.6953125	0.0	behav,3,-1,355	61	77746
