onset	duration	trial_type	value	sample
6.0078125	0.0	behav,3,-1,21	1	1538
11.72265625	0.0	behav,3,-1,42	2	3001
17.3203125	0.0	behav,3,-1,63	3	4434
22.65625	0.0	behav,3,-1,84	4	5800
27.80859375	0.0	behav,3,-1,382	5	7119
28.97265625	0.0	oddball,16746,-1,387	6	7417
32.9609375	0.0	behav,0,-1,403	7	8438
38.49609375	0.0	behav,3,-1,424	8	9855
44.03125	0.0	behav,3,-1,445	9	11272
49.43359375	0.0	behav,3,-1,466	10	12655
54.828125	0.0	behav,3,-1,487	11	14036
60.296875	0.0	behav,3,-1,508	12	15436
65.96875	0.0	behav,3,-1,529	13	16888
68.72265625	0.0	oddball,16741,-1,543	14	17593
71.32421875	0.0	behav,0,-1,551	15	18259
76.54296875	0.0	behav,3,-1,572	16	19595
79.30078125	0.0	oddball,16747,-1,585	17	20301
81.67578125	0.0	behav,0,-1,593	18	20909
86.8671875	0.0	behav,3,-1,614	19	22238
92.22265625	0.0	behav,3,-1,635	20	23609
97.51171875	0.0	behav,3,-1,656	21	24963
102.73046875	0.0	behav,3,-1,677	22	26299
107.88671875	0.0	behav,3,-1,698	23	27619
113.12890625	0.0	behav,3,-1,719	24	28961
118.3046875	0.0	behav,3,-1,740	25	30286
123.51953125	0.0	behav,3,-1,761	26	31621
129.0546875	0.0	behav,3,-1,782	27	33038
134.43359375	0.0	behav,3,-1,803	28	34415
139.765625	0.0	behav,3,-1,824	29	35780
144.98828125	0.0	behav,3,-1,845	30	37117
150.09375	0.0	behav,3,-1,866	31	38424
155.24609375	0.0	behav,3,-1,887	32	39743
160.5078125	0.0	behav,3,-1,908	33	41090
165.7734375	0.0	behav,3,-1,929	34	42438
171.0390625	0.0	behav,3,-1,950	35	43786
176.53125	0.0	behav,3,-1,971	36	45192
181.70703125	0.0	behav,3,-1,992	37	46517
187.265625	0.0	behav,3,-1,1013	38	47940
192.66015625	0.0	behav,3,-1,1034	39	49321
197.8125	0.0	behav,3,-1,1055	40	50640
200.55078125	0.0	oddball,16742,-1,1068	41	51341
203.2578125	0.0	behav,0,-1,1076	42	52034
208.48046875	0.0	behav,3,-1,1097	43	53371
213.74609375	0.0	behav,3,-1,1118	44	54719
219.16796875	0.0	behav,3,-1,1139	45	56107
224.48046875	0.0	behav,3,-1,1160	46	57467
229.62890625	0.0	behav,3,-1,104	47	58785
234.82421875	0.0	behav,3,-1,125	48	60115
235.59765625	0.0	oddball,16741,-1,128	49	60313
240.0	0.0	behav,0,-1,146	50	61440
245.55859375	0.0	behav,3,-1,167	51	62863
250.7578125	0.0	behav,3,-1,188	52	64194
256.08984375	0.0	behav,3,-1,209	53	65559
261.421875	0.0	behav,3,-1,230	54	66924
266.6171875	0.0	behav,3,-1,251	55	68254
272.109375	0.0	behav,3,-1,272	56	69660
277.41796875	0.0	behav,3,-1,293	57	71019
