onset	duration	trial_type	value	sample
5.51171875	0.0	behav,3,-1,21	1	1411
10.8671875	0.0	behav,3,-1,42	2	2782
16.01953125	0.0	behav,3,-1,63	3	4101
21.390625	0.0	behav,3,-1,84	4	5476
26.703125	0.0	behav,3,-1,381	5	6836
32.01171875	0.0	behav,3,-1,402	6	8195
37.30078125	0.0	behav,3,-1,423	7	9549
42.5	0.0	behav,3,-1,444	8	10880
47.69921875	0.0	behav,3,-1,465	9	12211
53.05078125	0.0	behav,3,-1,486	10	13581
58.29296875	0.0	behav,3,-1,507	11	14923
63.46875	0.0	behav,3,-1,528	12	16248
68.734375	0.0	behav,3,-1,549	13	17596
73.83984375	0.0	behav,3,-1,570	14	18903
78.9921875	0.0	behav,3,-1,591	15	20222
84.28125	0.0	behav,3,-1,612	16	21576
89.8359375	0.0	behav,3,-1,633	17	22998
95.41796875	0.0	behav,3,-1,654	18	24427
97.96875	0.0	oddball,16745,-1,666	19	25080
100.63671875	0.0	behav,0,-1,675	20	25763
105.92578125	0.0	behav,3,-1,696	21	27117
111.14453125	0.0	behav,3,-1,717	22	28453
116.5	0.0	behav,3,-1,738	23	29824
121.6953125	0.0	behav,3,-1,759	24	31154
123.65625	0.0	oddball,16743,-1,768	25	31656
126.89453125	0.0	behav,0,-1,780	26	32485
130.84375	0.0	oddball,16747,-1,799	27	33496
132.2265625	0.0	behav,0,-1,801	28	33850
137.35546875	0.0	behav,3,-1,822	29	35163
142.5546875	0.0	behav,3,-1,843	30	36494
147.796875	0.0	behav,3,-1,864	31	37836
153.12890625	0.0	behav,3,-1,885	32	39201
157.09375	0.0	oddball,16743,-1,904	33	40216
158.5703125	0.0	behav,0,-1,906	34	40594
163.7265625	0.0	behav,3,-1,927	35	41914
168.96875	0.0	behav,3,-1,948	36	43256
174.1875	0.0	behav,3,-1,969	37	44592
179.54296875	0.0	behav,3,-1,990	38	45963
184.83203125	0.0	behav,3,-1,1011	39	47317
190.16015625	0.0	behav,3,-1,1032	40	48681
195.62890625	0.0	behav,3,-1,1053	41	50081
200.89453125	0.0	behav,3,-1,1074	42	51429
206.25	0.0	behav,3,-1,1095	43	52800
211.46875	0.0	behav,3,-1,1116	44	54136
216.6015625	0.0	behav,3,-1,1137	45	55450
222.0234375	0.0	behav,3,-1,1158	46	56838
227.15234375	0.0	behav,3,-1,103	47	58151
232.3046875	0.0	behav,3,-1,124	48	59470
232.671875	0.0	oddball,16747,-1,125	49	59564
237.48046875	0.0	behav,0,-1,145	50	60795
242.765625	0.0	behav,3,-1,166	51	62148
247.98828125	0.0	behav,3,-1,187	52	63485
253.1640625	0.0	behav,3,-1,208	53	64810
258.4296875	0.0	behav,3,-1,229	54	66158
