onset	duration	trial_type	value	sample
4.44140625	0.0	behav,5,-1,21	1	1137
11.5703125	0.0	behav,5,-1,42	2	2962
19.734375	0.0	behav,3,-1,63	3	5052
24.953125	0.0	behav,3,-1,84	4	6388
30.33203125	0.0	behav,3,-1,381	5	7765
33.9609375	0.0	oddball,16743,-1,398	6	8694
35.6640625	0.0	behav,0,-1,402	7	9130
40.859375	0.0	behav,3,-1,423	8	10460
46.0390625	0.0	behav,3,-1,444	9	11786
51.3046875	0.0	behav,3,-1,465	10	13134
54.4609375	0.0	oddball,16743,-1,480	11	13942
56.54296875	0.0	behav,0,-1,486	12	14475
62.078125	0.0	behav,3,-1,507	13	15892
67.61328125	0.0	behav,3,-1,528	14	17309
72.921875	0.0	behav,3,-1,549	15	18668
78.14453125	0.0	behav,3,-1,570	16	20005
83.41015625	0.0	behav,3,-1,591	17	21353
88.73828125	0.0	behav,3,-1,612	18	22717
94.05078125	0.0	behav,3,-1,633	19	24077
99.359375	0.0	behav,3,-1,654	20	25436
104.578125	0.0	behav,3,-1,675	21	26772
109.80078125	0.0	behav,3,-1,696	22	28109
115.01953125	0.0	behav,3,-1,717	23	29445
120.30859375	0.0	behav,3,-1,738	24	30799
125.6171875	0.0	behav,3,-1,759	25	32158
129.5546875	0.0	oddball,16748,-1,778	26	33166
130.8828125	0.0	behav,0,-1,780	27	33506
136.19140625	0.0	behav,3,-1,801	28	34865
139.1484375	0.0	oddball,16747,-1,815	29	35622
141.41015625	0.0	behav,0,-1,822	30	36201
146.69921875	0.0	behav,3,-1,843	31	37555
151.8515625	0.0	behav,3,-1,864	32	38874
157.18359375	0.0	behav,3,-1,885	33	40239
162.5859375	0.0	behav,3,-1,906	34	41622
167.76171875	0.0	behav,3,-1,927	35	42947
169.3046875	0.0	oddball,16745,-1,934	36	43342
173.0703125	0.0	behav,0,-1,948	37	44306
178.37890625	0.0	behav,3,-1,969	38	45665
181.7421875	0.0	oddball,16743,-1,985	39	46526
183.890625	0.0	behav,0,-1,990	40	47076
189.3125	0.0	behav,3,-1,1011	41	48464
194.66796875	0.0	behav,3,-1,1032	42	49835
199.98046875	0.0	behav,3,-1,1053	43	51195
205.17578125	0.0	behav,3,-1,1074	44	52525
210.44140625	0.0	behav,3,-1,1095	45	53873
215.66015625	0.0	behav,3,-1,1116	46	55209
220.9921875	0.0	behav,3,-1,1137	47	56574
226.19140625	0.0	behav,3,-1,1158	48	57905
231.5	0.0	behav,3,-1,103	49	59264
236.921875	0.0	behav,3,-1,124	50	60652
242.14453125	0.0	behav,3,-1,145	51	61989
247.51953125	0.0	behav,3,-1,166	52	63365
252.71484375	0.0	behav,3,-1,187	53	64695
257.9140625	0.0	behav,3,-1,208	54	66026
263.26953125	0.0	behav,3,-1,229	55	67397
268.3984375	0.0	behav,3,-1,250	56	68710
273.75390625	0.0	behav,3,-1,271	57	70081
279.109375	0.0	behav,3,-1,292	58	71452
284.44140625	0.0	behav,3,-1,313	59	72817
289.7734375	0.0	behav,3,-1,334	60	74182
295.0859375	0.0	behav,3,-1,355	61	75542
