onset	duration	trial_type	value	sample
5.3515625	0.0	behav,3,-1,21	1	1370
10.70703125	0.0	behav,3,-1,42	2	2741
15.90625	0.0	behav,3,-1,63	3	4072
21.234375	0.0	behav,3,-1,84	4	5436
26.3671875	0.0	behav,3,-1,381	5	6750
31.51953125	0.0	behav,3,-1,402	6	8069
36.76171875	0.0	behav,3,-1,423	7	9411
41.9140625	0.0	behav,3,-1,444	8	10730
47.0234375	0.0	behav,3,-1,465	9	12038
52.1484375	0.0	behav,3,-1,486	10	13350
57.4375	0.0	behav,3,-1,507	11	14704
63.0390625	0.0	behav,3,-1,528	12	16138
68.21484375	0.0	behav,3,-1,549	13	17463
71.58203125	0.0	oddball,16745,-1,565	14	18325
73.390625	0.0	behav,0,-1,570	15	18788
78.5	0.0	behav,3,-1,591	16	20096
79.25390625	0.0	oddball,16743,-1,594	17	20289
83.71875	0.0	behav,0,-1,612	18	21432
88.9375	0.0	behav,3,-1,633	19	22768
94.109375	0.0	behav,3,-1,654	20	24092
99.265625	0.0	behav,3,-1,675	21	25412
104.57421875	0.0	behav,3,-1,696	22	26771
108.73828125	0.0	oddball,16740,-1,716	23	27837
109.88671875	0.0	behav,0,-1,717	24	28131
115.66796875	0.0	behav,3,-1,738	25	29611
121.22265625	0.0	behav,3,-1,759	26	31033
126.375	0.0	behav,3,-1,780	27	32352
131.57421875	0.0	behav,3,-1,801	28	33683
136.97265625	0.0	behav,3,-1,822	29	35065
142.05859375	0.0	behav,3,-1,843	30	36367
147.28125	0.0	behav,3,-1,864	31	37704
152.56640625	0.0	behav,3,-1,885	32	39057
157.8515625	0.0	behav,3,-1,906	33	40410
163.1171875	0.0	behav,3,-1,927	34	41758
168.49609375	0.0	behav,3,-1,948	35	43135
173.76171875	0.0	behav,3,-1,969	36	44483
179.36328125	0.0	behav,3,-1,990	37	45917
184.8984375	0.0	behav,3,-1,1011	38	47334
190.1875	0.0	behav,3,-1,1032	39	48688
195.4921875	0.0	behav,3,-1,1053	40	50046
200.78125	0.0	behav,3,-1,1074	41	51400
206.0703125	0.0	behav,3,-1,1095	42	52754
211.5390625	0.0	behav,3,-1,1116	43	54154
216.9609375	0.0	behav,3,-1,1137	44	55542
222.25	0.0	behav,3,-1,1158	45	56896
223.42578125	0.0	oddball,16746,-1,1163	46	57197
227.46875	0.0	behav,0,-1,103	47	58232
232.8671875	0.0	behav,3,-1,124	48	59614
238.0625	0.0	behav,3,-1,145	49	60944
243.375	0.0	behav,3,-1,166	50	62304
248.55078125	0.0	behav,3,-1,187	51	63629
253.703125	0.0	behav,3,-1,208	52	64948
255.06640625	0.0	oddball,16745,-1,214	53	65297
259.01171875	0.0	behav,0,-1,229	54	66307
264.3203125	0.0	behav,3,-1,250	55	67666
264.859375	0.0	oddball,16742,-1,252	56	67804
269.609375	0.0	behav,0,-1,271	57	69020
274.875	0.0	behav,3,-1,292	58	70368
280.1171875	0.0	behav,3,-1,313	59	71710
285.203125	0.0	behav,3,-1,334	60	73012
290.421875	0.0	behav,3,-1,355	61	74348
295.66015625	0.0	behav,3,-1,376	62	75689
