onset	duration	trial_type	value	sample
0.64453125	0.0	oddball,16740,-1,2	1	165
5.421875	0.0	behav,0,-1,21	2	1388
10.734375	0.0	behav,3,-1,42	3	2748
15.88671875	0.0	behav,3,-1,63	4	4067
21.30859375	0.0	behav,3,-1,84	5	5455
26.62109375	0.0	behav,3,-1,381	6	6815
31.79296875	0.0	behav,3,-1,402	7	8139
37.26171875	0.0	behav,3,-1,423	8	9539
42.546875	0.0	behav,3,-1,444	9	10892
47.85546875	0.0	behav,3,-1,465	10	12251
53.45703125	0.0	behav,3,-1,486	11	13685
58.63671875	0.0	behav,3,-1,507	12	15011
63.9453125	0.0	behav,3,-1,528	13	16370
69.09375	0.0	behav,3,-1,549	14	17688
74.24609375	0.0	behav,3,-1,570	15	19007
79.46875	0.0	behav,3,-1,591	16	20344
83.6015625	0.0	oddball,16743,-1,611	17	21402
84.890625	0.0	behav,0,-1,612	18	21732
90.06640625	0.0	behav,3,-1,633	19	23057
95.30859375	0.0	behav,3,-1,654	20	24399
96.2734375	0.0	oddball,16743,-1,658	21	24646
100.640625	0.0	behav,0,-1,675	22	25764
106.0859375	0.0	behav,3,-1,696	23	27158
111.37109375	0.0	behav,3,-1,717	24	28511
116.61328125	0.0	behav,3,-1,738	25	29853
121.8125	0.0	behav,3,-1,759	26	31184
124.7578125	0.0	oddball,16743,-1,773	27	31938
127.0546875	0.0	behav,0,-1,780	28	32526
132.34375	0.0	behav,3,-1,801	29	33880
137.65625	0.0	behav,3,-1,822	30	35240
138.01953125	0.0	oddball,16746,-1,823	31	35333
142.91796875	0.0	behav,0,-1,843	32	36587
148.09375	0.0	behav,3,-1,864	33	37912
153.3125	0.0	behav,3,-1,885	34	39248
158.44140625	0.0	behav,3,-1,906	35	40561
163.6640625	0.0	behav,3,-1,927	36	41898
168.83984375	0.0	behav,3,-1,948	37	43223
174.05859375	0.0	behav,3,-1,969	38	44559
179.41015625	0.0	behav,3,-1,990	39	45929
184.6796875	0.0	behav,3,-1,1011	40	47278
189.98828125	0.0	behav,3,-1,1032	41	48637
195.2734375	0.0	behav,3,-1,1053	42	49990
196.0390625	0.0	oddball,16747,-1,1056	43	50186
200.83203125	0.0	behav,0,-1,1074	44	51413
206.14453125	0.0	behav,3,-1,1095	45	52773
211.42578125	0.0	behav,3,-1,1116	46	54125
216.8515625	0.0	behav,3,-1,1137	47	55514
222.09375	0.0	behav,3,-1,1158	48	56856
227.26953125	0.0	behav,3,-1,103	49	58181
232.51171875	0.0	behav,3,-1,124	50	59523
237.7109375	0.0	behav,3,-1,145	51	60854
243.10546875	0.0	behav,3,-1,166	52	62235
248.39453125	0.0	behav,3,-1,187	53	63589
253.703125	0.0	behav,3,-1,208	54	64948
258.96875	0.0	behav,3,-1,229	55	66296
264.37109375	0.0	behav,3,-1,250	56	67679
269.5234375	0.0	behav,3,-1,271	57	68998
274.76171875	0.0	behav,3,-1,292	58	70339
280.02734375	0.0	behav,3,-1,313	59	71687
285.25	0.0	behav,3,-1,334	60	73024
290.60546875	0.0	behav,3,-1,355	61	74395
