onset	duration	trial_type	value	sample
5.23046875	0.0	behav,3,-1,21	1	1339
10.40625	0.0	behav,3,-1,42	2	2664
15.80859375	0.0	behav,3,-1,63	3	4047
21.06640625	0.0	behav,3,-1,84	4	5393
24.421875	0.0	oddball,16744,-1,100	5	6252
26.2890625	0.0	behav,0,-1,381	6	6730
32.296875	0.0	behav,3,-1,402	7	8268
36.453125	0.0	oddball,16741,-1,422	8	9332
37.47265625	0.0	behav,0,-1,423	9	9593
43.0078125	0.0	behav,3,-1,444	10	11010
46.765625	0.0	oddball,16744,-1,462	11	11972
48.3203125	0.0	behav,0,-1,465	12	12370
53.6484375	0.0	behav,3,-1,486	13	13734
58.9140625	0.0	behav,3,-1,507	14	15082
64.26953125	0.0	behav,3,-1,528	15	16453
69.46484375	0.0	behav,3,-1,549	16	17783
74.57421875	0.0	behav,3,-1,570	17	19091
80.265625	0.0	behav,3,-1,591	18	20548
81.81640625	0.0	oddball,16740,-1,598	19	20945
85.3984375	0.0	behav,0,-1,612	20	21862
90.5234375	0.0	behav,3,-1,633	21	23174
95.72265625	0.0	behav,3,-1,654	22	24505
101.14453125	0.0	behav,3,-1,675	23	25893
106.34375	0.0	behav,3,-1,696	24	27224
111.54296875	0.0	behav,3,-1,717	25	28555
116.875	0.0	behav,3,-1,738	26	29920
122.0703125	0.0	behav,3,-1,759	27	31250
127.3125	0.0	behav,3,-1,780	28	32592
132.578125	0.0	behav,3,-1,801	29	33940
137.796875	0.0	behav,3,-1,822	30	35276
143.0390625	0.0	behav,3,-1,843	31	36618
148.21484375	0.0	behav,3,-1,864	32	37943
153.48046875	0.0	behav,3,-1,885	33	39291
155.640625	0.0	oddball,16745,-1,895	34	39844
158.921875	0.0	behav,0,-1,906	35	40684
164.12109375	0.0	behav,3,-1,927	36	42015
169.4296875	0.0	behav,3,-1,948	37	43374
174.65234375	0.0	behav,3,-1,969	38	44711
180.07421875	0.0	behav,3,-1,990	39	46099
185.2734375	0.0	behav,3,-1,1011	40	47430
190.55859375	0.0	behav,3,-1,1032	41	48783
195.84375	0.0	behav,3,-1,1053	42	50136
201.109375	0.0	behav,3,-1,1074	43	51484
206.48828125	0.0	behav,3,-1,1095	44	52861
211.73046875	0.0	behav,3,-1,1116	45	54203
217.109375	0.0	behav,3,-1,1137	46	55580
222.328125	0.0	behav,3,-1,1158	47	56916
227.63671875	0.0	behav,3,-1,103	48	58275
232.8359375	0.0	behav,3,-1,124	49	59606
238.1015625	0.0	behav,3,-1,145	50	60954
243.3671875	0.0	behav,3,-1,166	51	62302
245.328125	0.0	oddball,16741,-1,175	52	62804
248.5390625	0.0	behav,0,-1,187	53	63626
253.8515625	0.0	behav,3,-1,208	54	64986
259.0	0.0	behav,3,-1,229	55	66304
264.2890625	0.0	behav,3,-1,250	56	67658
269.44140625	0.0	behav,3,-1,271	57	68977
275.08984375	0.0	behav,3,-1,292	58	70423
280.30859375	0.0	behav,3,-1,313	59	71759
285.59765625	0.0	behav,3,-1,334	60	73113
290.86328125	0.0	behav,3,-1,355	61	74461
