onset	duration	trial_type	value	sample
5.6953125	0.0	behav,3,-1,21	1	1458
11.1171875	0.0	behav,3,-1,42	2	2846
16.36328125	0.0	behav,3,-1,63	3	4189
21.66796875	0.0	behav,3,-1,84	4	5547
27.0	0.0	behav,3,-1,381	5	6912
32.35546875	0.0	behav,3,-1,402	6	8283
37.5546875	0.0	behav,3,-1,423	7	9614
42.68359375	0.0	behav,3,-1,444	8	10927
47.99609375	0.0	behav,3,-1,465	9	12287
53.30078125	0.0	behav,3,-1,486	10	13645
58.703125	0.0	behav,3,-1,507	11	15028
64.08203125	0.0	behav,3,-1,528	12	16405
69.234375	0.0	behav,3,-1,549	13	17724
74.453125	0.0	behav,3,-1,570	14	19060
76.3984375	0.0	oddball,16744,-1,579	15	19558
80.01171875	0.0	behav,0,-1,591	16	20483
85.2109375	0.0	behav,3,-1,612	17	21814
90.47265625	0.0	behav,3,-1,633	18	23161
95.828125	0.0	behav,3,-1,654	19	24532
101.046875	0.0	behav,3,-1,675	20	25868
106.359375	0.0	behav,3,-1,696	21	27228
111.53515625	0.0	behav,3,-1,717	22	28553
116.6640625	0.0	behav,3,-1,738	23	29866
121.8359375	0.0	behav,3,-1,759	24	31190
127.0546875	0.0	behav,3,-1,780	25	32526
132.58984375	0.0	behav,3,-1,801	26	33943
137.94921875	0.0	behav,3,-1,822	27	35315
143.2578125	0.0	behav,3,-1,843	28	36674
148.56640625	0.0	behav,3,-1,864	29	38033
154.03515625	0.0	behav,3,-1,885	30	39433
154.60546875	0.0	oddball,16744,-1,887	31	39579
159.3203125	0.0	behav,0,-1,906	32	40786
164.5859375	0.0	behav,3,-1,927	33	42134
169.76171875	0.0	behav,3,-1,948	34	43459
175.0703125	0.0	behav,3,-1,969	35	44818
177.6015625	0.0	oddball,16740,-1,981	36	45466
180.2265625	0.0	behav,0,-1,990	37	46138
185.421875	0.0	behav,3,-1,1011	38	47468
188.94921875	0.0	oddball,16747,-1,1028	39	48371
190.91015625	0.0	behav,0,-1,1032	40	48873
196.0625	0.0	behav,3,-1,1053	41	50192
201.3515625	0.0	behav,3,-1,1074	42	51546
206.50390625	0.0	behav,3,-1,1095	43	52865
209.6484375	0.0	oddball,16744,-1,1110	44	53670
211.703125	0.0	behav,0,-1,1116	45	54196
216.83203125	0.0	behav,3,-1,1137	46	55509
222.1640625	0.0	behav,3,-1,1158	47	56874
227.3828125	0.0	behav,3,-1,103	48	58210
232.73828125	0.0	behav,3,-1,124	49	59581
237.890625	0.0	behav,3,-1,145	50	60900
243.19921875	0.0	behav,3,-1,166	51	62259
248.375	0.0	behav,3,-1,187	52	63584
253.55078125	0.0	behav,3,-1,208	53	64909
259.12890625	0.0	behav,3,-1,229	54	66337
264.4375	0.0	behav,3,-1,250	55	67696
268.6015625	0.0	oddball,16745,-1,270	56	68762
269.83984375	0.0	behav,0,-1,271	57	69079
275.1484375	0.0	behav,3,-1,292	58	70438
280.4375	0.0	behav,3,-1,313	59	71792
285.76953125	0.0	behav,3,-1,334	60	73157
291.03515625	0.0	behav,3,-1,355	61	74505
