onset	duration	trial_type	value	sample
5.68359375	0.0	behav,3,-1,21	1	1455
10.9921875	0.0	behav,3,-1,42	2	2814
16.28125	0.0	behav,3,-1,63	3	4168
21.74609375	0.0	behav,3,-1,84	4	5567
27.34765625	0.0	behav,3,-1,381	5	7001
32.90625	0.0	behav,3,-1,402	6	8424
38.10546875	0.0	behav,3,-1,423	7	9755
43.4140625	0.0	behav,3,-1,444	8	11114
47.1875	0.0	oddball,16747,-1,462	9	12080
48.703125	0.0	behav,0,-1,465	10	12468
53.94140625	0.0	behav,3,-1,486	11	13809
59.23046875	0.0	behav,3,-1,507	12	15163
64.5625	0.0	behav,3,-1,528	13	16528
69.8046875	0.0	behav,3,-1,549	14	17870
75.02734375	0.0	behav,3,-1,570	15	19207
80.19921875	0.0	behav,3,-1,591	16	20531
85.46484375	0.0	behav,3,-1,612	17	21879
90.9765625	0.0	behav,3,-1,633	18	23290
96.28515625	0.0	behav,3,-1,654	19	24649
101.53125	0.0	behav,3,-1,675	20	25992
106.83984375	0.0	behav,3,-1,696	21	27351
111.96875	0.0	behav,3,-1,717	22	28664
117.125	0.0	behav,3,-1,738	23	29984
122.29296875	0.0	behav,3,-1,759	24	31307
127.5625	0.0	behav,3,-1,780	25	32656
132.84765625	0.0	behav,3,-1,801	26	34009
138.25	0.0	behav,3,-1,822	27	35392
143.4921875	0.0	behav,3,-1,843	28	36734
148.7578125	0.0	behav,3,-1,864	29	38082
150.125	0.0	oddball,16741,-1,870	30	38432
153.95703125	0.0	behav,0,-1,885	31	39413
159.10546875	0.0	behav,3,-1,906	32	40731
164.50390625	0.0	behav,3,-1,927	33	42113
168.265625	0.0	oddball,16746,-1,945	34	43076
169.83984375	0.0	behav,0,-1,948	35	43479
175.26171875	0.0	behav,3,-1,969	36	44867
180.45703125	0.0	behav,3,-1,990	37	46197
185.7265625	0.0	behav,3,-1,1011	38	47546
190.8515625	0.0	behav,3,-1,1032	39	48858
196.18359375	0.0	behav,3,-1,1053	40	50223
201.5625	0.0	behav,3,-1,1074	41	51600
204.125	0.0	oddball,16746,-1,1086	42	52256
206.8046875	0.0	behav,0,-1,1095	43	52942
212.046875	0.0	behav,3,-1,1116	44	54284
217.4921875	0.0	behav,3,-1,1137	45	55678
222.66796875	0.0	behav,3,-1,1158	46	57003
227.953125	0.0	behav,3,-1,103	47	58356
230.109375	0.0	oddball,16740,-1,113	48	58908
233.171875	0.0	behav,0,-1,124	49	59692
238.484375	0.0	behav,3,-1,145	50	61052
243.7734375	0.0	behav,3,-1,166	51	62406
248.96875	0.0	behav,3,-1,187	52	63736
254.16796875	0.0	behav,3,-1,208	53	65067
259.4296875	0.0	behav,3,-1,229	54	66414
264.73828125	0.0	behav,3,-1,250	55	67773
269.87109375	0.0	behav,3,-1,271	56	69087
275.08984375	0.0	behav,3,-1,292	57	70423
