onset	duration	trial_type	value	sample
5.3984375	0.0	behav,3,-1,21	1	1382
10.59765625	0.0	behav,3,-1,42	2	2713
15.75	0.0	behav,3,-1,63	3	4032
21.12890625	0.0	behav,3,-1,84	4	5409
26.45703125	0.0	behav,3,-1,382	5	6773
31.6328125	0.0	behav,3,-1,403	6	8098
36.98828125	0.0	behav,3,-1,424	7	9469
42.25390625	0.0	behav,3,-1,445	8	10817
47.44921875	0.0	behav,3,-1,466	9	12147
52.8046875	0.0	behav,3,-1,487	10	13518
57.9765625	0.0	behav,3,-1,508	11	14842
63.33203125	0.0	behav,3,-1,529	12	16213
68.6875	0.0	behav,3,-1,550	13	17584
73.86328125	0.0	behav,3,-1,571	14	18909
79.17578125	0.0	behav,3,-1,592	15	20269
82.70703125	0.0	oddball,16746,-1,609	16	21173
84.3515625	0.0	behav,0,-1,613	17	21594
89.56640625	0.0	behav,3,-1,634	18	22929
95.1953125	0.0	behav,3,-1,655	19	24370
100.34765625	0.0	behav,3,-1,676	20	25689
105.58984375	0.0	behav,3,-1,697	21	27031
110.8984375	0.0	behav,3,-1,718	22	28390
116.2109375	0.0	behav,3,-1,739	23	29750
121.453125	0.0	behav,3,-1,760	24	31092
126.625	0.0	behav,3,-1,781	25	32416
131.77734375	0.0	behav,3,-1,802	26	33735
136.90625	0.0	behav,3,-1,823	27	35048
142.0625	0.0	behav,3,-1,844	28	36368
147.21484375	0.0	behav,3,-1,865	29	37687
150.73828125	0.0	oddball,16744,-1,882	30	38589
152.58984375	0.0	behav,0,-1,886	31	39063
158.2578125	0.0	behav,3,-1,907	32	40514
163.43359375	0.0	behav,3,-1,928	33	41839
165.59765625	0.0	oddball,16742,-1,938	34	42393
168.74609375	0.0	behav,0,-1,949	35	43199
171.87890625	0.0	oddball,16748,-1,964	36	44001
173.98828125	0.0	behav,0,-1,970	37	44541
175.34765625	0.0	oddball,16741,-1,976	38	44889
179.2734375	0.0	behav,0,-1,991	39	45894
186.0703125	0.0	behav,3,-1,1012	40	47634
191.515625	0.0	behav,3,-1,1034	41	49028
196.890625	0.0	behav,3,-1,1055	42	50404
202.01953125	0.0	behav,3,-1,1076	43	51717
204.76953125	0.0	oddball,16748,-1,1089	44	52421
207.15234375	0.0	behav,0,-1,1097	45	53031
212.41796875	0.0	behav,3,-1,1118	46	54379
217.70703125	0.0	behav,3,-1,1139	47	55733
223.26171875	0.0	behav,3,-1,1160	48	57155
228.50390625	0.0	behav,3,-1,104	49	58497
233.65625	0.0	behav,3,-1,125	50	59816
238.83203125	0.0	behav,3,-1,146	51	61141
244.1875	0.0	behav,3,-1,167	52	62512
249.51953125	0.0	behav,3,-1,188	53	63877
254.875	0.0	behav,3,-1,209	54	65248
260.20703125	0.0	behav,3,-1,230	55	66613
265.46875	0.0	behav,3,-1,251	56	67960
270.62109375	0.0	behav,3,-1,272	57	69279
275.88671875	0.0	behav,3,-1,293	58	70627
281.0859375	0.0	behav,3,-1,314	59	71958
286.21484375	0.0	behav,3,-1,335	60	73271
