onset	duration	trial_type	value	sample
5.41015625	0.0	behav,3,-1,21	1	1385
10.78515625	0.0	behav,3,-1,42	2	2761
16.1640625	0.0	behav,3,-1,63	3	4138
21.80859375	0.0	behav,3,-1,84	4	5583
27.140625	0.0	behav,3,-1,381	5	6948
32.67578125	0.0	behav,3,-1,402	6	8365
37.83203125	0.0	behav,3,-1,423	7	9685
43.1640625	0.0	behav,3,-1,444	8	11050
46.921875	0.0	oddball,16747,-1,462	9	12012
48.6328125	0.0	behav,0,-1,465	10	12450
53.78125	0.0	behav,3,-1,486	11	13768
56.32421875	0.0	oddball,16742,-1,498	12	14419
59.0234375	0.0	behav,0,-1,507	13	15110
64.19921875	0.0	behav,3,-1,528	14	16435
69.3515625	0.0	behav,3,-1,549	15	17754
74.7734375	0.0	behav,3,-1,570	16	19142
80.015625	0.0	behav,3,-1,591	17	20484
85.484375	0.0	behav,3,-1,612	18	21884
90.859375	0.0	behav,3,-1,633	19	23260
96.03515625	0.0	behav,3,-1,654	20	24585
101.32421875	0.0	behav,3,-1,675	21	25939
106.5	0.0	behav,3,-1,696	22	27264
108.046875	0.0	oddball,16745,-1,703	23	27660
112.01171875	0.0	behav,0,-1,717	24	28675
117.23046875	0.0	behav,3,-1,738	25	30011
122.5390625	0.0	behav,3,-1,759	26	31370
127.8046875	0.0	behav,3,-1,780	27	32718
133.13671875	0.0	behav,3,-1,801	28	34083
138.359375	0.0	behav,3,-1,822	29	35420
143.51171875	0.0	behav,3,-1,843	30	36739
148.6875	0.0	behav,3,-1,864	31	38064
154.04296875	0.0	behav,3,-1,885	32	39435
156.79296875	0.0	oddball,16742,-1,898	33	40139
159.32421875	0.0	behav,0,-1,906	34	40787
164.45703125	0.0	behav,3,-1,927	35	42101
169.8359375	0.0	behav,3,-1,948	36	43478
175.12109375	0.0	behav,3,-1,969	37	44831
180.2734375	0.0	behav,3,-1,990	38	46150
185.71875	0.0	behav,3,-1,1011	39	47544
190.9140625	0.0	behav,3,-1,1032	40	48874
196.203125	0.0	behav,3,-1,1053	41	50228
201.3125	0.0	behav,3,-1,1074	42	51536
206.6875	0.0	behav,3,-1,1095	43	52912
211.84375	0.0	behav,3,-1,1116	44	54232
217.12890625	0.0	behav,3,-1,1137	45	55585
222.3046875	0.0	behav,3,-1,1158	46	56910
227.58984375	0.0	behav,3,-1,103	47	58263
232.7421875	0.0	behav,3,-1,124	48	59582
238.03125	0.0	behav,3,-1,145	49	60936
243.16015625	0.0	behav,3,-1,166	50	62249
244.48046875	0.0	oddball,16745,-1,172	51	62587
248.96484375	0.0	behav,0,-1,187	52	63735
254.1640625	0.0	behav,3,-1,208	53	65066
259.6953125	0.0	behav,3,-1,229	54	66482
264.9609375	0.0	behav,3,-1,250	55	67830
270.33984375	0.0	behav,3,-1,271	56	69207
275.62890625	0.0	behav,3,-1,292	57	70561
280.84765625	0.0	behav,3,-1,313	58	71897
286.25	0.0	behav,3,-1,334	59	73280
287.0	0.0	oddball,16740,-1,337	60	73472
291.46875	0.0	behav,0,-1,355	61	74616
