onset	duration	trial_type	value	sample
2.75	0.0	oddball,16746,-1,10	1	704
5.79296875	0.0	behav,0,-1,21	2	1483
10.984375	0.0	behav,3,-1,42	3	2812
16.375	0.0	behav,3,-1,63	4	4192
21.81640625	0.0	behav,3,-1,84	5	5585
27.40234375	0.0	behav,3,-1,381	6	7015
32.984375	0.0	behav,3,-1,402	7	8444
38.16015625	0.0	behav,3,-1,423	8	9769
40.9375	0.0	oddball,16748,-1,436	9	10480
43.734375	0.0	behav,0,-1,444	10	11196
49.84765625	0.0	behav,3,-1,465	11	12761
55.16796875	0.0	behav,3,-1,486	12	14123
60.578125	0.0	behav,3,-1,507	13	15508
66.00390625	0.0	behav,3,-1,528	14	16897
71.3125	0.0	behav,3,-1,549	15	18256
76.69921875	0.0	behav,3,-1,570	16	19635
82.1328125	0.0	behav,3,-1,591	17	21026
87.5859375	0.0	behav,3,-1,612	18	22422
93.28125	0.0	behav,3,-1,633	19	23880
98.46484375	0.0	behav,3,-1,654	20	25207
103.859375	0.0	behav,3,-1,675	21	26588
109.12890625	0.0	behav,3,-1,696	22	27937
114.6015625	0.0	behav,3,-1,717	23	29338
120.08984375	0.0	behav,3,-1,738	24	30743
125.515625	0.0	behav,3,-1,759	25	32132
128.671875	0.0	oddball,16747,-1,774	26	32940
130.71484375	0.0	behav,0,-1,780	27	33463
135.93359375	0.0	behav,3,-1,801	28	34799
141.4296875	0.0	behav,3,-1,822	29	36206
146.609375	0.0	behav,3,-1,843	30	37532
152.12109375	0.0	behav,3,-1,864	31	38943
153.0625	0.0	oddball,16741,-1,868	32	39184
157.30859375	0.0	behav,0,-1,885	33	40271
159.671875	0.0	oddball,16746,-1,896	34	40876
162.8125	0.0	behav,0,-1,906	35	41680
167.98046875	0.0	behav,3,-1,927	36	43003
173.59765625	0.0	behav,3,-1,948	37	44441
178.8203125	0.0	behav,3,-1,969	38	45778
184.078125	0.0	behav,3,-1,990	39	47124
189.390625	0.0	behav,3,-1,1011	40	48484
194.6875	0.0	behav,3,-1,1032	41	49840
200.09765625	0.0	behav,3,-1,1053	42	51225
205.78125	0.0	behav,3,-1,1074	43	52680
211.140625	0.0	behav,3,-1,1095	44	54052
216.5078125	0.0	behav,3,-1,1116	45	55426
221.7421875	0.0	behav,3,-1,1137	46	56766
227.078125	0.0	behav,3,-1,1158	47	58132
227.4375	0.0	oddball,16742,-1,1159	48	58224
232.375	0.0	behav,0,-1,103	49	59488
237.6875	0.0	behav,3,-1,124	50	60848
242.85546875	0.0	behav,3,-1,145	51	62171
248.2734375	0.0	behav,3,-1,166	52	63558
253.703125	0.0	behav,3,-1,187	53	64948
259.4765625	0.0	behav,3,-1,208	54	66426
264.6953125	0.0	behav,3,-1,229	55	67762
270.22265625	0.0	behav,3,-1,250	56	69177
275.625	0.0	behav,3,-1,271	57	70560
280.80078125	0.0	behav,3,-1,292	58	71885
286.20703125	0.0	behav,3,-1,313	59	73269
291.40234375	0.0	behav,3,-1,334	60	74599
296.5859375	0.0	behav,3,-1,355	61	75926
301.80859375	0.0	behav,3,-1,376	62	77263
