onset	duration	trial_type	value	sample
3.546875	0.0	oddball,16745,-1,14	1	908
6.03125	0.0	behav,0,-1,21	2	1544
11.4609375	0.0	behav,3,-1,42	3	2934
17.53125	0.0	behav,3,-1,63	4	4488
23.140625	0.0	behav,3,-1,84	5	5924
28.578125	0.0	behav,3,-1,381	6	7316
33.74609375	0.0	behav,3,-1,402	7	8639
39.1640625	0.0	behav,3,-1,423	8	10026
44.54296875	0.0	behav,3,-1,444	9	11403
49.890625	0.0	behav,3,-1,465	10	12772
55.21484375	0.0	behav,3,-1,486	11	14135
60.453125	0.0	behav,3,-1,507	12	15476
66.125	0.0	behav,3,-1,528	13	16928
71.546875	0.0	behav,3,-1,549	14	18316
76.97265625	0.0	behav,3,-1,570	15	19705
82.62890625	0.0	behav,3,-1,591	16	21153
88.20703125	0.0	behav,3,-1,612	17	22581
93.55859375	0.0	behav,3,-1,633	18	23951
95.109375	0.0	oddball,16745,-1,640	19	24348
98.87109375	0.0	behav,0,-1,654	20	25311
104.19140625	0.0	behav,3,-1,675	21	26673
109.55859375	0.0	behav,3,-1,696	22	28047
112.515625	0.0	oddball,16744,-1,710	23	28804
114.78125	0.0	behav,0,-1,717	24	29384
120.15234375	0.0	behav,3,-1,738	25	30759
125.32421875	0.0	behav,3,-1,759	26	32083
130.671875	0.0	behav,3,-1,780	27	33452
136.0546875	0.0	behav,3,-1,801	28	34830
141.44140625	0.0	behav,3,-1,822	29	36209
146.8203125	0.0	behav,3,-1,843	30	37586
152.18359375	0.0	behav,3,-1,864	31	38959
155.75390625	0.0	oddball,16742,-1,881	32	39873
157.546875	0.0	behav,0,-1,885	33	40332
163.0	0.0	behav,3,-1,906	34	41728
168.59375	0.0	behav,3,-1,927	35	43160
173.921875	0.0	behav,3,-1,948	36	44524
174.875	0.0	oddball,16743,-1,952	37	44768
179.1640625	0.0	behav,0,-1,969	38	45866
184.55859375	0.0	behav,3,-1,990	39	47247
190.4375	0.0	behav,3,-1,1011	40	48752
195.8359375	0.0	behav,3,-1,1032	41	50134
201.546875	0.0	behav,3,-1,1053	42	51596
207.0859375	0.0	behav,3,-1,1074	43	53014
212.78125	0.0	behav,3,-1,1095	44	54472
219.23828125	0.0	behav,3,-1,1116	45	56125
224.7734375	0.0	behav,3,-1,1137	46	57542
230.21875	0.0	behav,3,-1,1158	47	58936
235.703125	0.0	behav,3,-1,103	48	60340
241.3515625	0.0	behav,3,-1,124	49	61786
246.6875	0.0	behav,3,-1,145	50	63152
252.0	0.0	behav,3,-1,166	51	64512
257.2734375	0.0	behav,3,-1,187	52	65862
262.55859375	0.0	behav,3,-1,208	53	67215
267.80859375	0.0	behav,3,-1,229	54	68559
273.35546875	0.0	behav,3,-1,250	55	69979
278.79296875	0.0	behav,3,-1,271	56	71371
283.94921875	0.0	behav,3,-1,292	57	72691
289.29296875	0.0	behav,3,-1,313	58	74059
294.61328125	0.0	behav,3,-1,334	59	75421
299.93359375	0.0	behav,3,-1,355	60	76783
302.30078125	0.0	oddball,16744,-1,366	61	77389
305.328125	0.0	behav,0,-1,376	62	78164
