onset	duration	trial_type	value	sample
5.42578125	0.0	behav,3,-1,21	1	1389
10.7578125	0.0	behav,3,-1,42	2	2754
16.13671875	0.0	behav,3,-1,63	3	4131
21.421875	0.0	behav,3,-1,84	4	5484
23.96875	0.0	oddball,16740,-1,96	5	6136
26.6640625	0.0	behav,0,-1,381	6	6826
32.0	0.0	behav,3,-1,402	7	8192
37.3984375	0.0	behav,3,-1,423	8	9574
42.77734375	0.0	behav,3,-1,444	9	10951
45.94140625	0.0	oddball,16746,-1,459	10	11761
48.3125	0.0	behav,0,-1,465	11	12368
53.73046875	0.0	behav,3,-1,486	12	13755
55.078125	0.0	oddball,16745,-1,492	13	14100
59.04296875	0.0	behav,0,-1,507	14	15115
64.3984375	0.0	behav,3,-1,528	15	16486
69.8203125	0.0	behav,3,-1,549	16	17874
75.19921875	0.0	behav,3,-1,570	17	19251
80.62109375	0.0	behav,3,-1,591	18	20639
86.0	0.0	behav,3,-1,612	19	22016
91.5078125	0.0	behav,3,-1,633	20	23426
96.9765625	0.0	behav,3,-1,654	21	24826
102.4921875	0.0	behav,3,-1,675	22	26238
106.64453125	0.0	oddball,16744,-1,695	23	27301
107.87109375	0.0	behav,0,-1,696	24	27615
113.11328125	0.0	behav,3,-1,717	25	28957
118.2890625	0.0	behav,3,-1,738	26	30282
118.84765625	0.0	oddball,16748,-1,740	27	30425
123.48046875	0.0	behav,0,-1,759	28	31611
128.65625	0.0	behav,3,-1,780	29	32936
131.19140625	0.0	oddball,16747,-1,792	30	33585
133.96875	0.0	behav,0,-1,801	31	34296
139.32421875	0.0	behav,3,-1,822	32	35667
144.5	0.0	behav,3,-1,843	33	36992
149.8984375	0.0	behav,3,-1,864	34	38374
155.41015625	0.0	behav,3,-1,885	35	39785
160.85546875	0.0	behav,3,-1,906	36	41179
166.1875	0.0	behav,3,-1,927	37	42544
171.6328125	0.0	behav,3,-1,948	38	43938
176.90234375	0.0	behav,3,-1,969	39	45287
182.3203125	0.0	behav,3,-1,990	40	46674
187.90234375	0.0	behav,3,-1,1011	41	48103
193.32421875	0.0	behav,3,-1,1032	42	49491
198.72265625	0.0	behav,3,-1,1053	43	50873
204.6640625	0.0	behav,3,-1,1074	44	52394
210.0625	0.0	behav,3,-1,1095	45	53776
215.44140625	0.0	behav,3,-1,1116	46	55153
220.91015625	0.0	behav,3,-1,1137	47	56553
226.48828125	0.0	behav,3,-1,1158	48	57981
231.73046875	0.0	behav,3,-1,103	49	59323
237.1328125	0.0	behav,3,-1,124	50	60706
242.62109375	0.0	behav,3,-1,145	51	62111
248.06640625	0.0	behav,3,-1,166	52	63505
253.671875	0.0	behav,3,-1,187	53	64940
259.06640625	0.0	behav,3,-1,208	54	66321
264.3984375	0.0	behav,3,-1,229	55	67686
269.82421875	0.0	behav,3,-1,250	56	69075
275.15625	0.0	behav,3,-1,271	57	70440
280.53515625	0.0	behav,3,-1,292	58	71817
286.00390625	0.0	behav,3,-1,313	59	73217
291.359375	0.0	behav,3,-1,334	60	74588
297.13671875	0.0	behav,3,-1,355	61	76067
