onset	duration	trial_type	value	sample
5.56640625	0.0	behav,3,-1,21	1	1425
10.94140625	0.0	behav,3,-1,42	2	2801
16.25390625	0.0	behav,3,-1,63	3	4161
21.89453125	0.0	behav,3,-1,84	4	5605
27.6171875	0.0	behav,3,-1,381	5	7070
33.08203125	0.0	behav,3,-1,402	6	8469
38.546875	0.0	behav,3,-1,423	7	9868
43.94921875	0.0	behav,3,-1,444	8	11251
46.109375	0.0	oddball,16747,-1,454	9	11804
49.41796875	0.0	behav,0,-1,465	10	12651
54.94921875	0.0	behav,3,-1,486	11	14067
60.6875	0.0	behav,3,-1,507	12	15536
66.1796875	0.0	behav,3,-1,528	13	16942
71.84765625	0.0	behav,3,-1,549	14	18393
77.29296875	0.0	behav,3,-1,570	15	19787
82.76171875	0.0	behav,3,-1,591	16	21187
88.2265625	0.0	behav,3,-1,612	17	22586
93.8984375	0.0	behav,3,-1,633	18	24038
99.4765625	0.0	behav,3,-1,654	19	25466
105.125	0.0	behav,3,-1,675	20	26912
110.83984375	0.0	behav,3,-1,696	21	28375
116.55859375	0.0	behav,3,-1,717	22	29839
120.125	0.0	oddball,16748,-1,734	23	30752
122.3125	0.0	behav,0,-1,738	24	31312
127.94140625	0.0	behav,3,-1,759	25	32753
133.51953125	0.0	behav,3,-1,780	26	34181
138.96484375	0.0	behav,3,-1,801	27	35575
144.30078125	0.0	behav,3,-1,822	28	36941
149.765625	0.0	behav,3,-1,843	29	38340
154.90234375	0.0	behav,3,-1,864	30	39655
160.3828125	0.0	behav,3,-1,885	31	41058
162.328125	0.0	oddball,16747,-1,894	32	41556
165.62890625	0.0	behav,0,-1,906	33	42401
171.296875	0.0	behav,3,-1,927	34	43852
176.6328125	0.0	behav,3,-1,948	35	45218
182.03125	0.0	behav,3,-1,969	36	46600
187.5	0.0	behav,3,-1,990	37	48000
192.875	0.0	behav,3,-1,1011	38	49376
198.23046875	0.0	behav,3,-1,1032	39	50747
203.62890625	0.0	behav,3,-1,1053	40	52129
209.32421875	0.0	behav,3,-1,1074	41	53587
214.97265625	0.0	behav,3,-1,1095	42	55033
220.41796875	0.0	behav,3,-1,1116	43	56427
225.94921875	0.0	behav,3,-1,1137	44	57843
231.41796875	0.0	behav,3,-1,1158	45	59243
237.0859375	0.0	behav,3,-1,103	46	60694
242.578125	0.0	behav,3,-1,124	47	62100
247.95703125	0.0	behav,3,-1,145	48	63477
253.3359375	0.0	behav,3,-1,166	49	64854
253.6875	0.0	oddball,16747,-1,167	50	64944
258.9140625	0.0	behav,0,-1,187	51	66282
264.37890625	0.0	behav,3,-1,208	52	67681
267.921875	0.0	oddball,16740,-1,225	53	68588
269.984375	0.0	behav,0,-1,229	54	69116
273.921875	0.0	oddball,16741,-1,248	55	70124
275.5859375	0.0	behav,0,-1,250	56	70550
281.48046875	0.0	behav,3,-1,271	57	72059
286.99609375	0.0	behav,3,-1,292	58	73471
292.39453125	0.0	behav,3,-1,313	59	74853
298.0390625	0.0	behav,3,-1,334	60	76298
303.57421875	0.0	behav,3,-1,355	61	77715
