onset	duration	trial_type	value	sample
3.09765625	0.0	oddball,16741,-1,14	1	793
6.03125	0.0	behav,0,-1,21	2	1544
11.515625	0.0	behav,3,-1,42	3	2948
16.984375	0.0	behav,3,-1,63	4	4348
22.203125	0.0	behav,3,-1,84	5	5684
27.78515625	0.0	behav,3,-1,381	6	7113
33.25	0.0	behav,3,-1,402	7	8512
36.00390625	0.0	oddball,16747,-1,415	8	9217
38.515625	0.0	behav,0,-1,423	9	9860
43.89453125	0.0	behav,3,-1,444	10	11237
49.2265625	0.0	behav,3,-1,465	11	12602
54.625	0.0	behav,3,-1,486	12	13984
60.00390625	0.0	behav,3,-1,507	13	15361
65.55859375	0.0	behav,3,-1,528	14	16783
70.984375	0.0	behav,3,-1,549	15	18172
72.94140625	0.0	oddball,16748,-1,558	16	18673
76.25	0.0	behav,0,-1,570	17	19520
81.60546875	0.0	behav,3,-1,591	18	20891
86.93359375	0.0	behav,3,-1,612	19	22255
92.265625	0.0	behav,3,-1,633	20	23620
97.69140625	0.0	behav,3,-1,654	21	25009
103.0	0.0	behav,3,-1,675	22	26368
108.73828125	0.0	behav,3,-1,696	23	27837
114.20703125	0.0	behav,3,-1,717	24	29237
116.75390625	0.0	oddball,16742,-1,729	25	29889
119.5859375	0.0	behav,0,-1,738	26	30614
124.9609375	0.0	behav,3,-1,759	27	31990
130.359375	0.0	behav,3,-1,780	28	33372
135.8046875	0.0	behav,3,-1,801	29	34766
141.23046875	0.0	behav,3,-1,822	30	36155
146.5859375	0.0	behav,3,-1,843	31	37526
151.78125	0.0	behav,3,-1,864	32	38856
156.9765625	0.0	behav,3,-1,885	33	40186
162.51171875	0.0	behav,3,-1,906	34	41603
167.7578125	0.0	behav,3,-1,927	35	42946
173.08984375	0.0	behav,3,-1,948	36	44311
178.46875	0.0	behav,3,-1,969	37	45688
183.890625	0.0	behav,3,-1,990	38	47076
189.26953125	0.0	behav,3,-1,1011	39	48453
195.2265625	0.0	behav,3,-1,1032	40	49978
200.60546875	0.0	behav,3,-1,1053	41	51355
206.05078125	0.0	behav,3,-1,1074	42	52749
211.4296875	0.0	behav,3,-1,1095	43	54126
216.96484375	0.0	behav,3,-1,1116	44	55543
222.3671875	0.0	behav,3,-1,1137	45	56926
228.078125	0.0	behav,3,-1,1158	46	58388
233.5234375	0.0	behav,3,-1,103	47	59782
239.08203125	0.0	behav,3,-1,124	48	61205
244.57421875	0.0	behav,3,-1,145	49	62611
247.12890625	0.0	oddball,16740,-1,157	50	63265
249.859375	0.0	behav,0,-1,166	51	63964
255.53125	0.0	behav,3,-1,187	52	65416
261.01953125	0.0	behav,3,-1,208	53	66821
266.53125	0.0	behav,3,-1,229	54	68232
271.88671875	0.0	behav,3,-1,250	55	69603
272.23828125	0.0	oddball,16740,-1,251	56	69693
277.15234375	0.0	behav,0,-1,271	57	70951
282.5078125	0.0	behav,3,-1,292	58	72322
288.1796875	0.0	behav,3,-1,313	59	73774
293.62109375	0.0	behav,3,-1,334	60	75167
299.06640625	0.0	behav,3,-1,355	61	76561
