onset	duration	trial_type	value	sample
6.296875	0.0	behav,3,-1,21	1	1612
11.6953125	0.0	behav,3,-1,42	2	2994
17.296875	0.0	behav,3,-1,63	3	4428
23.203125	0.0	behav,3,-1,84	4	5940
28.76953125	0.0	behav,3,-1,381	5	7365
34.94921875	0.0	behav,3,-1,402	6	8947
40.26953125	0.0	behav,3,-1,423	7	10309
45.7109375	0.0	behav,3,-1,444	8	11702
52.16796875	0.0	behav,3,-1,465	9	13355
53.6953125	0.0	oddball,16747,-1,472	10	13746
57.43359375	0.0	behav,0,-1,486	11	14703
62.79296875	0.0	behav,3,-1,507	12	16075
66.9453125	0.0	oddball,16742,-1,527	13	17138
68.14453125	0.0	behav,0,-1,528	14	17445
73.5	0.0	behav,3,-1,549	15	18816
78.69921875	0.0	behav,3,-1,570	16	20147
84.02734375	0.0	behav,3,-1,591	17	21511
85.57421875	0.0	oddball,16744,-1,598	18	21907
89.28125	0.0	behav,0,-1,612	19	22856
94.9296875	0.0	behav,3,-1,633	20	24302
100.41015625	0.0	behav,3,-1,654	21	25705
101.5546875	0.0	oddball,16748,-1,659	22	25998
105.578125	0.0	behav,0,-1,675	23	27028
111.1875	0.0	behav,3,-1,696	24	28464
112.1171875	0.0	oddball,16747,-1,700	25	28702
116.43359375	0.0	behav,0,-1,717	26	29807
122.01953125	0.0	behav,3,-1,738	27	31237
127.5078125	0.0	behav,3,-1,759	28	32642
132.8203125	0.0	behav,3,-1,780	29	34002
138.15625	0.0	behav,3,-1,801	30	35368
143.58984375	0.0	behav,3,-1,822	31	36759
148.9296875	0.0	behav,3,-1,843	32	38126
154.265625	0.0	behav,3,-1,864	33	39492
160.07421875	0.0	behav,3,-1,885	34	40979
165.5	0.0	behav,3,-1,906	35	42368
170.8984375	0.0	behav,3,-1,927	36	43750
176.1875	0.0	behav,3,-1,948	37	45104
182.00390625	0.0	behav,3,-1,969	38	46593
188.31640625	0.0	behav,3,-1,990	39	48209
194.0703125	0.0	behav,3,-1,1011	40	49682
199.625	0.0	behav,3,-1,1032	41	51104
205.34375	0.0	behav,3,-1,1053	42	52568
211.171875	0.0	behav,3,-1,1074	43	54060
216.875	0.0	behav,3,-1,1095	44	55520
222.75	0.0	behav,3,-1,1116	45	57024
228.453125	0.0	behav,3,-1,1137	46	58484
234.09375	0.0	behav,3,-1,1158	47	59928
239.93359375	0.0	behav,3,-1,103	48	61423
245.390625	0.0	behav,3,-1,124	49	62820
250.75390625	0.0	behav,3,-1,145	50	64193
256.3046875	0.0	behav,3,-1,166	51	65614
261.890625	0.0	behav,3,-1,187	52	67044
263.24609375	0.0	oddball,16746,-1,193	53	67391
267.34375	0.0	behav,0,-1,208	54	68440
272.7890625	0.0	behav,3,-1,229	55	69834
278.703125	0.0	behav,3,-1,250	56	71348
284.18359375	0.0	behav,3,-1,271	57	72751
289.75390625	0.0	behav,3,-1,292	58	74177
295.17578125	0.0	behav,3,-1,313	59	75565
300.609375	0.0	behav,3,-1,334	60	76956
306.296875	0.0	behav,3,-1,355	61	78412
312.38671875	0.0	behav,3,-1,376	62	79971
