onset	duration	trial_type	value	sample
5.80078125	0.0	behav,3,-1,21	1	1485
11.55859375	0.0	behav,3,-1,42	2	2959
17.140625	0.0	behav,3,-1,63	3	4388
22.62890625	0.0	behav,3,-1,84	4	5793
28.45703125	0.0	behav,3,-1,381	5	7285
34.23828125	0.0	behav,3,-1,402	6	8765
40.15625	0.0	behav,3,-1,423	7	10280
42.32421875	0.0	oddball,16740,-1,433	8	10835
45.6484375	0.0	behav,2,-1,444	9	11686
49.3984375	0.0	oddball,16740,-1,462	10	12646
51.20703125	0.0	behav,2,-1,465	11	13109
57.05078125	0.0	behav,3,-1,486	12	14605
62.90234375	0.0	behav,3,-1,507	13	16103
68.70703125	0.0	behav,3,-1,528	14	17589
74.55859375	0.0	behav,3,-1,549	15	19087
80.97265625	0.0	behav,3,-1,570	16	20729
86.734375	0.0	behav,3,-1,591	17	22204
92.37890625	0.0	behav,3,-1,612	18	23649
97.890625	0.0	behav,3,-1,633	19	25060
103.42578125	0.0	behav,3,-1,654	20	26477
108.94140625	0.0	behav,3,-1,675	21	27889
114.6796875	0.0	behav,3,-1,696	22	29358
120.4609375	0.0	behav,3,-1,717	23	30838
126.0625	0.0	behav,3,-1,738	24	32272
128.0234375	0.0	oddball,16740,-1,747	25	32774
131.55078125	0.0	behav,2,-1,759	26	33677
137.19921875	0.0	behav,3,-1,780	27	35123
142.87109375	0.0	behav,3,-1,801	28	36575
148.4296875	0.0	behav,3,-1,822	29	37998
153.984375	0.0	behav,3,-1,843	30	39420
159.47265625	0.0	behav,3,-1,864	31	40825
165.2109375	0.0	behav,3,-1,885	32	42294
170.859375	0.0	behav,3,-1,906	33	43740
176.39453125	0.0	behav,3,-1,927	34	45157
182.26953125	0.0	behav,3,-1,948	35	46661
188.1875	0.0	behav,3,-1,969	36	48176
194.015625	0.0	behav,3,-1,990	37	49668
195.7578125	0.0	oddball,16741,-1,998	38	50114
199.546875	0.0	behav,2,-1,1011	39	51084
205.10546875	0.0	behav,3,-1,1032	40	52507
210.70703125	0.0	behav,3,-1,1053	41	53941
216.421875	0.0	behav,3,-1,1074	42	55404
222.05078125	0.0	behav,3,-1,1095	43	56845
227.87890625	0.0	behav,3,-1,1116	44	58337
229.04296875	0.0	oddball,16740,-1,1121	45	58635
233.51953125	0.0	behav,2,-1,1137	46	59781
239.59765625	0.0	behav,3,-1,1158	47	61337
245.1328125	0.0	behav,3,-1,103	48	62754
250.984375	0.0	behav,3,-1,124	49	64252
256.49609375	0.0	behav,3,-1,145	50	65663
262.14453125	0.0	behav,3,-1,166	51	67109
267.609375	0.0	behav,3,-1,187	52	68508
273.37109375	0.0	behav,3,-1,208	53	69983
279.015625	0.0	behav,3,-1,229	54	71428
284.53125	0.0	behav,3,-1,250	55	72840
290.0234375	0.0	behav,3,-1,271	56	74246
295.51171875	0.0	behav,3,-1,292	57	75651
301.06640625	0.0	behav,3,-1,313	58	77073
303.81640625	0.0	oddball,16740,-1,326	59	77777
306.515625	0.0	behav,2,-1,334	60	78468
312.609375	0.0	behav,3,-1,355	61	80028
