onset	duration	trial_type	value	sample
2.05859375	0.0	oddball,16742,-1,9	1	527
5.5546875	0.0	behav,2,-1,21	2	1422
11.0703125	0.0	behav,3,-1,42	3	2834
17.234375	0.0	behav,3,-1,63	4	4412
23.0390625	0.0	behav,3,-1,84	5	5898
28.8203125	0.0	behav,3,-1,381	6	7378
34.40234375	0.0	behav,3,-1,402	7	8807
40.3203125	0.0	behav,3,-1,423	8	10322
42.28125	0.0	oddball,16741,-1,432	9	10824
45.87890625	0.0	behav,2,-1,444	10	11745
51.9296875	0.0	behav,3,-1,465	11	13294
57.39453125	0.0	behav,3,-1,486	12	14693
62.88671875	0.0	behav,3,-1,507	13	16099
68.8515625	0.0	behav,3,-1,528	14	17626
74.0234375	0.0	behav,3,-1,549	15	18950
79.5859375	0.0	behav,3,-1,570	16	20374
80.73828125	0.0	oddball,16742,-1,575	17	20669
85.28125	0.0	behav,2,-1,591	18	21832
90.875	0.0	behav,3,-1,612	19	23264
96.38671875	0.0	behav,3,-1,633	20	24675
101.96875	0.0	behav,3,-1,654	21	26104
107.6640625	0.0	behav,3,-1,675	22	27562
113.15234375	0.0	behav,3,-1,696	23	28967
118.80078125	0.0	behav,3,-1,717	24	30413
124.58203125	0.0	behav,3,-1,738	25	31893
130.18359375	0.0	behav,3,-1,759	26	33327
135.80859375	0.0	behav,3,-1,780	27	34767
141.6171875	0.0	behav,3,-1,801	28	36254
147.28515625	0.0	behav,3,-1,822	29	37705
152.98046875	0.0	behav,3,-1,843	30	39163
158.58203125	0.0	behav,3,-1,864	31	40597
164.49609375	0.0	behav,3,-1,885	32	42111
169.98828125	0.0	behav,3,-1,906	33	43517
175.453125	0.0	behav,3,-1,927	34	44916
180.96875	0.0	behav,3,-1,948	35	46328
186.91015625	0.0	behav,3,-1,969	36	47849
192.37890625	0.0	behav,3,-1,990	37	49249
197.88671875	0.0	behav,3,-1,1011	38	50659
203.828125	0.0	behav,3,-1,1032	39	52180
209.38671875	0.0	behav,3,-1,1053	40	53603
215.16796875	0.0	behav,3,-1,1074	41	55083
220.68359375	0.0	behav,3,-1,1095	42	56495
226.1484375	0.0	behav,3,-1,1116	43	57894
231.58984375	0.0	behav,3,-1,1137	44	59287
237.1953125	0.0	behav,3,-1,1158	45	60722
242.75390625	0.0	behav,3,-1,103	46	62145
248.35546875	0.0	behav,3,-1,124	47	63579
253.9140625	0.0	behav,3,-1,145	48	65002
259.515625	0.0	behav,3,-1,166	49	66436
262.0859375	0.0	oddball,16748,-1,178	50	67094
264.984375	0.0	behav,2,-1,187	51	67836
268.13671875	0.0	oddball,16740,-1,202	52	68643
270.47265625	0.0	behav,2,-1,208	53	69241
271.0234375	0.0	oddball,16744,-1,210	54	69382
275.984375	0.0	behav,2,-1,229	55	70652
281.49609375	0.0	behav,3,-1,250	56	72063
286.96484375	0.0	behav,3,-1,271	57	73463
292.50390625	0.0	behav,3,-1,292	58	74881
297.9921875	0.0	behav,3,-1,313	59	76286
303.45703125	0.0	behav,3,-1,334	60	77685
308.92578125	0.0	behav,3,-1,355	61	79085
