onset	duration	trial_type	value	sample
5.96484375	0.0	behav,3,-1,21	1	1527
7.7109375	0.0	oddball,16744,-1,29	2	1974
11.41015625	0.0	behav,2,-1,42	3	2921
17.01171875	0.0	behav,3,-1,63	4	4355
22.4765625	0.0	behav,3,-1,84	5	5754
28.078125	0.0	behav,3,-1,381	6	7188
33.66015625	0.0	behav,3,-1,402	7	8617
39.12890625	0.0	behav,3,-1,423	8	10017
40.29296875	0.0	oddball,16747,-1,428	9	10315
44.57421875	0.0	behav,2,-1,444	10	11411
50.83203125	0.0	behav,3,-1,465	11	13013
56.6328125	0.0	behav,3,-1,486	12	14498
62.2109375	0.0	behav,3,-1,507	13	15926
68.0859375	0.0	behav,3,-1,528	14	17430
73.77734375	0.0	behav,3,-1,549	15	18887
79.29296875	0.0	behav,3,-1,570	16	20299
81.05078125	0.0	oddball,16747,-1,578	17	20749
84.76171875	0.0	behav,2,-1,591	18	21699
90.44921875	0.0	behav,3,-1,612	19	23155
96.50390625	0.0	behav,3,-1,633	20	24705
102.08203125	0.0	behav,3,-1,654	21	26133
108.2734375	0.0	behav,3,-1,675	22	27718
114.52734375	0.0	behav,3,-1,696	23	29319
120.19921875	0.0	behav,3,-1,717	24	30771
121.7578125	0.0	oddball,16740,-1,724	25	31170
125.6640625	0.0	behav,2,-1,738	26	32170
131.421875	0.0	behav,3,-1,759	27	33644
137.36328125	0.0	behav,3,-1,780	28	35165
142.8984375	0.0	behav,3,-1,801	29	36582
148.9296875	0.0	behav,3,-1,822	30	38126
155.25390625	0.0	behav,3,-1,843	31	39745
160.98828125	0.0	behav,3,-1,864	32	41213
166.61328125	0.0	behav,3,-1,885	33	42653
172.578125	0.0	behav,3,-1,906	34	44180
178.26953125	0.0	behav,3,-1,927	35	45637
184.34375	0.0	behav,3,-1,948	36	47192
189.9921875	0.0	behav,3,-1,969	37	48638
195.50390625	0.0	behav,3,-1,990	38	50049
201.2421875	0.0	behav,3,-1,1011	39	51518
204.80859375	0.0	oddball,16746,-1,1028	40	52431
206.93359375	0.0	behav,2,-1,1032	41	52975
212.875	0.0	behav,3,-1,1053	42	54496
214.81640625	0.0	oddball,16743,-1,1062	43	54993
218.3671875	0.0	behav,2,-1,1074	44	55902
224.578125	0.0	behav,3,-1,1095	45	57492
230.8515625	0.0	behav,3,-1,1116	46	59098
237.0390625	0.0	behav,3,-1,1137	47	60682
242.75390625	0.0	behav,3,-1,1158	48	62145
248.42578125	0.0	behav,3,-1,103	49	63597
253.9609375	0.0	behav,3,-1,124	50	65014
259.453125	0.0	behav,3,-1,145	51	66420
265.0078125	0.0	behav,3,-1,166	52	67842
270.5625	0.0	behav,3,-1,187	53	69264
276.03125	0.0	behav,3,-1,208	54	70664
281.61328125	0.0	behav,3,-1,229	55	72093
287.1015625	0.0	behav,3,-1,250	56	73498
292.59375	0.0	behav,3,-1,271	57	74904
298.265625	0.0	behav,3,-1,292	58	76356
303.83984375	0.0	behav,3,-1,313	59	77783
309.5546875	0.0	behav,3,-1,334	60	79246
315.2265625	0.0	behav,3,-1,355	61	80698
