onset	duration	trial_type	value	sample
5.9609375	0.0	behav,3,-1,21	1	1526
11.08203125	0.0	behav,3,-1,42	2	2837
16.2109375	0.0	behav,3,-1,63	3	4150
21.46484375	0.0	behav,3,-1,84	4	5495
26.7109375	0.0	behav,3,-1,381	5	6838
31.92578125	0.0	behav,3,-1,402	6	8173
37.2109375	0.0	behav,3,-1,423	7	9526
42.58203125	0.0	behav,3,-1,444	8	10901
46.36328125	0.0	oddball,16745,-1,462	9	11869
47.81640625	0.0	behav,0,-1,465	10	12241
53.05859375	0.0	behav,3,-1,486	11	13583
58.3359375	0.0	behav,3,-1,507	12	14934
62.5	0.0	oddball,16742,-1,527	13	16000
63.53125	0.0	behav,0,-1,528	14	16264
68.671875	0.0	behav,3,-1,549	15	17580
73.8515625	0.0	behav,3,-1,570	16	18906
79.05859375	0.0	behav,3,-1,591	17	20239
84.46484375	0.0	behav,3,-1,612	18	21623
89.77734375	0.0	behav,3,-1,633	19	22983
92.53125	0.0	oddball,16747,-1,646	20	23688
94.9921875	0.0	behav,0,-1,654	21	24318
100.29296875	0.0	behav,3,-1,675	22	25675
105.7109375	0.0	behav,3,-1,696	23	27062
111.0546875	0.0	behav,3,-1,717	24	28430
116.28125	0.0	behav,3,-1,738	25	29768
121.703125	0.0	behav,3,-1,759	26	31156
123.65625	0.0	oddball,16747,-1,768	27	31656
126.96875	0.0	behav,0,-1,780	28	32504
132.3671875	0.0	behav,3,-1,801	29	33886
137.890625	0.0	behav,3,-1,822	30	35300
143.30078125	0.0	behav,3,-1,843	31	36685
148.63671875	0.0	behav,3,-1,864	32	38051
154.03125	0.0	behav,3,-1,885	33	39432
157.375	0.0	oddball,16744,-1,901	34	40288
159.5	0.0	behav,0,-1,906	35	40832
164.8671875	0.0	behav,3,-1,927	36	42206
170.2578125	0.0	behav,3,-1,948	37	43586
175.703125	0.0	behav,3,-1,969	38	44980
180.859375	0.0	behav,3,-1,990	39	46300
186.65234375	0.0	behav,3,-1,1011	40	47783
192.0078125	0.0	behav,3,-1,1032	41	49154
197.14453125	0.0	behav,3,-1,1053	42	50469
202.28125	0.0	behav,3,-1,1074	43	51784
207.4921875	0.0	behav,3,-1,1095	44	53118
212.66796875	0.0	behav,3,-1,1116	45	54443
214.625	0.0	oddball,16741,-1,1125	46	54944
218.0	0.0	behav,0,-1,1137	47	55808
223.52734375	0.0	behav,3,-1,1158	48	57223
228.70703125	0.0	behav,3,-1,103	49	58549
233.8828125	0.0	behav,3,-1,124	50	59874
239.0859375	0.0	behav,3,-1,145	51	61206
244.25390625	0.0	behav,3,-1,166	52	62529
249.55859375	0.0	behav,3,-1,187	53	63887
254.95703125	0.0	behav,3,-1,208	54	65269
260.4453125	0.0	behav,3,-1,229	55	66674
265.76953125	0.0	behav,3,-1,250	56	68037
271.0390625	0.0	behav,3,-1,271	57	69386
276.25390625	0.0	behav,3,-1,292	58	70721
281.4140625	0.0	behav,3,-1,313	59	72042
286.66796875	0.0	behav,3,-1,334	60	73387
292.140625	0.0	behav,3,-1,355	61	74788
297.46875	0.0	behav,3,-1,376	62	76152
