onset	duration	trial_type	value	sample
1.9453125	0.0	oddball,16740,-1,6	1	498
5.98046875	0.0	behav,0,-1,21	2	1531
11.31640625	0.0	behav,3,-1,42	3	2897
16.6640625	0.0	behav,3,-1,63	4	4266
21.92578125	0.0	behav,3,-1,84	5	5613
27.10546875	0.0	behav,3,-1,382	6	6939
32.3359375	0.0	behav,3,-1,403	7	8278
37.5390625	0.0	behav,3,-1,424	8	9610
37.8984375	0.0	oddball,16741,-1,425	9	9702
43.046875	0.0	behav,0,-1,445	10	11020
48.23828125	0.0	behav,3,-1,466	11	12349
53.40234375	0.0	behav,3,-1,487	12	13671
58.69921875	0.0	behav,3,-1,508	13	15027
63.8828125	0.0	behav,3,-1,529	14	16354
69.0390625	0.0	behav,3,-1,550	15	17674
74.546875	0.0	behav,3,-1,571	16	19084
79.8671875	0.0	behav,3,-1,592	17	20446
83.0234375	0.0	oddball,16744,-1,607	18	21254
85.10546875	0.0	behav,0,-1,613	19	21787
88.45703125	0.0	oddball,16745,-1,629	20	22645
90.4921875	0.0	behav,0,-1,634	21	23166
95.76171875	0.0	behav,3,-1,655	22	24515
100.91796875	0.0	behav,3,-1,676	23	25835
106.06640625	0.0	behav,3,-1,697	24	27153
111.27734375	0.0	behav,3,-1,719	25	28487
116.5	0.0	behav,3,-1,740	26	29824
121.66796875	0.0	behav,3,-1,761	27	31147
126.92578125	0.0	behav,3,-1,782	28	32493
132.125	0.0	behav,3,-1,803	29	33824
137.5	0.0	behav,3,-1,824	30	35200
142.71875	0.0	behav,3,-1,845	31	36536
148.0	0.0	behav,3,-1,866	32	37888
153.26953125	0.0	behav,3,-1,887	33	39237
158.5703125	0.0	behav,3,-1,908	34	40594
163.84765625	0.0	behav,3,-1,929	35	41945
169.22265625	0.0	behav,3,-1,950	36	43321
174.4609375	0.0	behav,3,-1,971	37	44662
179.80078125	0.0	behav,3,-1,992	38	46029
184.921875	0.0	behav,3,-1,1013	39	47340
190.25	0.0	behav,3,-1,1034	40	48704
195.5546875	0.0	behav,3,-1,1055	41	50062
200.6953125	0.0	behav,3,-1,1076	42	51378
205.8671875	0.0	behav,3,-1,1097	43	52702
211.4140625	0.0	behav,3,-1,1118	44	54122
215.1484375	0.0	oddball,16748,-1,1136	45	55078
216.94140625	0.0	behav,0,-1,1139	46	55537
222.15625	0.0	behav,3,-1,1160	47	56872
227.60546875	0.0	behav,3,-1,104	48	58267
230.34765625	0.0	oddball,16741,-1,117	49	58969
233.125	0.0	behav,0,-1,125	50	59680
238.484375	0.0	behav,3,-1,146	51	61052
243.9375	0.0	behav,3,-1,167	52	62448
249.26953125	0.0	behav,3,-1,188	53	63813
254.84375	0.0	behav,3,-1,209	54	65240
260.21875	0.0	behav,3,-1,230	55	66616
265.5390625	0.0	behav,3,-1,251	56	67978
270.87109375	0.0	behav,3,-1,272	57	69343
276.37890625	0.0	behav,3,-1,293	58	70753
281.5625	0.0	behav,3,-1,314	59	72080
286.859375	0.0	behav,3,-1,335	60	73436
292.4453125	0.0	behav,3,-1,356	61	74866
297.8359375	0.0	behav,3,-1,377	62	76246
