onset	duration	trial_type	value	sample
5.5625	0.0	behav,3,-1,21	1	1424
11.16796875	0.0	behav,3,-1,42	2	2859
16.4765625	0.0	behav,3,-1,63	3	4218
21.8515625	0.0	behav,3,-1,84	4	5594
27.3203125	0.0	behav,3,-1,381	5	6994
32.65234375	0.0	behav,3,-1,402	6	8359
38.0078125	0.0	behav,3,-1,423	7	9730
43.33984375	0.0	behav,3,-1,444	8	11095
48.765625	0.0	behav,3,-1,465	9	12484
52.46875	0.0	oddball,16743,-1,482	10	13432
54.13671875	0.0	behav,2,-1,486	11	13859
59.62890625	0.0	behav,3,-1,507	12	15265
65.02734375	0.0	behav,3,-1,528	13	16647
70.453125	0.0	behav,3,-1,549	14	18036
72.703125	0.0	oddball,16746,-1,559	15	18612
75.828125	0.0	behav,2,-1,570	16	19412
81.34375	0.0	behav,3,-1,591	17	20824
86.9921875	0.0	behav,3,-1,612	18	22270
92.43359375	0.0	behav,3,-1,633	19	23663
97.87890625	0.0	behav,3,-1,654	20	25057
103.48046875	0.0	behav,3,-1,675	21	26491
108.92578125	0.0	behav,3,-1,696	22	27885
114.328125	0.0	behav,3,-1,717	23	29268
118.5	0.0	oddball,16747,-1,736	24	30336
119.7734375	0.0	behav,2,-1,738	25	30662
120.75390625	0.0	oddball,16743,-1,742	26	30913
125.1484375	0.0	behav,2,-1,759	27	32038
130.5703125	0.0	behav,3,-1,780	28	33426
135.96875	0.0	behav,3,-1,801	29	34808
141.2578125	0.0	behav,3,-1,822	30	36162
146.75	0.0	behav,3,-1,843	31	37568
152.1953125	0.0	behav,3,-1,864	32	38962
157.70703125	0.0	behav,3,-1,885	33	40373
163.21484375	0.0	behav,3,-1,906	34	41783
168.59375	0.0	behav,3,-1,927	35	43160
174.0390625	0.0	behav,3,-1,948	36	44554
179.484375	0.0	behav,3,-1,969	37	45948
184.90625	0.0	behav,3,-1,990	38	47336
190.30859375	0.0	behav,3,-1,1011	39	48719
194.671875	0.0	oddball,16741,-1,1031	40	49836
195.75	0.0	behav,0,-1,1032	41	50112
201.15234375	0.0	behav,3,-1,1053	42	51495
206.5078125	0.0	behav,3,-1,1074	43	52866
211.97265625	0.0	behav,3,-1,1095	44	54265
214.4609375	0.0	oddball,16746,-1,1106	45	54902
217.46484375	0.0	behav,2,-1,1116	46	55671
222.8671875	0.0	behav,3,-1,1137	47	57054
228.2421875	0.0	behav,3,-1,1158	48	58430
233.640625	0.0	behav,3,-1,103	49	59812
238.97265625	0.0	behav,3,-1,124	50	61177
244.39453125	0.0	behav,3,-1,145	51	62565
249.86328125	0.0	behav,3,-1,166	52	63965
255.2421875	0.0	behav,3,-1,187	53	65342
260.59765625	0.0	behav,3,-1,208	54	66713
265.97265625	0.0	behav,3,-1,229	55	68089
271.28125	0.0	behav,3,-1,250	56	69448
276.75	0.0	behav,3,-1,271	57	70848
282.05859375	0.0	behav,3,-1,292	58	72207
287.4609375	0.0	behav,3,-1,313	59	73590
292.90625	0.0	behav,3,-1,334	60	74984
298.30859375	0.0	behav,3,-1,355	61	76367
303.75	0.0	behav,3,-1,376	62	77760
