onset	duration	trial_type	value	sample
5.42578125	0.0	behav,3,-1,21	1	1389
10.64453125	0.0	behav,3,-1,42	2	2725
15.98046875	0.0	behav,3,-1,63	3	4091
18.328125	0.0	oddball,16746,-1,74	4	4692
21.375	0.0	behav,2,-1,84	5	5472
26.6875	0.0	behav,3,-1,381	6	6832
32.15625	0.0	behav,3,-1,402	7	8232
37.7109375	0.0	behav,3,-1,423	8	9654
43.06640625	0.0	behav,3,-1,444	9	11025
48.46875	0.0	behav,3,-1,465	10	12408
53.88671875	0.0	behav,3,-1,486	11	13795
59.0859375	0.0	behav,3,-1,507	12	15126
64.5546875	0.0	behav,3,-1,528	13	16526
69.91015625	0.0	behav,3,-1,549	14	17897
76.27734375	0.0	behav,3,-1,570	15	19527
81.65625	0.0	behav,3,-1,591	16	20904
86.921875	0.0	behav,3,-1,612	17	22252
92.31640625	0.0	behav,3,-1,633	18	23633
97.71875	0.0	behav,3,-1,654	19	25016
103.02734375	0.0	behav,3,-1,675	20	26375
108.49609375	0.0	behav,3,-1,696	21	27775
111.859375	0.0	oddball,16745,-1,712	22	28636
113.8515625	0.0	behav,2,-1,717	23	29146
119.296875	0.0	behav,3,-1,738	24	30540
122.63671875	0.0	oddball,16740,-1,754	25	31395
124.78515625	0.0	behav,2,-1,759	26	31945
130.140625	0.0	behav,3,-1,780	27	33316
135.80859375	0.0	behav,3,-1,801	28	34767
141.88671875	0.0	behav,3,-1,822	29	36323
147.2421875	0.0	behav,3,-1,843	30	37694
152.84375	0.0	behav,3,-1,864	31	39128
158.2890625	0.0	behav,3,-1,885	32	40522
164.2265625	0.0	behav,3,-1,906	33	42042
169.94140625	0.0	behav,3,-1,927	34	43505
175.296875	0.0	behav,3,-1,948	35	44876
181.171875	0.0	behav,3,-1,969	36	46380
186.90625	0.0	behav,3,-1,990	37	47848
192.28515625	0.0	behav,3,-1,1011	38	49225
197.50390625	0.0	behav,3,-1,1032	39	50561
198.2578125	0.0	oddball,16742,-1,1035	40	50754
202.69921875	0.0	behav,2,-1,1053	41	51891
208.14453125	0.0	behav,3,-1,1074	42	53285
211.5078125	0.0	oddball,16744,-1,1090	43	54146
213.5	0.0	behav,2,-1,1095	44	54656
219.08203125	0.0	behav,3,-1,1116	45	56085
224.70703125	0.0	behav,3,-1,1137	46	57525
230.78125	0.0	behav,3,-1,1158	47	59080
236.24609375	0.0	behav,3,-1,103	48	60479
241.671875	0.0	behav,3,-1,124	49	61868
246.98046875	0.0	behav,3,-1,145	50	63227
252.08984375	0.0	behav,3,-1,166	51	64535
254.65234375	0.0	oddball,16744,-1,178	52	65191
257.37890625	0.0	behav,2,-1,187	53	65889
262.890625	0.0	behav,3,-1,208	54	67300
268.12890625	0.0	behav,3,-1,229	55	68641
273.5078125	0.0	behav,3,-1,250	56	70018
278.86328125	0.0	behav,3,-1,271	57	71389
284.69140625	0.0	behav,3,-1,292	58	72881
290.2265625	0.0	behav,3,-1,313	59	74298
295.515625	0.0	behav,3,-1,334	60	75652
300.8671875	0.0	behav,3,-1,355	61	77022
