onset	duration	trial_type	value	sample
5.6015625	0.0	behav,3,-1,21	1	1434
10.9140625	0.0	behav,3,-1,42	2	2794
16.1796875	0.0	behav,3,-1,63	3	4142
21.37109375	0.0	behav,3,-1,84	4	5471
26.66015625	0.0	behav,3,-1,381	5	6825
29.00390625	0.0	oddball,16741,-1,392	6	7425
32.015625	0.0	behav,2,-1,402	7	8196
37.37109375	0.0	behav,3,-1,423	8	9567
42.703125	0.0	behav,3,-1,444	9	10932
48.10546875	0.0	behav,3,-1,465	10	12315
53.296875	0.0	behav,3,-1,486	11	13644
58.6328125	0.0	behav,3,-1,507	12	15010
64.0546875	0.0	behav,3,-1,528	13	16398
69.99609375	0.0	behav,3,-1,549	14	17919
75.39453125	0.0	behav,3,-1,570	15	19301
80.5703125	0.0	behav,3,-1,591	16	20626
85.90625	0.0	behav,3,-1,612	17	21992
91.27734375	0.0	behav,3,-1,633	18	23367
96.65625	0.0	behav,3,-1,654	19	24744
100.625	0.0	oddball,16740,-1,673	20	25760
102.01171875	0.0	behav,2,-1,675	21	26115
107.63671875	0.0	behav,3,-1,696	22	27555
112.9921875	0.0	behav,3,-1,717	23	28926
118.14453125	0.0	behav,3,-1,738	24	30245
123.390625	0.0	behav,3,-1,759	25	31588
129.6640625	0.0	behav,3,-1,780	26	33194
135.0390625	0.0	behav,3,-1,801	27	34570
140.3515625	0.0	behav,3,-1,822	28	35930
145.953125	0.0	behav,3,-1,843	29	37364
151.48828125	0.0	behav,3,-1,864	30	38781
157.38671875	0.0	behav,3,-1,885	31	40291
163.5703125	0.0	behav,3,-1,906	32	41874
168.96875	0.0	behav,3,-1,927	33	43256
174.93359375	0.0	behav,3,-1,948	34	44783
180.37890625	0.0	behav,3,-1,969	35	46177
181.125	0.0	oddball,16740,-1,972	36	46368
185.734375	0.0	behav,2,-1,990	37	47548
186.6953125	0.0	oddball,16743,-1,994	38	47794
191.08984375	0.0	behav,2,-1,1011	39	48919
196.734375	0.0	behav,3,-1,1032	40	50364
202.22265625	0.0	behav,3,-1,1053	41	51769
207.6015625	0.0	behav,3,-1,1074	42	53146
213.54296875	0.0	behav,3,-1,1095	43	54667
218.921875	0.0	behav,3,-1,1116	44	56044
224.27734375	0.0	behav,3,-1,1137	45	57415
230.078125	0.0	behav,3,-1,1158	46	58900
236.2421875	0.0	behav,3,-1,103	47	60478
241.80078125	0.0	behav,3,-1,124	48	61901
247.3359375	0.0	behav,3,-1,145	49	63318
253.27734375	0.0	behav,3,-1,166	50	64839
258.6796875	0.0	behav,3,-1,187	51	66222
265.0703125	0.0	behav,3,-1,208	52	67858
271.18359375	0.0	behav,3,-1,229	53	69423
273.34765625	0.0	oddball,16742,-1,239	54	69977
276.51953125	0.0	behav,2,-1,250	55	70789
278.87109375	0.0	oddball,16747,-1,261	56	71391
282.66015625	0.0	behav,2,-1,271	57	72361
288.015625	0.0	behav,3,-1,292	58	73732
294.11328125	0.0	behav,3,-1,313	59	75293
299.359375	0.0	behav,3,-1,334	60	76636
304.91015625	0.0	behav,3,-1,355	61	78057
