onset	duration	trial_type	value	sample
5.35546875	0.0	behav,3,-1,21	1	1371
10.78125	0.0	behav,3,-1,42	2	2760
16.2265625	0.0	behav,3,-1,63	3	4154
21.6875	0.0	behav,3,-1,84	4	5552
27.0234375	0.0	behav,3,-1,381	5	6918
32.4921875	0.0	behav,3,-1,402	6	8318
37.84375	0.0	behav,3,-1,423	7	9688
43.24609375	0.0	behav,3,-1,444	8	11071
48.828125	0.0	behav,3,-1,465	9	12500
54.01953125	0.0	behav,3,-1,486	10	13829
59.2421875	0.0	behav,3,-1,507	11	15166
64.57421875	0.0	behav,3,-1,528	12	16531
70.01953125	0.0	behav,3,-1,549	13	17925
75.3515625	0.0	behav,3,-1,570	14	19290
80.70703125	0.0	behav,3,-1,591	15	20661
86.15234375	0.0	behav,3,-1,612	16	22055
91.70703125	0.0	behav,3,-1,633	17	23477
97.0625	0.0	behav,3,-1,654	18	24848
102.3046875	0.0	behav,3,-1,675	19	26190
107.75	0.0	behav,3,-1,696	20	27584
113.2890625	0.0	behav,3,-1,717	21	29002
118.75390625	0.0	behav,3,-1,738	22	30401
124.10546875	0.0	behav,3,-1,759	23	31771
129.5546875	0.0	behav,3,-1,780	24	33166
135.08984375	0.0	behav,3,-1,801	25	34583
140.625	0.0	behav,3,-1,822	26	36000
146.11328125	0.0	behav,3,-1,843	27	37405
151.53515625	0.0	behav,3,-1,864	28	38793
157.05078125	0.0	behav,3,-1,885	29	40205
162.91796875	0.0	behav,3,-1,906	30	41707
168.453125	0.0	behav,3,-1,927	31	43124
172.02734375	0.0	oddball,16740,-1,944	32	44039
173.69921875	0.0	behav,2,-1,948	33	44467
179.390625	0.0	behav,3,-1,969	34	45924
184.97265625	0.0	behav,3,-1,990	35	47353
190.2578125	0.0	behav,3,-1,1011	36	48706
195.72265625	0.0	behav,3,-1,1032	37	50105
200.98828125	0.0	behav,3,-1,1053	38	51453
206.66015625	0.0	behav,3,-1,1074	39	52905
212.375	0.0	behav,3,-1,1095	40	54368
214.13671875	0.0	oddball,16745,-1,1103	41	54819
217.59765625	0.0	behav,2,-1,1116	42	55705
223.15234375	0.0	behav,3,-1,1137	43	57127
228.484375	0.0	behav,3,-1,1158	44	58492
233.79296875	0.0	behav,3,-1,103	45	59851
236.15625	0.0	oddball,16744,-1,114	46	60456
239.03515625	0.0	behav,2,-1,124	47	61193
244.75	0.0	behav,3,-1,145	48	62656
250.1953125	0.0	behav,3,-1,166	49	64050
255.39453125	0.0	behav,3,-1,187	50	65381
261.4921875	0.0	behav,3,-1,208	51	66942
267.203125	0.0	behav,3,-1,229	52	68404
268.5546875	0.0	oddball,16745,-1,235	53	68750
272.3359375	0.0	behav,2,-1,250	54	69718
277.66796875	0.0	behav,3,-1,271	55	71083
278.21484375	0.0	oddball,16743,-1,273	56	71223
283.3828125	0.0	behav,2,-1,292	57	72546
288.94140625	0.0	behav,3,-1,313	58	73969
294.65625	0.0	behav,3,-1,334	59	75432
297.01953125	0.0	oddball,16742,-1,345	60	76037
299.83203125	0.0	behav,3,-1,355	61	76757
