onset	duration	trial_type	value	sample
5.45703125	0.0	behav,3,-1,21	1	1397
10.90234375	0.0	behav,3,-1,42	2	2791
16.23828125	0.0	behav,3,-1,63	3	4157
21.6796875	0.0	behav,3,-1,84	4	5550
26.921875	0.0	behav,3,-1,381	5	6892
32.34375	0.0	behav,3,-1,402	6	8280
37.90625	0.0	behav,3,-1,423	7	9704
43.1015625	0.0	behav,3,-1,444	8	11034
48.97265625	0.0	behav,3,-1,465	9	12537
54.34765625	0.0	behav,3,-1,486	10	13913
59.7265625	0.0	behav,3,-1,507	11	15290
65.8671875	0.0	behav,3,-1,528	12	16862
69.62890625	0.0	oddball,16745,-1,546	13	17825
71.08984375	0.0	behav,2,-1,549	14	18199
76.2421875	0.0	behav,3,-1,570	15	19518
81.4609375	0.0	behav,3,-1,591	16	20854
86.81640625	0.0	behav,3,-1,612	17	22225
92.01171875	0.0	behav,3,-1,633	18	23555
97.3671875	0.0	behav,3,-1,654	19	24926
103.8046875	0.0	behav,3,-1,675	20	26574
110.015625	0.0	behav,3,-1,696	21	28164
115.1875	0.0	behav,3,-1,717	22	29488
116.55859375	0.0	oddball,16745,-1,723	23	29839
120.54296875	0.0	behav,2,-1,738	24	30859
125.94140625	0.0	behav,3,-1,759	25	32241
127.30078125	0.0	oddball,16745,-1,765	26	32589
131.43359375	0.0	behav,2,-1,780	27	33647
136.80859375	0.0	behav,3,-1,801	28	35023
142.12109375	0.0	behav,3,-1,822	29	36383
148.84765625	0.0	behav,3,-1,843	30	38105
154.203125	0.0	behav,3,-1,864	31	39476
159.64453125	0.0	behav,3,-1,885	32	40869
161.5859375	0.0	oddball,16748,-1,894	33	41366
165.16015625	0.0	behav,3,-1,906	34	42281
169.52734375	0.0	behav,5,-1,927	35	43399
177.6484375	0.0	behav,3,-1,948	36	45478
182.8671875	0.0	behav,3,-1,969	37	46814
188.58203125	0.0	behav,3,-1,990	38	48277
193.78125	0.0	behav,3,-1,1011	39	49608
199.1796875	0.0	behav,3,-1,1032	40	50990
204.578125	0.0	behav,3,-1,1053	41	52372
210.33984375	0.0	behav,3,-1,1074	42	53847
212.88671875	0.0	oddball,16744,-1,1086	43	54499
215.91796875	0.0	behav,3,-1,1095	44	55275
221.41015625	0.0	behav,3,-1,1116	45	56681
226.5859375	0.0	behav,3,-1,1137	46	58006
231.78125	0.0	behav,3,-1,1158	47	59336
237.15625	0.0	behav,3,-1,103	48	60712
242.421875	0.0	behav,3,-1,124	49	62060
247.7109375	0.0	behav,3,-1,145	50	63414
253.08984375	0.0	behav,3,-1,166	51	64791
258.4453125	0.0	behav,3,-1,187	52	66162
263.75390625	0.0	behav,3,-1,208	53	67521
269.0625	0.0	behav,3,-1,229	54	68880
274.5078125	0.0	behav,3,-1,250	55	70274
280.6484375	0.0	behav,3,-1,271	56	71846
285.0078125	0.0	behav,5,-1,292	57	72962
293.56640625	0.0	behav,3,-1,313	58	75153
299.16796875	0.0	behav,3,-1,334	59	76587
301.12109375	0.0	oddball,16746,-1,343	60	77087
304.76953125	0.0	behav,2,-1,355	61	78021
