onset	duration	trial_type	value	sample
5.625	0.0	behav,3,-1,21	1	1440
11.09375	0.0	behav,3,-1,42	2	2840
16.42578125	0.0	behav,3,-1,63	3	4205
21.9375	0.0	behav,3,-1,84	4	5616
27.6953125	0.0	behav,3,-1,381	5	7090
33.1875	0.0	behav,3,-1,402	6	8496
39.015625	0.0	behav,3,-1,423	7	9988
42.1640625	0.0	oddball,16748,-1,438	8	10794
44.52734375	0.0	behav,2,-1,444	9	11399
50.33203125	0.0	behav,3,-1,465	10	12885
55.7734375	0.0	behav,3,-1,486	11	14278
61.53515625	0.0	behav,3,-1,507	12	15753
63.08203125	0.0	oddball,16743,-1,514	13	16149
67.2734375	0.0	behav,2,-1,528	14	17222
72.96484375	0.0	behav,3,-1,549	15	18679
78.48046875	0.0	behav,3,-1,570	16	20091
84.46484375	0.0	behav,3,-1,591	17	21623
90.4921875	0.0	behav,3,-1,612	18	23166
95.9609375	0.0	behav,3,-1,633	19	24566
101.13671875	0.0	behav,3,-1,654	20	25891
106.6015625	0.0	behav,3,-1,675	21	27290
112.00390625	0.0	behav,3,-1,696	22	28673
117.42578125	0.0	behav,3,-1,717	23	30061
122.8515625	0.0	behav,3,-1,738	24	31450
128.26953125	0.0	behav,3,-1,759	25	32837
134.07421875	0.0	behav,3,-1,780	26	34323
139.74609375	0.0	behav,3,-1,801	27	35775
145.2578125	0.0	behav,3,-1,822	28	37186
150.61328125	0.0	behav,3,-1,843	29	38557
151.97265625	0.0	oddball,16742,-1,849	30	38905
155.8125	0.0	behav,2,-1,864	31	39888
161.05078125	0.0	behav,3,-1,885	32	41229
166.203125	0.0	behav,3,-1,906	33	42548
172.1875	0.0	behav,3,-1,927	34	44080
178.10546875	0.0	behav,3,-1,948	35	45595
180.06640625	0.0	oddball,16746,-1,957	36	46097
183.4609375	0.0	behav,2,-1,969	37	46966
189.19921875	0.0	behav,3,-1,990	38	48435
194.80078125	0.0	behav,3,-1,1011	39	49869
199.15234375	0.0	behav,5,-1,1032	40	50983
202.47265625	0.0	oddball,16743,-1,1034	41	51833
207.33203125	0.0	behav,2,-1,1053	42	53077
212.82421875	0.0	behav,3,-1,1074	43	54483
215.96875	0.0	oddball,16743,-1,1089	44	55288
218.0234375	0.0	behav,2,-1,1095	45	55814
223.71484375	0.0	behav,3,-1,1116	46	57271
229.20703125	0.0	behav,3,-1,1137	47	58677
234.828125	0.0	behav,3,-1,1158	48	60116
240.16015625	0.0	behav,3,-1,103	49	61481
245.80859375	0.0	behav,3,-1,124	50	62927
251.05078125	0.0	behav,3,-1,145	51	64269
256.31640625	0.0	behav,3,-1,166	52	65617
261.60546875	0.0	behav,3,-1,187	53	66971
267.83203125	0.0	behav,3,-1,208	54	68565
273.2109375	0.0	behav,3,-1,229	55	69942
278.34375	0.0	behav,3,-1,250	56	71256
283.67578125	0.0	behav,3,-1,271	57	72621
288.94140625	0.0	behav,3,-1,292	58	73969
295.9375	0.0	behav,3,-1,313	59	75760
301.3359375	0.0	behav,3,-1,334	60	77142
307.5	0.0	behav,3,-1,355	61	78720
