onset	duration	trial_type	value	sample
5.77734375	0.0	behav,3,-1,21	1	1479
11.3828125	0.0	behav,3,-1,42	2	2914
16.578125	0.0	behav,3,-1,63	3	4244
21.7265625	0.0	behav,3,-1,84	4	5562
27.0390625	0.0	behav,3,-1,381	5	6922
29.203125	0.0	oddball,16744,-1,391	6	7476
32.16796875	0.0	behav,2,-1,402	7	8235
34.92578125	0.0	oddball,16748,-1,415	8	8941
37.5234375	0.0	behav,3,-1,423	9	9606
42.8125	0.0	behav,3,-1,444	10	10960
48.19140625	0.0	behav,3,-1,465	11	12337
53.87890625	0.0	behav,3,-1,486	12	13793
59.19140625	0.0	behav,3,-1,507	13	15153
64.5234375	0.0	behav,3,-1,528	14	16518
69.765625	0.0	behav,3,-1,549	15	17860
75.234375	0.0	behav,3,-1,570	16	19260
80.81640625	0.0	behav,3,-1,591	17	20689
87.4296875	0.0	behav,3,-1,612	18	22382
92.84765625	0.0	behav,3,-1,633	19	23769
98.046875	0.0	behav,3,-1,654	20	25100
103.40234375	0.0	behav,3,-1,675	21	26471
108.8046875	0.0	behav,3,-1,696	22	27854
114.36328125	0.0	behav,3,-1,717	23	29277
120.0078125	0.0	behav,3,-1,738	24	30722
125.4296875	0.0	behav,3,-1,759	25	32110
126.3984375	0.0	oddball,16745,-1,763	26	32358
131.2578125	0.0	behav,2,-1,780	27	33602
136.97265625	0.0	behav,3,-1,801	28	35065
142.37109375	0.0	behav,3,-1,822	29	36447
147.75	0.0	behav,3,-1,843	30	37824
152.97265625	0.0	behav,3,-1,864	31	39161
158.484375	0.0	behav,3,-1,885	32	40572
160.25	0.0	oddball,16746,-1,893	33	41024
163.7890625	0.0	behav,2,-1,906	34	41930
169.03515625	0.0	behav,3,-1,927	35	43273
174.7265625	0.0	behav,3,-1,948	36	44730
178.87109375	0.0	oddball,16741,-1,968	37	45791
180.12890625	0.0	behav,0,-1,969	38	46113
185.484375	0.0	behav,3,-1,990	39	47484
190.63671875	0.0	behav,3,-1,1011	40	48803
194.3984375	0.0	oddball,16744,-1,1029	41	49766
196.16796875	0.0	behav,2,-1,1032	42	50219
202.01953125	0.0	behav,3,-1,1053	43	51717
207.39453125	0.0	behav,3,-1,1074	44	53093
212.70703125	0.0	behav,3,-1,1095	45	54453
218.0859375	0.0	behav,3,-1,1116	46	55830
223.328125	0.0	behav,3,-1,1137	47	57172
229.1328125	0.0	behav,3,-1,1158	48	58658
234.7109375	0.0	behav,3,-1,103	49	60086
240.46875	0.0	behav,3,-1,124	50	61560
245.82421875	0.0	behav,3,-1,145	51	62931
251.6328125	0.0	behav,3,-1,166	52	64418
256.8984375	0.0	behav,3,-1,187	53	65766
262.5234375	0.0	behav,3,-1,208	54	67206
267.8515625	0.0	behav,3,-1,229	55	68570
273.296875	0.0	behav,3,-1,250	56	69964
278.80859375	0.0	behav,3,-1,271	57	71375
284.70703125	0.0	behav,3,-1,292	58	72885
290.0390625	0.0	behav,3,-1,313	59	74250
295.484375	0.0	behav,3,-1,334	60	75644
301.375	0.0	behav,3,-1,355	61	77152
