onset	duration	trial_type	value	sample
5.87890625	0.0	behav,3,-1,21	1	1505
11.30078125	0.0	behav,3,-1,42	2	2893
16.703125	0.0	behav,3,-1,63	3	4276
22.09765625	0.0	behav,3,-1,84	4	5657
27.49609375	0.0	behav,3,-1,381	5	7039
32.96484375	0.0	behav,3,-1,402	6	8439
38.34375	0.0	behav,3,-1,423	7	9816
39.296875	0.0	oddball,16744,-1,427	8	10060
43.7890625	0.0	behav,2,-1,444	9	11210
49.19140625	0.0	behav,3,-1,465	10	12593
53.33984375	0.0	oddball,16744,-1,485	11	13655
54.54296875	0.0	behav,0,-1,486	12	13963
60.4609375	0.0	behav,3,-1,507	13	15478
66.0625	0.0	behav,3,-1,528	14	16912
68.22265625	0.0	oddball,16744,-1,538	15	17465
71.6875	0.0	behav,2,-1,549	16	18352
77.06640625	0.0	behav,3,-1,570	17	19729
82.4453125	0.0	behav,3,-1,591	18	21106
87.98046875	0.0	behav,3,-1,612	19	22523
93.84765625	0.0	behav,3,-1,633	20	24025
99.2734375	0.0	behav,3,-1,654	21	25414
105.078125	0.0	behav,3,-1,675	22	26900
110.5	0.0	behav,3,-1,696	23	28288
117.2265625	0.0	behav,3,-1,717	24	30010
122.9453125	0.0	behav,3,-1,738	25	31474
129.12890625	0.0	behav,3,-1,759	26	33057
135.85546875	0.0	behav,3,-1,780	27	34779
142.11328125	0.0	behav,3,-1,801	28	36381
149.19921875	0.0	behav,3,-1,822	29	38195
149.94140625	0.0	oddball,16742,-1,825	30	38385
154.62109375	0.0	behav,2,-1,843	31	39583
159.7734375	0.0	behav,3,-1,864	32	40902
165.78125	0.0	behav,3,-1,885	33	42440
171.26953125	0.0	behav,3,-1,906	34	43845
176.625	0.0	behav,3,-1,927	35	45216
179.16796875	0.0	oddball,16745,-1,939	36	45867
182.1171875	0.0	behav,2,-1,948	37	46622
188.8671875	0.0	behav,3,-1,969	38	48350
193.9765625	0.0	behav,3,-1,990	39	49658
199.5078125	0.0	behav,3,-1,1011	40	51074
204.83984375	0.0	behav,3,-1,1032	41	52439
210.12890625	0.0	behav,3,-1,1053	42	53793
216.06640625	0.0	behav,3,-1,1074	43	55313
222.30078125	0.0	behav,3,-1,1095	44	56909
228.2421875	0.0	behav,3,-1,1116	45	58430
234.8984375	0.0	behav,3,-1,1137	46	60134
240.296875	0.0	behav,3,-1,1158	47	61516
245.6328125	0.0	behav,3,-1,103	48	62882
251.55078125	0.0	behav,3,-1,124	49	64397
257.19921875	0.0	behav,3,-1,145	50	65843
263.41015625	0.0	behav,3,-1,166	51	67433
269.5703125	0.0	behav,3,-1,187	52	69010
274.74609375	0.0	behav,3,-1,208	53	70335
279.96484375	0.0	behav,3,-1,229	54	71671
285.34375	0.0	behav,3,-1,250	55	73048
290.90234375	0.0	behav,3,-1,271	56	74471
296.28125	0.0	behav,3,-1,292	57	75848
301.69921875	0.0	behav,3,-1,313	58	77235
307.86328125	0.0	behav,3,-1,334	59	78813
313.265625	0.0	behav,3,-1,355	60	80196
316.8046875	0.0	oddball,16747,-1,372	61	81102
