onset	duration	trial_type	value	sample
5.55859375	0.0	behav,3,-1,21	1	1423
10.9375	0.0	behav,3,-1,42	2	2800
16.06640625	0.0	behav,3,-1,63	3	4113
22.16015625	0.0	behav,3,-1,84	4	5673
28.19140625	0.0	behav,3,-1,381	5	7217
33.81640625	0.0	behav,3,-1,402	6	8657
39.734375	0.0	behav,3,-1,423	7	10172
45.44921875	0.0	behav,2,-1,444	8	11635
50.73828125	0.0	behav,3,-1,465	9	12989
56.65234375	0.0	behav,3,-1,486	10	14503
61.94140625	0.0	behav,3,-1,507	11	15857
68.53125	0.0	behav,3,-1,528	12	17544
74.921875	0.0	behav,3,-1,549	13	19180
80.34765625	0.0	behav,3,-1,570	14	20569
85.76953125	0.0	behav,3,-1,591	15	21957
89.734375	0.0	oddball,16747,-1,610	16	22972
91.2578125	0.0	behav,3,-1,612	17	23362
95.625	0.0	behav,5,-1,633	18	24480
103.67578125	0.0	behav,3,-1,654	19	26541
109.0546875	0.0	behav,3,-1,675	20	27918
111.82421875	0.0	oddball,16748,-1,688	21	28627
114.23046875	0.0	behav,2,-1,696	22	29243
119.6328125	0.0	behav,3,-1,717	23	30626
125.23046875	0.0	behav,3,-1,738	24	32059
130.4296875	0.0	behav,3,-1,759	25	33390
135.91796875	0.0	behav,3,-1,780	26	34795
141.296875	0.0	behav,3,-1,801	27	36172
146.7421875	0.0	behav,3,-1,822	28	37566
152.34765625	0.0	behav,3,-1,843	29	39001
157.6796875	0.0	behav,3,-1,864	30	40366
163.43359375	0.0	behav,3,-1,885	31	41839
168.8125	0.0	behav,3,-1,906	32	43216
175.1796875	0.0	behav,3,-1,927	33	44846
179.125	0.0	oddball,16746,-1,946	34	45856
180.3125	0.0	behav,2,-1,948	35	46160
185.7109375	0.0	behav,3,-1,969	36	47542
190.8671875	0.0	behav,3,-1,990	37	48862
196.26171875	0.0	behav,3,-1,1011	38	50243
197.42578125	0.0	oddball,16745,-1,1016	39	50541
201.70703125	0.0	behav,2,-1,1032	40	51637
207.21875	0.0	behav,3,-1,1053	41	53048
212.82421875	0.0	behav,3,-1,1074	42	54483
218.203125	0.0	behav,3,-1,1095	43	55860
223.66796875	0.0	behav,3,-1,1116	44	57259
229.0234375	0.0	behav,3,-1,1137	45	58630
234.46484375	0.0	behav,3,-1,1158	46	60023
239.8671875	0.0	behav,3,-1,103	47	61406
245.22265625	0.0	behav,3,-1,124	48	62777
250.578125	0.0	behav,3,-1,145	49	64148
254.3203125	0.0	oddball,16748,-1,163	50	65106
255.75390625	0.0	behav,2,-1,166	51	65473
261.01953125	0.0	behav,3,-1,187	52	66821
266.34765625	0.0	behav,3,-1,208	53	68185
271.66015625	0.0	behav,3,-1,229	54	69545
277.03515625	0.0	behav,3,-1,250	55	70921
282.91015625	0.0	behav,3,-1,271	56	72425
288.51171875	0.0	behav,3,-1,292	57	73859
294.02734375	0.0	behav,3,-1,313	58	75271
297.99609375	0.0	oddball,16742,-1,332	59	76287
299.26953125	0.0	behav,2,-1,334	60	76613
304.5546875	0.0	behav,3,-1,355	61	77966
