onset	duration	trial_type	value	sample
4.75390625	0.0	oddball,16740,-1,20	1	1217
5.98046875	0.0	behav,0,-1,21	2	1531
11.3828125	0.0	behav,3,-1,42	3	2914
16.6640625	0.0	behav,3,-1,63	4	4266
21.99609375	0.0	behav,3,-1,84	5	5631
27.48828125	0.0	behav,3,-1,381	6	7037
32.80078125	0.0	behav,3,-1,402	7	8397
36.34765625	0.0	oddball,16743,-1,419	8	9305
38.125	0.0	behav,0,-1,423	9	9760
43.546875	0.0	behav,3,-1,444	10	11148
49.14453125	0.0	behav,3,-1,465	11	12581
54.4375	0.0	behav,3,-1,486	12	13936
59.8125	0.0	behav,3,-1,507	13	15312
65.25	0.0	behav,3,-1,528	14	16704
70.6484375	0.0	behav,3,-1,549	15	18086
76.03125	0.0	behav,3,-1,570	16	19464
81.50390625	0.0	behav,3,-1,591	17	20865
86.84375	0.0	behav,3,-1,612	18	22232
92.2734375	0.0	behav,3,-1,633	19	23622
97.69140625	0.0	behav,3,-1,654	20	25009
103.16796875	0.0	behav,3,-1,675	21	26411
108.5546875	0.0	behav,3,-1,696	22	27790
114.0859375	0.0	behav,3,-1,717	23	29206
119.82421875	0.0	behav,3,-1,738	24	30675
125.32421875	0.0	behav,3,-1,759	25	32083
131.234375	0.0	behav,3,-1,780	26	33596
136.5625	0.0	behav,3,-1,801	27	34960
141.90625	0.0	behav,3,-1,822	28	36328
147.1015625	0.0	behav,3,-1,843	29	37658
150.84765625	0.0	oddball,16747,-1,861	30	38617
152.42578125	0.0	behav,0,-1,864	31	39021
155.00390625	0.0	oddball,16743,-1,876	32	39681
157.75	0.0	behav,0,-1,885	33	40384
163.140625	0.0	behav,3,-1,906	34	41764
168.3984375	0.0	behav,3,-1,927	35	43110
173.7578125	0.0	behav,3,-1,948	36	44482
176.51953125	0.0	oddball,16748,-1,961	37	45189
179.09375	0.0	behav,0,-1,969	38	45848
184.44921875	0.0	behav,3,-1,990	39	47219
189.9453125	0.0	behav,3,-1,1011	40	48626
195.375	0.0	behav,3,-1,1032	41	50016
200.69921875	0.0	behav,3,-1,1053	42	51379
206.02734375	0.0	behav,3,-1,1074	43	52743
211.28515625	0.0	behav,3,-1,1095	44	54089
216.578125	0.0	behav,3,-1,1116	45	55444
220.14453125	0.0	oddball,16748,-1,1133	46	56357
222.36328125	0.0	behav,1,-1,1137	47	56925
227.734375	0.0	behav,3,-1,1158	48	58300
233.04296875	0.0	behav,3,-1,103	49	59659
238.2890625	0.0	behav,3,-1,124	50	61002
243.453125	0.0	behav,3,-1,145	51	62324
248.65625	0.0	behav,3,-1,166	52	63656
253.91015625	0.0	behav,3,-1,187	53	65001
259.15234375	0.0	behav,3,-1,208	54	66343
264.390625	0.0	behav,3,-1,229	55	67684
269.9765625	0.0	behav,3,-1,250	56	69114
275.23828125	0.0	behav,3,-1,271	57	70461
280.609375	0.0	behav,3,-1,292	58	71836
285.953125	0.0	behav,3,-1,313	59	73204
291.27734375	0.0	behav,3,-1,334	60	74567
296.57421875	0.0	behav,3,-1,355	61	75923
301.9375	0.0	behav,3,-1,376	62	77296
