onset	duration	trial_type	value	sample
2.546875	0.0	oddball,16741,-1,9	1	652
5.96875	0.0	behav,0,-1,21	2	1528
6.703125	0.0	oddball,16744,-1,24	3	1716
11.30859375	0.0	behav,1,-1,42	4	2895
16.68359375	0.0	behav,3,-1,63	5	4271
22.0703125	0.0	behav,3,-1,84	6	5650
27.26953125	0.0	behav,3,-1,381	7	6981
32.4921875	0.0	behav,3,-1,402	8	8318
37.86328125	0.0	behav,3,-1,423	9	9693
43.09765625	0.0	behav,3,-1,444	10	11033
48.46875	0.0	behav,3,-1,465	11	12408
53.828125	0.0	behav,3,-1,486	12	13780
55.203125	0.0	oddball,16741,-1,492	13	14132
59.31640625	0.0	behav,0,-1,507	14	15185
64.703125	0.0	behav,3,-1,528	15	16564
70.01953125	0.0	behav,3,-1,549	16	17925
73.546875	0.0	oddball,16747,-1,566	17	18828
75.3515625	0.0	behav,0,-1,570	18	19290
80.703125	0.0	behav,3,-1,591	19	20660
86.25	0.0	behav,3,-1,612	20	22080
91.71875	0.0	behav,3,-1,633	21	23480
97.1484375	0.0	behav,3,-1,654	22	24870
102.55078125	0.0	behav,3,-1,675	23	26253
107.8359375	0.0	behav,3,-1,696	24	27606
113.15234375	0.0	behav,3,-1,717	25	28967
118.4765625	0.0	behav,3,-1,738	26	30330
123.859375	0.0	behav,3,-1,759	27	31708
129.1875	0.0	behav,3,-1,780	28	33072
134.5546875	0.0	behav,3,-1,801	29	34446
136.109375	0.0	oddball,16740,-1,808	30	34844
139.9609375	0.0	behav,0,-1,822	31	35830
145.28515625	0.0	behav,3,-1,843	32	37193
150.69921875	0.0	behav,3,-1,864	33	38579
156.05859375	0.0	behav,3,-1,885	34	39951
161.2734375	0.0	behav,3,-1,906	35	41286
166.671875	0.0	behav,3,-1,927	36	42668
172.03125	0.0	behav,3,-1,948	37	44040
177.56640625	0.0	behav,3,-1,969	38	45457
182.9609375	0.0	behav,3,-1,990	39	46838
188.2109375	0.0	behav,3,-1,1011	40	48182
191.16015625	0.0	oddball,16743,-1,1025	41	48937
193.58203125	0.0	behav,0,-1,1032	42	49557
198.94140625	0.0	behav,3,-1,1053	43	50929
204.2890625	0.0	behav,3,-1,1074	44	52298
209.640625	0.0	behav,3,-1,1095	45	53668
215.078125	0.0	behav,3,-1,1116	46	55060
220.4609375	0.0	behav,3,-1,1137	47	56438
225.859375	0.0	behav,3,-1,1158	48	57820
231.2109375	0.0	behav,3,-1,103	49	59190
236.5625	0.0	behav,3,-1,124	50	60560
241.87109375	0.0	behav,3,-1,145	51	61919
247.1953125	0.0	behav,3,-1,166	52	63282
252.546875	0.0	behav,3,-1,187	53	64652
257.8984375	0.0	behav,3,-1,208	54	66022
263.3515625	0.0	behav,3,-1,229	55	67418
268.8828125	0.0	behav,3,-1,250	56	68834
274.3125	0.0	behav,3,-1,271	57	70224
279.67578125	0.0	behav,3,-1,292	58	71597
284.97265625	0.0	behav,3,-1,313	59	72953
290.33984375	0.0	behav,3,-1,334	60	74327
295.73828125	0.0	behav,3,-1,355	61	75709
300.99609375	0.0	behav,3,-1,376	62	77055
