onset	duration	trial_type	value	sample
5.15625	0.0	behav,3,-1,21	1	1320
10.28515625	0.0	oddball,16743,-1,40	2	2633
10.546875	0.0	behav,0,-1,42	3	2700
16.0546875	0.0	behav,3,-1,63	4	4110
21.76171875	0.0	behav,3,-1,84	5	5571
23.5	0.0	oddball,16742,-1,86	6	6016
27.14453125	0.0	behav,0,-1,381	7	6949
32.45703125	0.0	behav,3,-1,402	8	8309
37.6875	0.0	behav,3,-1,423	9	9648
43.76953125	0.0	behav,3,-1,444	10	11205
49.24609375	0.0	behav,3,-1,465	11	12607
54.703125	0.0	behav,3,-1,486	12	14004
60.265625	0.0	behav,3,-1,507	13	15428
65.96484375	0.0	behav,3,-1,528	14	16887
71.26953125	0.0	behav,3,-1,549	15	18245
76.80859375	0.0	behav,3,-1,570	16	19663
82.1171875	0.0	behav,3,-1,591	17	21022
87.7421875	0.0	behav,3,-1,612	18	22462
93.109375	0.0	behav,3,-1,633	19	23836
98.46875	0.0	behav,3,-1,654	20	25208
104.99609375	0.0	behav,3,-1,675	21	26879
110.2734375	0.0	behav,3,-1,696	22	28230
115.20703125	0.0	oddball,16747,-1,714	23	29493
115.69140625	0.0	behav,0,-1,717	24	29617
121.31640625	0.0	behav,3,-1,738	25	31057
126.65625	0.0	behav,3,-1,759	26	32424
132.26953125	0.0	behav,3,-1,780	27	33861
137.50390625	0.0	behav,3,-1,801	28	35201
142.8828125	0.0	behav,3,-1,822	29	36578
148.14453125	0.0	behav,3,-1,843	30	37925
153.51171875	0.0	behav,3,-1,864	31	39299
158.7421875	0.0	behav,3,-1,885	32	40638
164.296875	0.0	behav,3,-1,906	33	42060
169.48828125	0.0	behav,3,-1,927	34	43389
174.7734375	0.0	behav,3,-1,948	35	44742
179.09765625	0.0	oddball,16748,-1,963	36	45849
181.06640625	0.0	behav,0,-1,969	37	46353
186.328125	0.0	behav,3,-1,990	38	47700
191.03125	0.0	oddball,16747,-1,1007	39	48904
191.5390625	0.0	behav,0,-1,1011	40	49034
196.77734375	0.0	behav,3,-1,1032	41	50375
202.1484375	0.0	behav,3,-1,1053	42	51750
207.44921875	0.0	behav,3,-1,1074	43	53107
213.0859375	0.0	behav,3,-1,1095	44	54550
218.3359375	0.0	behav,3,-1,1116	45	55894
224.2578125	0.0	behav,3,-1,1137	46	57410
229.3984375	0.0	behav,3,-1,1158	47	58726
235.0546875	0.0	behav,3,-1,103	48	60174
240.1796875	0.0	behav,3,-1,124	49	61486
245.921875	0.0	behav,3,-1,145	50	62956
251.3046875	0.0	behav,3,-1,166	51	64334
256.58984375	0.0	behav,3,-1,187	52	65687
261.9921875	0.0	behav,3,-1,208	53	67070
267.90625	0.0	behav,3,-1,229	54	68584
273.1484375	0.0	behav,3,-1,250	55	69926
278.3515625	0.0	behav,3,-1,271	56	71258
283.671875	0.0	behav,3,-1,292	57	72620
289.44921875	0.0	behav,3,-1,313	58	74099
294.921875	0.0	behav,3,-1,334	59	75500
300.125	0.0	behav,3,-1,355	60	76832
302.4375	0.0	oddball,16740,-1,360	61	77424
