onset	duration	trial_type	value	sample
4.7578125	0.0	behav,3,-1,21	1	1218
9.95703125	0.0	behav,3,-1,42	2	2549
15.19140625	0.0	behav,3,-1,63	3	3889
21.13671875	0.0	behav,3,-1,84	4	5411
26.59375	0.0	behav,3,-1,381	5	6808
31.76171875	0.0	behav,3,-1,402	6	8131
36.8984375	0.0	behav,3,-1,423	7	9446
42.04296875	0.0	behav,3,-1,444	8	10763
47.65234375	0.0	behav,3,-1,465	9	12199
53.5703125	0.0	behav,3,-1,486	10	13714
59.0546875	0.0	behav,3,-1,507	11	15118
64.0	0.0	oddball,16744,-1,525	12	16384
64.7421875	0.0	behav,0,-1,528	13	16574
70.33984375	0.0	behav,3,-1,549	14	18007
75.93359375	0.0	behav,3,-1,570	15	19439
81.97265625	0.0	behav,3,-1,591	16	20985
87.71875	0.0	behav,3,-1,612	17	22456
92.9609375	0.0	behav,3,-1,633	18	23798
98.28515625	0.0	behav,3,-1,654	19	25161
103.796875	0.0	behav,3,-1,675	20	26572
107.734375	0.0	oddball,16744,-1,688	21	27580
109.1171875	0.0	behav,0,-1,696	22	27934
114.3046875	0.0	behav,3,-1,717	23	29262
120.015625	0.0	behav,3,-1,738	24	30724
125.921875	0.0	behav,3,-1,759	25	32236
131.83203125	0.0	behav,3,-1,780	26	33749
137.26171875	0.0	behav,3,-1,801	27	35139
142.6484375	0.0	behav,3,-1,822	28	36518
147.97265625	0.0	behav,3,-1,843	29	37881
153.765625	0.0	behav,3,-1,864	30	39364
159.328125	0.0	behav,3,-1,885	31	40788
164.546875	0.0	behav,3,-1,906	32	42124
170.265625	0.0	behav,3,-1,927	33	43588
176.2734375	0.0	behav,3,-1,948	34	45126
181.453125	0.0	behav,3,-1,969	35	46452
187.63671875	0.0	behav,3,-1,990	36	48035
192.578125	0.0	oddball,16748,-1,1008	37	49300
193.40234375	0.0	behav,0,-1,1011	38	49511
198.625	0.0	behav,3,-1,1032	39	50848
204.46484375	0.0	behav,3,-1,1053	40	52343
209.90234375	0.0	behav,3,-1,1074	41	53735
215.10546875	0.0	behav,3,-1,1095	42	55067
220.921875	0.0	behav,3,-1,1116	43	56556
226.33984375	0.0	behav,3,-1,1137	44	57943
231.84375	0.0	behav,3,-1,1158	45	59352
237.203125	0.0	behav,3,-1,103	46	60724
243.234375	0.0	behav,3,-1,124	47	62268
244.765625	0.0	oddball,16743,-1,125	48	62660
248.6875	0.0	behav,0,-1,145	49	63664
253.4375	0.0	oddball,16744,-1,162	50	64880
253.92578125	0.0	behav,0,-1,166	51	65005
259.33203125	0.0	behav,3,-1,187	52	66389
264.6640625	0.0	behav,3,-1,208	53	67754
270.734375	0.0	behav,3,-1,229	54	69308
274.671875	0.0	oddball,16747,-1,242	55	70316
275.9765625	0.0	behav,0,-1,250	56	70650
281.6171875	0.0	behav,3,-1,271	57	72094
287.359375	0.0	behav,3,-1,292	58	73564
292.57421875	0.0	behav,3,-1,313	59	74899
297.74609375	0.0	behav,3,-1,334	60	76223
302.875	0.0	behav,3,-1,355	61	77536
