onset	duration	trial_type	value	sample
4.8046875	0.0	behav,3,-1,21	1	1230
10.68359375	0.0	behav,3,-1,42	2	2735
15.8828125	0.0	behav,3,-1,63	3	4066
21.2890625	0.0	behav,3,-1,84	4	5450
26.7109375	0.0	behav,3,-1,381	5	6838
33.63671875	0.0	behav,3,-1,402	6	8611
38.90234375	0.0	behav,3,-1,423	7	9959
44.37890625	0.0	behav,3,-1,444	8	11361
49.70703125	0.0	behav,3,-1,465	9	12725
54.921875	0.0	behav,3,-1,486	10	14060
60.7109375	0.0	behav,3,-1,507	11	15542
66.65625	0.0	behav,3,-1,528	12	17064
72.38671875	0.0	behav,3,-1,549	13	18531
77.578125	0.0	behav,3,-1,570	14	19860
82.72265625	0.0	behav,3,-1,591	15	21177
87.97265625	0.0	behav,3,-1,612	16	22521
93.65625	0.0	behav,3,-1,633	17	23976
97.59375	0.0	oddball,16741,-1,646	18	24984
98.859375	0.0	behav,0,-1,654	19	25308
104.140625	0.0	behav,3,-1,675	20	26660
109.37890625	0.0	behav,3,-1,696	21	28001
115.953125	0.0	behav,3,-1,717	22	29684
121.21484375	0.0	behav,3,-1,738	23	31031
126.48828125	0.0	behav,3,-1,759	24	32381
129.828125	0.0	oddball,16747,-1,769	25	33236
132.00390625	0.0	behav,0,-1,780	26	33793
137.33984375	0.0	behav,3,-1,801	27	35159
142.578125	0.0	behav,0,-1,822	28	36500
142.67578125	0.0	oddball,16741,-1,821	29	36525
147.89453125	0.0	behav,3,-1,843	30	37861
153.12890625	0.0	behav,3,-1,864	31	39201
158.5234375	0.0	behav,3,-1,885	32	40582
163.67578125	0.0	behav,3,-1,906	33	41901
169.5625	0.0	behav,3,-1,927	34	43408
174.8828125	0.0	behav,3,-1,948	35	44770
181.00390625	0.0	behav,3,-1,969	36	46337
186.34375	0.0	behav,3,-1,990	37	47704
191.7109375	0.0	behav,3,-1,1011	38	49078
196.9453125	0.0	behav,3,-1,1032	39	50418
199.703125	0.0	oddball,16742,-1,1039	40	51124
202.125	0.0	behav,0,-1,1053	41	51744
207.27734375	0.0	behav,3,-1,1074	42	53063
213.24609375	0.0	behav,3,-1,1095	43	54591
218.51171875	0.0	behav,3,-1,1116	44	55939
224.10546875	0.0	behav,3,-1,1137	45	57371
229.44921875	0.0	behav,3,-1,1158	46	58739
234.8046875	0.0	behav,3,-1,103	47	60110
240.140625	0.0	behav,3,-1,124	48	61476
245.71484375	0.0	behav,3,-1,145	49	62903
251.17578125	0.0	behav,3,-1,166	50	64301
256.35546875	0.0	behav,3,-1,187	51	65627
261.54296875	0.0	behav,3,-1,208	52	66955
266.734375	0.0	behav,3,-1,229	53	68284
268.265625	0.0	oddball,16744,-1,230	54	68676
272.19921875	0.0	behav,0,-1,250	55	69683
277.7109375	0.0	behav,3,-1,271	56	71094
283.50390625	0.0	behav,3,-1,292	57	72577
288.87890625	0.0	behav,3,-1,313	58	73953
294.26171875	0.0	behav,3,-1,334	59	75331
299.41015625	0.0	behav,3,-1,355	60	76649
302.15625	0.0	oddball,16744,-1,362	61	77352
