onset	duration	trial_type	value	sample
1.55078125	0.0	oddball,16748,-1,4	1	397
4.86328125	0.0	behav,1,-1,21	2	1245
10.34765625	0.0	behav,3,-1,42	3	2649
15.5859375	0.0	behav,3,-1,63	4	3990
20.74609375	0.0	behav,3,-1,84	5	5311
25.90234375	0.0	behav,3,-1,381	6	6631
31.0625	0.0	behav,3,-1,402	7	7952
36.3203125	0.0	behav,3,-1,423	8	9298
41.6171875	0.0	behav,3,-1,444	9	10654
47.07421875	0.0	behav,3,-1,465	10	12051
52.30859375	0.0	behav,3,-1,486	11	13391
57.4921875	0.0	behav,3,-1,507	12	14718
63.3203125	0.0	behav,3,-1,528	13	16210
68.05078125	0.0	oddball,16745,-1,545	14	17421
68.57421875	0.0	behav,0,-1,549	15	17555
73.734375	0.0	behav,3,-1,570	16	18876
77.64453125	0.0	oddball,16745,-1,583	17	19877
78.93359375	0.0	behav,0,-1,591	18	20207
84.140625	0.0	behav,3,-1,612	19	21540
89.50390625	0.0	behav,3,-1,633	20	22913
94.953125	0.0	behav,3,-1,654	21	24308
100.20703125	0.0	behav,3,-1,675	22	25653
105.39453125	0.0	behav,3,-1,696	23	26981
110.54296875	0.0	behav,3,-1,717	24	28299
115.69140625	0.0	behav,3,-1,738	25	29617
121.078125	0.0	behav,3,-1,759	26	30996
126.5546875	0.0	behav,3,-1,780	27	32398
132.16015625	0.0	behav,3,-1,801	28	33833
137.703125	0.0	behav,5,-1,822	29	35252
146.33984375	0.0	behav,3,-1,843	30	37463
151.61328125	0.0	behav,3,-1,864	31	38813
156.8828125	0.0	behav,3,-1,885	32	40162
162.25	0.0	behav,3,-1,906	33	41536
167.44140625	0.0	behav,3,-1,927	34	42865
172.94140625	0.0	behav,3,-1,948	35	44273
178.49609375	0.0	behav,3,-1,969	36	45695
183.83203125	0.0	oddball,16743,-1,989	37	47061
183.8671875	0.0	behav,0,-1,990	38	47070
189.13671875	0.0	behav,3,-1,1011	39	48419
194.41015625	0.0	behav,3,-1,1032	40	49769
200.4140625	0.0	behav,3,-1,1053	41	51306
205.68359375	0.0	behav,3,-1,1074	42	52655
211.01953125	0.0	behav,3,-1,1095	43	54021
216.67578125	0.0	behav,3,-1,1116	44	55469
221.828125	0.0	behav,3,-1,1137	45	56788
226.97265625	0.0	behav,3,-1,1158	46	58105
232.19140625	0.0	behav,3,-1,103	47	59441
237.58203125	0.0	behav,3,-1,124	48	60821
242.765625	0.0	behav,3,-1,145	49	62148
248.11328125	0.0	behav,3,-1,166	50	63517
251.86328125	0.0	oddball,16745,-1,178	51	64477
253.390625	0.0	behav,0,-1,187	52	64868
258.55078125	0.0	behav,3,-1,208	53	66189
264.4921875	0.0	behav,3,-1,229	54	67710
269.83984375	0.0	behav,3,-1,250	55	69079
276.02734375	0.0	behav,3,-1,271	56	70663
281.234375	0.0	behav,3,-1,292	57	71996
282.76953125	0.0	oddball,16744,-1,293	58	72389
286.6640625	0.0	behav,0,-1,313	59	73386
291.8515625	0.0	behav,3,-1,334	60	74714
297.1875	0.0	behav,3,-1,355	61	76080
