onset	duration	trial_type	value	sample
1.86328125	0.0	oddball,16748,-1,8	1	477
5.5	0.0	behav,2,-1,21	2	1408
10.90234375	0.0	behav,3,-1,42	3	2791
16.27734375	0.0	behav,3,-1,63	4	4167
21.65234375	0.0	behav,3,-1,84	5	5543
27.0546875	0.0	behav,3,-1,381	6	6926
32.5	0.0	behav,3,-1,402	7	8320
37.71875	0.0	behav,3,-1,423	8	9656
43.45703125	0.0	behav,3,-1,444	9	11125
48.8359375	0.0	behav,3,-1,465	10	12502
54.2109375	0.0	behav,3,-1,486	11	13878
59.6328125	0.0	behav,3,-1,507	12	15266
64.98828125	0.0	behav,3,-1,528	13	16637
70.25390625	0.0	behav,3,-1,549	14	17985
75.67578125	0.0	behav,3,-1,570	15	19373
81.078125	0.0	behav,3,-1,591	16	20756
86.54296875	0.0	behav,3,-1,612	17	22155
91.98828125	0.0	behav,3,-1,633	18	23549
98.2890625	0.0	behav,3,-1,654	19	25162
101.4296875	0.0	oddball,16748,-1,669	20	25966
103.82421875	0.0	behav,2,-1,675	21	26579
109.26953125	0.0	behav,3,-1,696	22	27973
114.734375	0.0	behav,3,-1,717	23	29372
120.11328125	0.0	behav,3,-1,738	24	30749
125.46484375	0.0	behav,3,-1,759	25	32119
130.93359375	0.0	behav,3,-1,780	26	33519
136.515625	0.0	behav,3,-1,801	27	34948
141.984375	0.0	behav,3,-1,822	28	36348
145.94140625	0.0	oddball,16743,-1,841	29	37361
147.359375	0.0	behav,2,-1,843	30	37724
148.51171875	0.0	oddball,16745,-1,848	31	38019
152.78515625	0.0	behav,2,-1,864	32	39113
158.23046875	0.0	behav,3,-1,885	33	40507
163.94140625	0.0	behav,3,-1,906	34	41969
169.31640625	0.0	behav,3,-1,927	35	43345
174.71875	0.0	behav,3,-1,948	36	44728
180.1875	0.0	behav,3,-1,969	37	46128
185.92578125	0.0	behav,3,-1,990	38	47597
191.75390625	0.0	behav,3,-1,1011	39	49089
197.12890625	0.0	behav,3,-1,1032	40	50465
202.70703125	0.0	behav,3,-1,1053	41	51893
208.12890625	0.0	behav,3,-1,1074	42	53281
213.53125	0.0	behav,3,-1,1095	43	54664
218.9765625	0.0	behav,3,-1,1116	44	56058
224.421875	0.0	behav,3,-1,1137	45	57452
225.171875	0.0	oddball,16744,-1,1140	46	57644
229.796875	0.0	behav,2,-1,1158	47	58828
235.15234375	0.0	behav,3,-1,103	48	60199
240.328125	0.0	behav,3,-1,124	49	61524
245.7734375	0.0	behav,3,-1,145	50	62918
251.171875	0.0	behav,3,-1,166	51	64300
256.6640625	0.0	behav,3,-1,187	52	65706
262.22265625	0.0	behav,3,-1,208	53	67129
267.6171875	0.0	behav,3,-1,229	54	68510
270.98046875	0.0	oddball,16744,-1,245	55	69371
273.01953125	0.0	behav,2,-1,250	56	69893
278.3515625	0.0	behav,3,-1,271	57	71258
283.68359375	0.0	behav,3,-1,292	58	72623
289.01953125	0.0	behav,3,-1,313	59	73989
294.5546875	0.0	behav,3,-1,334	60	75406
300.1953125	0.0	behav,3,-1,355	61	76850
