onset	duration	trial_type	value	sample
5.80859375	0.0	behav,3,-1,21	1	1487
11.2109375	0.0	behav,3,-1,42	2	2870
16.609375	0.0	behav,3,-1,63	3	4252
22.0078125	0.0	behav,3,-1,84	4	5634
27.40625	0.0	behav,3,-1,381	5	7016
32.671875	0.0	behav,3,-1,402	6	8364
38.07421875	0.0	behav,3,-1,423	7	9747
43.54296875	0.0	behav,3,-1,444	8	11147
49.078125	0.0	behav,3,-1,465	9	12564
54.8125	0.0	behav,3,-1,486	10	14032
60.12109375	0.0	behav,3,-1,507	11	15391
65.54296875	0.0	behav,3,-1,528	12	16779
70.9453125	0.0	behav,3,-1,549	13	18162
76.32421875	0.0	behav,3,-1,570	14	19539
81.74609375	0.0	behav,3,-1,591	15	20927
87.16796875	0.0	behav,3,-1,612	16	22315
92.51953125	0.0	behav,3,-1,633	17	23685
97.921875	0.0	behav,3,-1,654	18	25068
103.58984375	0.0	behav,3,-1,675	19	26519
108.96875	0.0	behav,3,-1,696	20	27896
114.12109375	0.0	behav,3,-1,717	21	29215
119.546875	0.0	behav,3,-1,738	22	30604
125.0078125	0.0	behav,3,-1,759	23	32002
127.5703125	0.0	oddball,16747,-1,771	24	32658
130.74609375	0.0	behav,2,-1,780	25	33471
136.19140625	0.0	behav,3,-1,801	26	34865
141.546875	0.0	behav,3,-1,822	27	36236
146.90234375	0.0	behav,3,-1,843	28	37607
152.8671875	0.0	behav,3,-1,864	29	39134
158.24609375	0.0	behav,3,-1,885	30	40511
163.7109375	0.0	behav,3,-1,906	31	41910
169.58203125	0.0	behav,3,-1,927	32	43413
175.07421875	0.0	behav,3,-1,948	33	44819
180.51953125	0.0	behav,3,-1,969	34	46213
185.984375	0.0	behav,3,-1,990	35	47612
191.4296875	0.0	behav,3,-1,1011	36	49006
196.91796875	0.0	behav,3,-1,1032	37	50411
202.296875	0.0	behav,3,-1,1053	38	51788
207.83203125	0.0	behav,3,-1,1074	39	53205
213.1640625	0.0	behav,3,-1,1095	40	54570
218.4765625	0.0	behav,3,-1,1116	41	55930
223.83203125	0.0	behav,3,-1,1137	42	57301
229.18359375	0.0	behav,3,-1,1158	43	58671
232.92578125	0.0	oddball,16741,-1,1176	44	59629
234.62890625	0.0	behav,2,-1,103	45	60065
239.984375	0.0	behav,3,-1,124	46	61436
245.359375	0.0	behav,3,-1,145	47	62812
250.98828125	0.0	behav,3,-1,166	48	64253
252.94921875	0.0	oddball,16746,-1,175	49	64755
256.38671875	0.0	behav,2,-1,187	50	65635
261.7890625	0.0	behav,3,-1,208	51	67018
267.5234375	0.0	behav,3,-1,229	52	68486
272.921875	0.0	behav,3,-1,250	53	69868
278.30078125	0.0	behav,3,-1,271	54	71245
283.6796875	0.0	behav,3,-1,292	55	72622
286.44921875	0.0	oddball,16747,-1,305	56	73331
289.14453125	0.0	behav,2,-1,313	57	74021
294.3203125	0.0	behav,3,-1,334	58	75346
297.6953125	0.0	oddball,16744,-1,350	59	76210
299.7421875	0.0	behav,2,-1,355	60	76734
301.7109375	0.0	oddball,16740,-1,364	61	77238
