onset	duration	trial_type	value	sample
5.52734375	0.0	behav,3,-1,21	1	1415
10.9296875	0.0	behav,3,-1,42	2	2798
16.28515625	0.0	behav,3,-1,63	3	4169
21.45703125	0.0	behav,3,-1,84	4	5493
26.96875	0.0	behav,3,-1,381	5	6904
32.34765625	0.0	behav,3,-1,402	6	8281
37.76953125	0.0	behav,3,-1,423	7	9669
43.19140625	0.0	behav,3,-1,444	8	11057
48.5703125	0.0	behav,3,-1,465	9	12434
53.98828125	0.0	behav,3,-1,486	10	13821
55.12890625	0.0	oddball,16747,-1,491	11	14113
59.4375	0.0	behav,2,-1,507	12	15216
64.8828125	0.0	behav,3,-1,528	13	16610
70.484375	0.0	behav,3,-1,549	14	18044
75.90625	0.0	behav,3,-1,570	15	19432
81.171875	0.0	behav,3,-1,591	16	20780
86.6171875	0.0	behav,3,-1,612	17	22174
91.9921875	0.0	behav,3,-1,633	18	23550
97.52734375	0.0	behav,3,-1,654	19	24967
102.99609375	0.0	behav,3,-1,675	20	26367
108.375	0.0	behav,3,-1,696	21	27744
113.84375	0.0	behav,3,-1,717	22	29144
118.01171875	0.0	oddball,16743,-1,737	23	30211
120.03125	0.0	behav,0,-1,738	24	30728
125.60546875	0.0	behav,3,-1,759	25	32155
131.0078125	0.0	behav,3,-1,780	26	33538
136.453125	0.0	behav,3,-1,801	27	34932
137.61328125	0.0	oddball,16744,-1,806	28	35229
141.8984375	0.0	behav,2,-1,822	29	36326
147.3671875	0.0	behav,3,-1,843	30	37726
152.85546875	0.0	behav,3,-1,864	31	39131
158.2109375	0.0	behav,3,-1,885	32	40502
159.765625	0.0	oddball,16740,-1,892	33	40900
163.609375	0.0	behav,2,-1,906	34	41884
169.0546875	0.0	behav,3,-1,927	35	43278
174.453125	0.0	behav,3,-1,948	36	44660
179.98828125	0.0	behav,3,-1,969	37	46077
180.75390625	0.0	oddball,16740,-1,972	38	46273
185.48046875	0.0	behav,2,-1,990	39	47483
190.92578125	0.0	behav,3,-1,1011	40	48877
197.109375	0.0	behav,3,-1,1032	41	50460
202.48828125	0.0	behav,3,-1,1053	42	51837
208.0703125	0.0	behav,3,-1,1074	43	53266
213.42578125	0.0	behav,3,-1,1095	44	54637
218.78125	0.0	behav,3,-1,1116	45	56008
224.1796875	0.0	behav,3,-1,1137	46	57390
229.59765625	0.0	behav,3,-1,1158	47	58777
235.2265625	0.0	behav,3,-1,103	48	60218
240.671875	0.0	behav,3,-1,124	49	61612
246.02734375	0.0	behav,3,-1,145	50	62983
251.65234375	0.0	behav,3,-1,166	51	64423
257.0078125	0.0	behav,3,-1,187	52	65794
262.38671875	0.0	behav,3,-1,208	53	67171
267.7578125	0.0	behav,3,-1,229	54	68546
273.203125	0.0	behav,3,-1,250	55	69940
278.60546875	0.0	behav,3,-1,271	56	71323
281.95703125	0.0	oddball,16747,-1,287	57	72181
284.27734375	0.0	behav,2,-1,292	58	72775
289.7421875	0.0	behav,3,-1,313	59	74174
295.1875	0.0	behav,3,-1,334	60	75568
