onset	duration	trial_type	value	sample
5.67578125	0.0	behav,3,-1,21	1	1453
11.09765625	0.0	behav,3,-1,42	2	2841
16.51953125	0.0	behav,3,-1,63	3	4229
21.91796875	0.0	behav,3,-1,84	4	5611
27.7890625	0.0	behav,3,-1,381	5	7114
31.546875	0.0	oddball,16740,-1,399	6	8076
33.21484375	0.0	behav,2,-1,402	7	8503
38.58984375	0.0	behav,3,-1,423	8	9879
44.05859375	0.0	behav,3,-1,444	9	11279
49.70703125	0.0	behav,3,-1,465	10	12725
55.10546875	0.0	behav,3,-1,486	11	14107
60.59375	0.0	behav,3,-1,507	12	15512
65.97265625	0.0	behav,3,-1,528	13	16889
71.37109375	0.0	behav,3,-1,549	14	18271
76.796875	0.0	behav,3,-1,570	15	19660
82.0625	0.0	behav,3,-1,591	16	21008
83.3984375	0.0	oddball,16747,-1,597	17	21350
87.41796875	0.0	behav,2,-1,612	18	22379
89.16796875	0.0	oddball,16747,-1,620	19	22827
92.8828125	0.0	behav,2,-1,633	20	23778
98.34765625	0.0	behav,3,-1,654	21	25177
103.86328125	0.0	behav,3,-1,675	22	26589
109.26171875	0.0	behav,3,-1,696	23	27971
112.62890625	0.0	oddball,16742,-1,712	24	28833
114.68359375	0.0	behav,2,-1,717	25	29359
120.15234375	0.0	behav,3,-1,738	26	30759
125.91015625	0.0	behav,3,-1,759	27	32233
131.51171875	0.0	behav,3,-1,780	28	33667
136.82421875	0.0	behav,3,-1,801	29	35027
142.29296875	0.0	behav,3,-1,822	30	36427
147.91796875	0.0	behav,3,-1,843	31	37867
153.36328125	0.0	behav,3,-1,864	32	39261
158.89453125	0.0	behav,3,-1,885	33	40677
164.296875	0.0	behav,3,-1,906	34	42060
169.71875	0.0	behav,3,-1,927	35	43448
172.0859375	0.0	oddball,16744,-1,938	36	44054
175.1875	0.0	behav,2,-1,948	37	44848
180.51953125	0.0	behav,3,-1,969	38	46213
185.8984375	0.0	behav,3,-1,990	39	47590
191.61328125	0.0	behav,3,-1,1011	40	49053
197.09765625	0.0	behav,3,-1,1032	41	50457
199.64453125	0.0	oddball,16741,-1,1044	42	51109
202.5234375	0.0	behav,2,-1,1053	43	51846
207.9453125	0.0	behav,3,-1,1074	44	53234
213.48046875	0.0	behav,3,-1,1095	45	54651
219.12890625	0.0	behav,3,-1,1116	46	56097
224.5078125	0.0	behav,3,-1,1137	47	57474
229.9921875	0.0	behav,3,-1,1158	48	58878
235.57421875	0.0	behav,3,-1,103	49	60307
241.0859375	0.0	behav,3,-1,124	50	61718
246.375	0.0	behav,3,-1,145	51	63072
251.84375	0.0	behav,3,-1,166	52	64472
257.2421875	0.0	behav,3,-1,187	53	65854
262.66796875	0.0	behav,3,-1,208	54	67243
267.99609375	0.0	behav,3,-1,229	55	68607
273.4609375	0.0	behav,3,-1,250	56	70006
278.953125	0.0	behav,3,-1,271	57	71412
284.1953125	0.0	behav,3,-1,292	58	72754
289.57421875	0.0	behav,3,-1,313	59	74131
294.99609375	0.0	behav,3,-1,334	60	75519
300.328125	0.0	behav,3,-1,355	61	76884
