onset	duration	trial_type	value	sample
5.91015625	0.0	behav,3,-1,21	1	1513
11.3984375	0.0	behav,3,-1,42	2	2918
17.00390625	0.0	behav,3,-1,63	3	4353
22.6953125	0.0	behav,3,-1,84	4	5810
28.21875	0.0	behav,3,-1,381	5	7224
33.91796875	0.0	behav,3,-1,402	6	8683
39.63671875	0.0	behav,3,-1,423	7	10147
45.28515625	0.0	behav,3,-1,444	8	11593
50.7265625	0.0	behav,3,-1,465	9	12986
56.578125	0.0	behav,3,-1,486	10	14484
58.140625	0.0	oddball,16745,-1,493	11	14884
62.1328125	0.0	behav,2,-1,507	12	15906
67.76171875	0.0	behav,3,-1,528	13	17347
73.296875	0.0	behav,3,-1,549	14	18764
78.765625	0.0	behav,3,-1,570	15	20164
84.1171875	0.0	behav,3,-1,591	16	21534
89.69921875	0.0	behav,3,-1,612	17	22963
95.34765625	0.0	behav,3,-1,633	18	24409
100.8125	0.0	behav,3,-1,654	19	25808
106.484375	0.0	behav,3,-1,675	20	27260
111.953125	0.0	behav,3,-1,696	21	28660
117.69140625	0.0	behav,3,-1,717	22	30129
123.19921875	0.0	behav,3,-1,738	23	31539
127.171875	0.0	oddball,16740,-1,757	24	32556
128.71484375	0.0	behav,2,-1,759	25	32951
134.203125	0.0	behav,3,-1,780	26	34356
139.8984375	0.0	behav,3,-1,801	27	35814
145.5234375	0.0	behav,3,-1,822	28	37254
151.28125	0.0	behav,3,-1,843	29	38728
156.7734375	0.0	behav,3,-1,864	30	40134
162.375	0.0	behav,3,-1,885	31	41568
167.7734375	0.0	behav,3,-1,906	32	42950
173.1953125	0.0	behav,3,-1,927	33	44338
178.80078125	0.0	behav,3,-1,948	34	45773
184.2890625	0.0	behav,3,-1,969	35	47178
189.73828125	0.0	behav,3,-1,990	36	48573
195.2265625	0.0	behav,3,-1,1011	37	49978
197.3984375	0.0	oddball,16748,-1,1021	38	50534
200.53515625	0.0	behav,2,-1,1032	39	51337
205.9765625	0.0	behav,3,-1,1053	40	52730
211.60546875	0.0	behav,3,-1,1074	41	54171
217.07421875	0.0	behav,3,-1,1095	42	55571
222.5625	0.0	behav,3,-1,1116	43	56976
227.94140625	0.0	behav,3,-1,1137	44	58353
233.43359375	0.0	behav,3,-1,1158	45	59759
239.05078125	0.0	behav,3,-1,103	46	61197
244.5	0.0	behav,3,-1,124	47	62592
250.03515625	0.0	behav,3,-1,145	48	64009
252.58203125	0.0	oddball,16740,-1,157	49	64661
255.4140625	0.0	behav,2,-1,166	50	65386
258.7734375	0.0	oddball,16747,-1,182	51	66246
260.8359375	0.0	behav,2,-1,187	52	66774
266.70703125	0.0	behav,3,-1,208	53	68277
272.1953125	0.0	behav,3,-1,229	54	69682
277.6171875	0.0	behav,3,-1,250	55	71070
283.19921875	0.0	behav,3,-1,271	56	72499
288.69140625	0.0	behav,3,-1,292	57	73905
294.13671875	0.0	behav,3,-1,313	58	75299
296.87890625	0.0	oddball,16745,-1,326	59	76001
299.53515625	0.0	behav,2,-1,334	60	76681
305.25390625	0.0	behav,3,-1,355	61	78145
