onset	duration	trial_type	value	sample
5.41015625	0.0	behav,3,-1,21	1	1385
10.58984375	0.0	behav,3,-1,42	2	2711
15.765625	0.0	behav,3,-1,63	3	4036
21.109375	0.0	behav,3,-1,84	4	5404
22.46484375	0.0	oddball,16539,-1,90	5	5751
26.24609375	0.0	behav,0,-1,381	6	6719
31.6171875	0.0	behav,3,-1,402	7	8094
36.7734375	0.0	behav,3,-1,423	8	9414
41.91796875	0.0	behav,3,-1,444	9	10731
47.1015625	0.0	behav,3,-1,465	10	12058
49.44140625	0.0	oddball,16539,-1,476	11	12657
52.37890625	0.0	behav,0,-1,486	12	13409
57.70703125	0.0	behav,3,-1,507	13	14773
62.9140625	0.0	behav,3,-1,528	14	16106
68.109375	0.0	behav,3,-1,549	15	17436
73.2890625	0.0	behav,3,-1,570	16	18762
78.62109375	0.0	behav,3,-1,591	17	20127
83.9921875	0.0	behav,3,-1,612	18	21502
89.3203125	0.0	behav,3,-1,633	19	22866
94.80078125	0.0	behav,3,-1,654	20	24269
95.15234375	0.0	oddball,16539,-1,655	21	24359
100.1171875	0.0	behav,0,-1,675	22	25630
105.3984375	0.0	behav,3,-1,696	23	26982
110.65625	0.0	behav,3,-1,717	24	28328
115.859375	0.0	behav,3,-1,738	25	29660
121.16796875	0.0	behav,3,-1,759	26	31019
126.46875	0.0	behav,3,-1,780	27	32376
131.78125	0.0	behav,3,-1,801	28	33736
137.0078125	0.0	behav,3,-1,822	29	35074
142.328125	0.0	behav,3,-1,843	30	36436
147.6171875	0.0	behav,3,-1,864	31	37790
152.90625	0.0	behav,3,-1,885	32	39144
158.24609375	0.0	behav,3,-1,906	33	40511
163.47265625	0.0	behav,3,-1,927	34	41849
168.80859375	0.0	behav,3,-1,948	35	43215
173.9921875	0.0	behav,3,-1,969	36	44542
179.25	0.0	behav,3,-1,990	37	45888
184.6171875	0.0	behav,3,-1,1011	38	47262
190.19921875	0.0	behav,3,-1,1032	39	48691
195.703125	0.0	behav,3,-1,1053	40	50100
200.953125	0.0	behav,3,-1,1074	41	51444
206.1796875	0.0	behav,3,-1,1095	42	52782
211.375	0.0	behav,3,-1,1116	43	54112
216.5	0.0	behav,3,-1,1137	44	55424
219.4453125	0.0	oddball,16539,-1,1151	45	56178
221.85546875	0.0	behav,0,-1,1158	46	56795
227.125	0.0	behav,3,-1,103	47	58144
232.375	0.0	behav,3,-1,124	48	59488
237.70703125	0.0	behav,3,-1,145	49	60853
241.66796875	0.0	oddball,16539,-1,164	50	61867
243.0390625	0.0	behav,0,-1,166	51	62218
248.59375	0.0	behav,3,-1,187	52	63640
253.92578125	0.0	behav,3,-1,208	53	65005
259.2890625	0.0	behav,3,-1,229	54	66378
264.625	0.0	behav,3,-1,250	55	67744
269.9765625	0.0	behav,3,-1,271	56	69114
275.33203125	0.0	behav,3,-1,292	57	70485
280.703125	0.0	behav,3,-1,313	58	71860
285.984375	0.0	behav,3,-1,334	59	73212
291.26953125	0.0	behav,3,-1,355	60	74565
292.01953125	0.0	oddball,16539,-1,358	61	74757
296.421875	0.0	behav,0,-1,376	62	75884
