onset	duration	trial_type	value	sample
1.8125	0.0	oddball,16539,-1,8	1	464
5.3046875	0.0	behav,0,-1,21	2	1358
11.23828125	0.0	behav,3,-1,42	3	2877
16.67578125	0.0	behav,3,-1,63	4	4269
21.94921875	0.0	behav,3,-1,84	5	5619
27.1796875	0.0	behav,3,-1,381	6	6958
32.41796875	0.0	behav,3,-1,402	7	8299
37.66015625	0.0	behav,3,-1,423	8	9641
43.0703125	0.0	behav,3,-1,444	9	11026
48.21875	0.0	behav,3,-1,465	10	12344
53.38671875	0.0	behav,3,-1,486	11	13667
58.6953125	0.0	behav,3,-1,507	12	15026
63.81640625	0.0	behav,3,-1,528	13	16337
69.03125	0.0	behav,3,-1,549	14	17672
74.35546875	0.0	behav,3,-1,570	15	19035
79.7109375	0.0	behav,3,-1,591	16	20406
84.921875	0.0	behav,3,-1,612	17	21740
90.30078125	0.0	behav,3,-1,633	18	23117
95.62109375	0.0	behav,3,-1,654	19	24479
101.08984375	0.0	behav,3,-1,675	20	25879
106.4609375	0.0	behav,3,-1,696	21	27254
111.78515625	0.0	behav,3,-1,717	22	28617
117.078125	0.0	behav,3,-1,738	23	29972
122.23046875	0.0	behav,3,-1,759	24	31291
127.45703125	0.0	behav,3,-1,780	25	32629
132.84375	0.0	behav,3,-1,801	26	34008
138.109375	0.0	behav,3,-1,822	27	35356
143.265625	0.0	behav,3,-1,843	28	36676
148.578125	0.0	behav,3,-1,864	29	38036
153.75	0.0	behav,3,-1,885	30	39360
159.76171875	0.0	behav,3,-1,906	31	40899
164.9453125	0.0	behav,3,-1,927	32	42226
170.3125	0.0	behav,3,-1,948	33	43600
175.453125	0.0	behav,3,-1,969	34	44916
180.6796875	0.0	behav,3,-1,990	35	46254
182.84375	0.0	oddball,16539,-1,1000	36	46808
185.90625	0.0	behav,0,-1,1011	37	47592
191.171875	0.0	behav,3,-1,1032	38	48940
196.41015625	0.0	behav,3,-1,1053	39	50281
198.75390625	0.0	oddball,16539,-1,1064	40	50881
201.97265625	0.0	behav,0,-1,1074	41	51705
207.9296875	0.0	behav,3,-1,1095	42	53230
213.19140625	0.0	behav,3,-1,1116	43	54577
218.37890625	0.0	behav,3,-1,1137	44	55905
223.65234375	0.0	behav,3,-1,1158	45	57255
228.98828125	0.0	behav,3,-1,103	46	58621
234.26171875	0.0	behav,3,-1,124	47	59971
238.2109375	0.0	oddball,16539,-1,143	48	60982
239.44921875	0.0	behav,0,-1,145	49	61299
244.57421875	0.0	behav,3,-1,166	50	62611
246.921875	0.0	oddball,16539,-1,177	51	63212
249.765625	0.0	behav,0,-1,187	52	63940
254.953125	0.0	behav,3,-1,208	53	65268
260.1796875	0.0	behav,3,-1,229	54	66606
260.51953125	0.0	oddball,16539,-1,230	55	66693
265.40234375	0.0	behav,0,-1,250	56	67943
270.62890625	0.0	behav,3,-1,271	57	69281
275.97265625	0.0	behav,3,-1,292	58	70649
281.15625	0.0	behav,3,-1,313	59	71976
286.35546875	0.0	behav,3,-1,334	60	73307
291.6484375	0.0	behav,3,-1,355	61	74662
