onset	duration	trial_type	value	sample
6.14453125	0.0	behav,3,-1,21	1	1573
12.796875	0.0	behav,3,-1,42	2	3276
13.35546875	0.0	oddball,16744,-1,44	3	3419
18.16015625	0.0	behav,0,-1,63	4	4649
23.7265625	0.0	behav,3,-1,84	5	6074
28.95703125	0.0	behav,3,-1,381	6	7413
35.03125	0.0	behav,3,-1,402	7	8968
40.5234375	0.0	behav,3,-1,423	8	10374
45.92578125	0.0	behav,3,-1,444	9	11757
51.109375	0.0	behav,3,-1,465	10	13084
56.75	0.0	behav,3,-1,486	11	14528
61.91015625	0.0	behav,3,-1,507	12	15849
67.06640625	0.0	behav,3,-1,528	13	17169
72.67578125	0.0	behav,3,-1,549	14	18605
78.2734375	0.0	behav,3,-1,570	15	20038
83.81640625	0.0	behav,3,-1,591	16	21457
89.5078125	0.0	behav,3,-1,612	17	22914
94.71875	0.0	behav,3,-1,633	18	24248
100.25	0.0	behav,3,-1,654	19	25664
105.6875	0.0	behav,3,-1,675	20	27056
111.17578125	0.0	behav,3,-1,696	21	28461
116.609375	0.0	behav,3,-1,717	22	29852
122.171875	0.0	behav,3,-1,738	23	31276
126.5078125	0.0	behav,5,-1,759	24	32386
134.7734375	0.0	behav,3,-1,780	25	34502
140.296875	0.0	behav,3,-1,801	26	35916
146.296875	0.0	behav,3,-1,822	27	37452
151.921875	0.0	behav,3,-1,843	28	38892
157.421875	0.0	behav,3,-1,864	29	40300
162.7109375	0.0	behav,3,-1,885	30	41654
168.25	0.0	behav,3,-1,906	31	43072
173.45703125	0.0	behav,3,-1,927	32	44405
179.890625	0.0	behav,3,-1,948	33	46052
185.296875	0.0	behav,3,-1,969	34	47436
190.75	0.0	behav,3,-1,990	35	48832
196.03125	0.0	behav,3,-1,1011	36	50184
201.45703125	0.0	behav,3,-1,1032	37	51573
204.21484375	0.0	oddball,16743,-1,1045	38	52279
206.90625	0.0	behav,0,-1,1053	39	52968
212.515625	0.0	behav,3,-1,1074	40	54404
217.921875	0.0	behav,2,-1,1095	41	55788
223.59765625	0.0	behav,3,-1,1116	42	57241
226.3671875	0.0	oddball,16745,-1,1129	43	57950
229.77734375	0.0	behav,0,-1,1137	44	58823
235.421875	0.0	behav,3,-1,1158	45	60268
237.37109375	0.0	oddball,16743,-1,1167	46	60767
240.82421875	0.0	behav,0,-1,103	47	61651
246.2890625	0.0	behav,3,-1,124	48	63050
251.8828125	0.0	behav,3,-1,145	49	64482
257.6328125	0.0	behav,3,-1,166	50	65954
263.0078125	0.0	behav,3,-1,187	51	67330
264.98046875	0.0	oddball,16743,-1,196	52	67835
268.46875	0.0	behav,0,-1,208	53	68728
273.9921875	0.0	behav,3,-1,229	54	70142
279.2265625	0.0	behav,3,-1,250	55	71482
284.8125	0.0	behav,3,-1,271	56	72912
290.2890625	0.0	behav,3,-1,292	57	74314
295.73046875	0.0	behav,3,-1,313	58	75707
296.27734375	0.0	oddball,16744,-1,315	59	75847
301.10546875	0.0	behav,0,-1,334	60	77083
306.6953125	0.0	behav,3,-1,355	61	78514
312.18359375	0.0	behav,3,-1,376	62	79919
