onset	duration	trial_type	value	sample
6.15625	0.0	behav,3,-1,21	1	1576
8.70703125	0.0	oddball,16744,-1,33	2	2229
11.3671875	0.0	behav,0,-1,42	3	2910
16.8671875	0.0	behav,3,-1,63	4	4318
20.03515625	0.0	oddball,16744,-1,78	5	5129
22.109375	0.0	behav,0,-1,84	6	5660
27.3671875	0.0	behav,3,-1,381	7	7006
32.7109375	0.0	behav,3,-1,402	8	8374
38.0	0.0	behav,3,-1,423	9	9728
43.29296875	0.0	behav,3,-1,444	10	11083
48.59375	0.0	behav,3,-1,465	11	12440
53.875	0.0	behav,3,-1,486	12	13792
59.1953125	0.0	behav,3,-1,507	13	15154
64.453125	0.0	behav,3,-1,528	14	16500
65.81640625	0.0	oddball,16742,-1,534	15	16849
69.6875	0.0	behav,0,-1,549	16	17840
75.10546875	0.0	behav,3,-1,570	17	19227
80.57421875	0.0	behav,3,-1,591	18	20627
85.82421875	0.0	behav,3,-1,612	19	21971
91.0859375	0.0	behav,3,-1,633	20	23318
96.28125	0.0	behav,3,-1,654	21	24648
101.47265625	0.0	behav,3,-1,675	22	25977
106.70703125	0.0	behav,3,-1,696	23	27317
112.046875	0.0	behav,3,-1,717	24	28684
117.375	0.0	behav,3,-1,738	25	30048
122.6796875	0.0	behav,3,-1,759	26	31406
127.875	0.0	behav,3,-1,780	27	32736
133.15625	0.0	behav,3,-1,801	28	34088
138.5390625	0.0	behav,3,-1,822	29	35466
144.1015625	0.0	behav,3,-1,843	30	36890
149.3671875	0.0	behav,3,-1,864	31	38238
155.10546875	0.0	behav,3,-1,885	32	39707
160.53125	0.0	behav,3,-1,906	33	41096
165.93359375	0.0	behav,3,-1,927	34	42479
171.2734375	0.0	behav,3,-1,948	35	43846
176.55859375	0.0	behav,3,-1,969	36	45199
181.75	0.0	behav,3,-1,990	37	46528
187.03515625	0.0	behav,3,-1,1011	38	47881
192.375	0.0	behav,3,-1,1032	39	49248
197.6953125	0.0	behav,3,-1,1053	40	50610
203.05078125	0.0	behav,3,-1,1074	41	51981
208.3828125	0.0	behav,3,-1,1095	42	53346
208.73828125	0.0	oddball,16747,-1,1096	43	53437
213.7109375	0.0	behav,0,-1,1116	44	54710
215.26953125	0.0	oddball,16746,-1,1123	45	55109
218.875	0.0	behav,0,-1,1137	46	56032
224.1875	0.0	behav,3,-1,1158	47	57392
229.34765625	0.0	behav,3,-1,103	48	58713
234.5703125	0.0	behav,3,-1,124	49	60050
239.80078125	0.0	behav,3,-1,145	50	61389
245.2109375	0.0	behav,3,-1,166	51	62774
250.46875	0.0	behav,3,-1,187	52	64120
255.75	0.0	behav,3,-1,208	53	65472
261.26171875	0.0	behav,3,-1,229	54	66883
266.51953125	0.0	behav,3,-1,250	55	68229
271.7421875	0.0	behav,3,-1,271	56	69566
274.11328125	0.0	oddball,16740,-1,282	57	70173
277.12109375	0.0	behav,0,-1,292	58	70943
282.78125	0.0	behav,3,-1,313	59	72392
288.140625	0.0	behav,3,-1,334	60	73764
293.3984375	0.0	behav,3,-1,355	61	75110
298.71875	0.0	behav,3,-1,376	62	76472
