onset	duration	trial_type	value	sample
5.37109375	0.0	behav,3,-1,21	1	1375
10.70703125	0.0	behav,3,-1,42	2	2741
15.8359375	0.0	behav,3,-1,63	3	4054
21.2109375	0.0	behav,3,-1,84	4	5430
26.38671875	0.0	behav,3,-1,381	5	6755
27.125	0.0	oddball,16741,-1,384	6	6944
31.58203125	0.0	behav,0,-1,402	7	8085
37.07421875	0.0	behav,3,-1,423	8	9491
42.3828125	0.0	behav,3,-1,444	9	10850
47.6953125	0.0	behav,3,-1,465	10	12210
52.98046875	0.0	behav,3,-1,486	11	13563
58.3359375	0.0	behav,3,-1,507	12	14934
63.53125	0.0	behav,3,-1,528	13	16264
68.6640625	0.0	behav,3,-1,549	14	17578
73.97265625	0.0	behav,3,-1,570	15	18937
79.734375	0.0	behav,3,-1,591	16	20412
85.08984375	0.0	behav,3,-1,612	17	21783
90.41796875	0.0	behav,3,-1,633	18	23147
96.6953125	0.0	behav,3,-1,654	19	24754
101.89453125	0.0	behav,3,-1,675	20	26085
107.25	0.0	behav,3,-1,696	21	27456
112.4921875	0.0	behav,3,-1,717	22	28798
117.828125	0.0	behav,3,-1,738	23	30164
123.8984375	0.0	behav,3,-1,759	24	31718
124.453125	0.0	oddball,16742,-1,761	25	31860
129.25390625	0.0	behav,0,-1,780	26	33089
134.67578125	0.0	behav,3,-1,801	27	34477
140.4375	0.0	behav,3,-1,822	28	35952
146.48828125	0.0	behav,3,-1,843	29	37501
147.84375	0.0	oddball,16748,-1,849	30	37848
152.31640625	0.0	behav,0,-1,864	31	38993
156.66796875	0.0	behav,5,-1,885	32	40107
164.66796875	0.0	behav,3,-1,906	33	42155
169.04296875	0.0	behav,5,-1,927	34	43275
177.109375	0.0	behav,3,-1,948	35	45340
182.421875	0.0	behav,3,-1,969	36	46700
186.796875	0.0	behav,5,-1,990	37	47820
194.6796875	0.0	behav,3,-1,1011	38	49838
201.56640625	0.0	behav,3,-1,1032	39	51601
204.546875	0.0	oddball,16746,-1,1046	40	52364
206.9453125	0.0	behav,0,-1,1053	41	52978
213.109375	0.0	behav,3,-1,1074	42	54556
217.453125	0.0	behav,5,-1,1095	43	55668
223.58203125	0.0	oddball,16744,-1,1111	44	57237
225.6875	0.0	behav,1,-1,1116	45	57776
231.04296875	0.0	behav,3,-1,1137	46	59147
236.578125	0.0	behav,3,-1,1158	47	60564
241.93359375	0.0	behav,3,-1,103	48	61935
247.10546875	0.0	behav,3,-1,124	49	63259
252.28125	0.0	behav,3,-1,145	50	64584
257.83984375	0.0	behav,3,-1,166	51	66007
263.80078125	0.0	behav,3,-1,187	52	67533
269.109375	0.0	behav,3,-1,208	53	68892
274.46484375	0.0	behav,3,-1,229	54	70263
278.80859375	0.0	behav,5,-1,250	55	71375
286.8203125	0.0	behav,3,-1,271	56	73426
293.27734375	0.0	behav,3,-1,292	57	75079
298.87890625	0.0	behav,3,-1,313	58	76513
303.23046875	0.0	behav,5,-1,334	59	77627
311.20703125	0.0	behav,3,-1,355	60	79669
314.765625	0.0	oddball,16740,-1,372	61	80580
