onset	duration	trial_type	value	sample
5.51953125	0.0	behav,3,-1,21	1	1413
10.671875	0.0	behav,3,-1,42	2	2732
15.8046875	0.0	behav,3,-1,63	3	4046
18.953125	0.0	oddball,16746,-1,78	4	4852
21.24609375	0.0	behav,0,-1,84	5	5439
26.48828125	0.0	behav,3,-1,381	6	6781
28.45703125	0.0	oddball,16743,-1,390	7	7285
31.86328125	0.0	behav,0,-1,402	8	8157
37.19921875	0.0	behav,3,-1,423	9	9523
42.578125	0.0	behav,3,-1,444	10	10900
47.73046875	0.0	behav,3,-1,465	11	12219
52.9453125	0.0	behav,3,-1,486	12	13554
58.234375	0.0	behav,3,-1,507	13	14908
63.56640625	0.0	behav,3,-1,528	14	16273
69.19140625	0.0	behav,3,-1,549	15	17713
74.7734375	0.0	behav,3,-1,570	16	19142
80.8046875	0.0	behav,3,-1,591	17	20686
86.60546875	0.0	behav,3,-1,612	18	22171
90.56640625	0.0	oddball,16742,-1,631	19	23185
92.75	0.0	behav,1,-1,633	20	23744
97.125	0.0	behav,5,-1,654	21	24864
104.265625	0.0	behav,5,-1,675	22	26692
111.40625	0.0	behav,5,-1,696	23	28520
119.70703125	0.0	behav,3,-1,717	24	30645
120.66015625	0.0	oddball,16741,-1,721	25	30889
124.0625	0.0	behav,4,-1,738	26	31760
132.2109375	0.0	behav,3,-1,759	27	33846
137.58984375	0.0	behav,3,-1,780	28	35223
142.7421875	0.0	behav,3,-1,801	29	36542
148.078125	0.0	behav,3,-1,822	30	37908
153.3203125	0.0	behav,3,-1,843	31	39250
158.625	0.0	behav,3,-1,864	32	40608
163.9140625	0.0	behav,3,-1,885	33	41962
169.26953125	0.0	behav,3,-1,906	34	43333
176.26953125	0.0	behav,3,-1,927	35	45125
181.66796875	0.0	behav,3,-1,948	36	46507
187.0	0.0	behav,3,-1,969	37	47872
192.89453125	0.0	behav,3,-1,990	38	49381
198.2265625	0.0	behav,3,-1,1011	39	50746
202.59375	0.0	behav,5,-1,1032	40	51864
210.8046875	0.0	behav,3,-1,1053	41	53966
216.02734375	0.0	behav,3,-1,1074	42	55303
220.39453125	0.0	behav,5,-1,1095	43	56421
227.53125	0.0	behav,5,-1,1116	44	58248
235.93359375	0.0	behav,3,-1,1137	45	60399
241.1328125	0.0	behav,3,-1,1158	46	61730
247.3671875	0.0	behav,3,-1,103	47	63326
252.51953125	0.0	behav,3,-1,124	48	64645
257.6484375	0.0	behav,3,-1,145	49	65958
262.95703125	0.0	behav,3,-1,166	50	67317
268.40234375	0.0	behav,3,-1,187	51	68711
273.734375	0.0	behav,3,-1,208	52	70076
279.33984375	0.0	behav,3,-1,229	53	71511
283.11328125	0.0	oddball,16742,-1,247	54	72477
283.703125	0.0	behav,4,-1,250	55	72628
290.25390625	0.0	oddball,16744,-1,268	56	74305
293.24609375	0.0	behav,1,-1,271	57	75071
298.70703125	0.0	behav,3,-1,292	58	76469
304.515625	0.0	behav,3,-1,313	59	77956
308.890625	0.0	behav,5,-1,334	60	79076
316.77734375	0.0	behav,3,-1,355	61	81095
