onset	duration	trial_type	value	sample
5.40234375	0.0	behav,3,-1,21	1	1383
10.59765625	0.0	behav,3,-1,42	2	2713
15.88671875	0.0	behav,3,-1,63	3	4067
18.43359375	0.0	oddball,16741,-1,75	4	4719
21.734375	0.0	behav,0,-1,84	5	5564
27.08984375	0.0	behav,3,-1,383	6	6935
32.265625	0.0	behav,3,-1,404	7	8260
37.39453125	0.0	behav,3,-1,425	8	9573
42.75	0.0	behav,3,-1,446	9	10944
48.0625	0.0	behav,3,-1,467	10	12304
53.4375	0.0	behav,3,-1,488	11	13680
58.72265625	0.0	behav,3,-1,509	12	15033
64.125	0.0	behav,3,-1,530	13	16416
69.3671875	0.0	behav,3,-1,551	14	17758
74.51953125	0.0	behav,3,-1,572	15	19077
79.94140625	0.0	behav,3,-1,593	16	20465
81.109375	0.0	oddball,16748,-1,598	17	20764
85.1875	0.0	behav,0,-1,614	18	21808
90.515625	0.0	behav,3,-1,635	19	23172
95.69140625	0.0	behav,3,-1,656	20	24497
100.95703125	0.0	behav,3,-1,677	21	25845
106.3359375	0.0	behav,3,-1,698	22	27222
111.9375	0.0	behav,3,-1,719	23	28656
117.26953125	0.0	behav,3,-1,740	24	30021
122.41796875	0.0	behav,3,-1,763	25	31339
127.70703125	0.0	behav,3,-1,784	26	32693
133.2421875	0.0	behav,3,-1,805	27	34110
138.64453125	0.0	behav,3,-1,826	28	35493
143.953125	0.0	behav,3,-1,847	29	36852
147.109375	0.0	oddball,16747,-1,862	30	37660
149.1953125	0.0	behav,0,-1,868	31	38194
154.890625	0.0	behav,3,-1,889	32	39652
160.171875	0.0	behav,3,-1,910	33	41004
165.41796875	0.0	behav,3,-1,931	34	42347
170.66015625	0.0	behav,3,-1,952	35	43689
175.87890625	0.0	behav,3,-1,973	36	45025
181.0546875	0.0	behav,3,-1,994	37	46350
181.609375	0.0	oddball,16747,-1,996	38	46492
186.27734375	0.0	behav,0,-1,1015	39	47687
191.515625	0.0	behav,3,-1,1036	40	49028
196.9375	0.0	behav,3,-1,1057	41	50416
202.31640625	0.0	behav,3,-1,1078	42	51793
204.484375	0.0	oddball,16742,-1,1088	43	52348
207.55859375	0.0	behav,0,-1,1099	44	53135
212.890625	0.0	behav,3,-1,1120	45	54500
218.15625	0.0	behav,3,-1,1141	46	55848
223.3125	0.0	behav,3,-1,1162	47	57168
228.48046875	0.0	behav,3,-1,105	48	58491
233.703125	0.0	behav,3,-1,126	49	59828
239.125	0.0	behav,3,-1,147	50	61216
244.390625	0.0	behav,3,-1,168	51	62564
249.72265625	0.0	behav,3,-1,189	52	63929
251.890625	0.0	oddball,16747,-1,199	53	64484
255.03515625	0.0	behav,0,-1,210	54	65289
260.41015625	0.0	behav,3,-1,231	55	66665
265.6953125	0.0	behav,3,-1,252	56	68018
271.0078125	0.0	behav,3,-1,273	57	69378
276.31640625	0.0	behav,3,-1,294	58	70737
281.71875	0.0	behav,3,-1,315	59	72120
286.89453125	0.0	behav,3,-1,336	60	73445
292.3828125	0.0	behav,3,-1,357	61	74850
297.69140625	0.0	behav,3,-1,378	62	76209
