onset	duration	trial_type	value	sample
6.234375	0.0	behav,3,-1,21	1	1596
11.7265625	0.0	behav,3,-1,42	2	3002
15.66015625	0.0	oddball,16746,-1,61	3	4009
16.9921875	0.0	behav,2,-1,63	4	4350
22.140625	0.0	behav,3,-1,84	5	5668
27.453125	0.0	behav,3,-1,381	6	7028
32.6953125	0.0	behav,3,-1,402	7	8370
37.9375	0.0	behav,3,-1,423	8	9712
41.109375	0.0	oddball,16745,-1,438	9	10524
43.13671875	0.0	behav,2,-1,444	10	11043
45.30078125	0.0	oddball,16742,-1,454	11	11597
48.421875	0.0	behav,2,-1,465	12	12396
53.640625	0.0	behav,3,-1,486	13	13732
59.0390625	0.0	behav,3,-1,507	14	15114
64.3515625	0.0	behav,3,-1,528	15	16474
69.546875	0.0	behav,3,-1,549	16	17804
74.72265625	0.0	behav,3,-1,570	17	19129
79.96875	0.0	behav,3,-1,591	18	20472
85.25390625	0.0	behav,3,-1,612	19	21825
90.5625	0.0	behav,3,-1,633	20	23184
95.71484375	0.0	behav,3,-1,654	21	24503
100.84375	0.0	behav,3,-1,675	22	25816
106.01953125	0.0	behav,3,-1,696	23	27141
111.1953125	0.0	behav,3,-1,717	24	28466
116.484375	0.0	behav,3,-1,738	25	29820
121.7265625	0.0	behav,3,-1,759	26	31162
126.96484375	0.0	behav,3,-1,780	27	32503
132.5	0.0	behav,3,-1,801	28	33920
137.7890625	0.0	behav,3,-1,822	29	35274
143.0546875	0.0	behav,3,-1,843	30	36622
148.34375	0.0	behav,3,-1,864	31	37976
153.67578125	0.0	behav,3,-1,885	32	39341
158.89453125	0.0	behav,3,-1,906	33	40677
164.25	0.0	behav,3,-1,927	34	42048
169.53515625	0.0	behav,3,-1,948	35	43401
174.734375	0.0	behav,3,-1,969	36	44732
177.28125	0.0	oddball,16744,-1,981	37	45384
179.91015625	0.0	behav,2,-1,990	38	46057
185.15234375	0.0	behav,3,-1,1011	39	47399
190.41796875	0.0	behav,3,-1,1032	40	48747
195.61328125	0.0	behav,3,-1,1053	41	50077
200.80859375	0.0	behav,3,-1,1074	42	51407
205.984375	0.0	behav,3,-1,1095	43	52732
211.3203125	0.0	behav,3,-1,1116	44	54098
216.5859375	0.0	behav,3,-1,1137	45	55446
218.73828125	0.0	oddball,16743,-1,1147	46	55997
221.91796875	0.0	behav,2,-1,1158	47	56811
227.13671875	0.0	behav,3,-1,103	48	58147
232.4453125	0.0	behav,3,-1,124	49	59506
237.84375	0.0	behav,3,-1,145	50	60888
243.15625	0.0	behav,3,-1,166	51	62248
248.44140625	0.0	behav,3,-1,187	52	63601
253.75390625	0.0	behav,3,-1,208	53	64961
259.0625	0.0	behav,3,-1,229	54	66320
264.34765625	0.0	behav,3,-1,250	55	67673
269.58984375	0.0	behav,3,-1,271	56	69015
274.8125	0.0	behav,3,-1,292	57	70352
276.765625	0.0	oddball,16748,-1,301	58	70852
280.1015625	0.0	behav,2,-1,313	59	71706
285.43359375	0.0	behav,3,-1,334	60	73071
290.67578125	0.0	behav,3,-1,355	61	74413
295.94140625	0.0	behav,3,-1,376	62	75761
