onset	duration	trial_type	value	sample
5.6640625	0.0	behav,3,-1,21	1	1450
10.81640625	0.0	behav,3,-1,42	2	2769
16.015625	0.0	behav,3,-1,63	3	4100
21.234375	0.0	behav,3,-1,84	4	5436
26.4765625	0.0	behav,3,-1,381	5	6778
31.765625	0.0	behav,3,-1,402	6	8132
36.91796875	0.0	behav,3,-1,423	7	9451
42.16015625	0.0	behav,3,-1,444	8	10793
47.3359375	0.0	behav,3,-1,465	9	12118
52.48828125	0.0	behav,3,-1,486	10	13437
57.68359375	0.0	behav,3,-1,507	11	14767
62.92578125	0.0	behav,3,-1,528	12	16109
68.14453125	0.0	behav,3,-1,549	13	17445
73.43359375	0.0	behav,3,-1,570	14	18799
78.72265625	0.0	behav,3,-1,591	15	20153
79.25	0.0	oddball,16748,-1,593	16	20288
83.96484375	0.0	behav,2,-1,612	17	21495
89.25	0.0	behav,3,-1,633	18	22848
93.21875	0.0	oddball,16746,-1,652	19	23864
94.46875	0.0	behav,2,-1,654	20	24184
99.64453125	0.0	behav,3,-1,675	21	25509
104.8671875	0.0	behav,3,-1,696	22	26846
110.2421875	0.0	behav,3,-1,717	23	28222
115.59765625	0.0	behav,3,-1,738	24	29593
120.88671875	0.0	behav,3,-1,759	25	30947
126.19140625	0.0	behav,3,-1,780	26	32305
129.9375	0.0	oddball,16742,-1,798	27	33264
131.390625	0.0	behav,2,-1,801	28	33636
136.72265625	0.0	behav,3,-1,822	29	35001
141.9453125	0.0	behav,3,-1,843	30	36338
144.484375	0.0	oddball,16744,-1,855	31	36988
147.234375	0.0	behav,2,-1,864	32	37692
152.5	0.0	behav,3,-1,885	33	39040
157.83203125	0.0	behav,3,-1,906	34	40405
163.0703125	0.0	behav,3,-1,927	35	41746
168.3125	0.0	behav,3,-1,948	36	43088
173.48828125	0.0	behav,3,-1,969	37	44413
178.6875	0.0	behav,3,-1,990	38	45744
183.953125	0.0	behav,3,-1,1011	39	47092
189.21875	0.0	behav,3,-1,1032	40	48440
194.48046875	0.0	behav,3,-1,1053	41	49787
199.74609375	0.0	behav,3,-1,1074	42	51135
205.03125	0.0	behav,3,-1,1095	43	52488
210.97265625	0.0	behav,3,-1,1116	44	54009
216.125	0.0	behav,3,-1,1137	45	55328
221.30078125	0.0	behav,3,-1,1158	46	56653
226.5	0.0	behav,3,-1,103	47	57984
231.78515625	0.0	behav,3,-1,124	48	59337
232.75	0.0	oddball,16743,-1,128	49	59584
237.05078125	0.0	behav,2,-1,145	50	60685
242.203125	0.0	behav,3,-1,166	51	62004
247.421875	0.0	behav,3,-1,187	52	63340
252.7109375	0.0	behav,3,-1,208	53	64694
257.9296875	0.0	behav,3,-1,229	54	66030
263.0859375	0.0	behav,3,-1,250	55	67350
268.52734375	0.0	behav,3,-1,271	56	68743
273.74609375	0.0	behav,3,-1,292	57	70079
279.28125	0.0	behav,3,-1,313	58	71496
284.45703125	0.0	behav,3,-1,334	59	72821
289.7890625	0.0	behav,3,-1,355	60	74186
293.359375	0.0	oddball,16746,-1,372	61	75100
295.125	0.0	behav,2,-1,376	62	75552
