onset	duration	trial_type	value	sample
5.9296875	0.0	behav,3,-1,21	1	1518
11.05859375	0.0	behav,3,-1,42	2	2831
16.30078125	0.0	behav,3,-1,63	3	4173
21.515625	0.0	behav,3,-1,84	4	5508
26.6484375	0.0	behav,3,-1,381	5	6822
31.95703125	0.0	behav,3,-1,402	6	8181
37.11328125	0.0	behav,3,-1,423	7	9501
42.21875	0.0	behav,3,-1,444	8	10808
47.44140625	0.0	behav,3,-1,465	9	12145
52.7265625	0.0	behav,3,-1,486	10	13498
58.2578125	0.0	behav,3,-1,507	11	14914
63.7265625	0.0	behav,3,-1,528	12	16314
68.9921875	0.0	behav,3,-1,549	13	17662
74.234375	0.0	behav,3,-1,570	14	19004
79.5	0.0	behav,3,-1,591	15	20352
84.92578125	0.0	behav,3,-1,612	16	21741
90.09765625	0.0	behav,3,-1,633	17	23065
95.29296875	0.0	behav,3,-1,654	18	24395
100.42578125	0.0	behav,3,-1,675	19	25709
105.62109375	0.0	behav,3,-1,696	20	27039
110.77734375	0.0	behav,3,-1,717	21	28359
116.109375	0.0	behav,3,-1,738	22	29724
121.375	0.0	behav,3,-1,759	23	31072
126.6796875	0.0	behav,3,-1,780	24	32430
132.01171875	0.0	behav,3,-1,801	25	33795
136.16015625	0.0	oddball,16743,-1,821	26	34857
137.1875	0.0	behav,0,-1,822	27	35120
139.33203125	0.0	oddball,16745,-1,832	28	35669
142.36328125	0.0	behav,2,-1,843	29	36445
147.609375	0.0	behav,3,-1,864	30	37788
152.89453125	0.0	behav,3,-1,885	31	39141
158.20703125	0.0	behav,3,-1,906	32	40501
163.33203125	0.0	behav,3,-1,927	33	41813
168.57421875	0.0	behav,3,-1,948	34	43155
172.33203125	0.0	oddball,16745,-1,966	35	44117
173.70703125	0.0	behav,2,-1,969	36	44469
179.15234375	0.0	behav,3,-1,990	37	45863
184.4609375	0.0	behav,3,-1,1011	38	47222
189.66015625	0.0	behav,3,-1,1032	39	48553
192.3984375	0.0	oddball,16748,-1,1045	40	49254
194.80859375	0.0	behav,2,-1,1053	41	49871
200.0078125	0.0	behav,3,-1,1074	42	51202
205.18359375	0.0	behav,3,-1,1095	43	52527
210.3125	0.0	behav,3,-1,1116	44	53840
215.734375	0.0	behav,3,-1,1137	45	55228
220.95703125	0.0	behav,3,-1,1158	46	56565
224.8984375	0.0	oddball,16746,-1,101	47	57574
226.40234375	0.0	behav,2,-1,103	48	57959
226.7578125	0.0	oddball,16741,-1,104	49	58050
231.8671875	0.0	behav,2,-1,124	50	59358
237.1328125	0.0	behav,3,-1,145	51	60706
242.3984375	0.0	behav,3,-1,166	52	62054
247.86328125	0.0	behav,3,-1,187	53	63453
253.19921875	0.0	behav,3,-1,208	54	64819
258.62109375	0.0	behav,3,-1,229	55	66207
263.93359375	0.0	behav,3,-1,250	56	67567
269.125	0.0	behav,3,-1,271	57	68896
274.3671875	0.0	behav,3,-1,292	58	70238
279.58984375	0.0	behav,3,-1,313	59	71575
284.765625	0.0	behav,3,-1,334	60	72900
289.91796875	0.0	behav,3,-1,355	61	74219
