onset	duration	trial_type	value	sample
6.0625	0.0	behav,3,-1,21	1	1552
11.26171875	0.0	behav,3,-1,42	2	2883
11.62109375	0.0	oddball,16740,-1,43	3	2975
16.61328125	0.0	behav,2,-1,63	4	4253
21.875	0.0	behav,3,-1,84	5	5600
28.01953125	0.0	behav,3,-1,381	6	7173
33.51171875	0.0	behav,3,-1,402	7	8579
38.98046875	0.0	behav,3,-1,423	8	9979
40.12109375	0.0	oddball,16742,-1,428	9	10271
44.3125	0.0	behav,2,-1,444	10	11344
49.9140625	0.0	behav,3,-1,465	11	12778
55.0859375	0.0	behav,3,-1,486	12	14102
61.74609375	0.0	behav,3,-1,507	13	15807
67.21484375	0.0	behav,3,-1,528	14	17207
72.68359375	0.0	behav,3,-1,549	15	18607
73.04296875	0.0	oddball,16747,-1,550	16	18699
78.05859375	0.0	behav,3,-1,570	17	19983
83.59375	0.0	behav,3,-1,591	18	21400
86.94921875	0.0	oddball,16745,-1,607	19	22259
88.9921875	0.0	behav,3,-1,612	20	22782
94.14453125	0.0	behav,3,-1,633	21	24101
99.61328125	0.0	behav,3,-1,654	22	25501
105.05859375	0.0	behav,3,-1,675	23	26895
110.32421875	0.0	behav,3,-1,696	24	28243
115.99609375	0.0	behav,3,-1,717	25	29695
121.44140625	0.0	behav,3,-1,738	26	31089
126.79296875	0.0	behav,3,-1,759	27	32459
132.2578125	0.0	behav,3,-1,780	28	33858
137.546875	0.0	behav,3,-1,801	29	35212
142.7890625	0.0	behav,3,-1,822	30	36554
148.1015625	0.0	behav,3,-1,843	31	37914
153.23046875	0.0	behav,3,-1,864	32	39227
158.98828125	0.0	behav,3,-1,885	33	40701
164.25390625	0.0	behav,3,-1,906	34	42049
169.67578125	0.0	behav,3,-1,927	35	43437
174.8515625	0.0	behav,3,-1,948	36	44762
180.23046875	0.0	behav,3,-1,969	37	46139
185.72265625	0.0	behav,3,-1,990	38	47545
191.1875	0.0	behav,3,-1,1011	39	48944
196.3828125	0.0	behav,3,-1,1032	40	50274
201.60546875	0.0	behav,3,-1,1053	41	51611
207.02734375	0.0	behav,3,-1,1074	42	52999
208.40234375	0.0	oddball,16741,-1,1080	43	53351
212.1796875	0.0	behav,2,-1,1095	44	54318
213.93359375	0.0	oddball,16743,-1,1103	45	54767
217.35546875	0.0	behav,2,-1,1116	46	55643
222.57421875	0.0	behav,3,-1,1137	47	56979
228.19921875	0.0	behav,3,-1,1158	48	58419
233.75390625	0.0	behav,3,-1,103	49	59841
239.22265625	0.0	behav,3,-1,124	50	61241
244.9375	0.0	behav,3,-1,145	51	62704
250.046875	0.0	behav,3,-1,166	52	64012
255.3125	0.0	behav,3,-1,187	53	65360
260.46484375	0.0	behav,3,-1,208	54	66679
265.81640625	0.0	behav,3,-1,229	55	68049
271.21875	0.0	behav,3,-1,250	56	69432
276.37109375	0.0	behav,3,-1,271	57	70751
281.74609375	0.0	behav,3,-1,292	58	72127
287.19140625	0.0	behav,3,-1,313	59	73521
292.66015625	0.0	behav,3,-1,334	60	74921
298.10546875	0.0	behav,3,-1,355	61	76315
