onset	duration	trial_type	value	sample
1.7109375	0.0	oddball,16743,-1,3	1	438
6.125	0.0	behav,2,-1,21	2	1568
11.48046875	0.0	behav,3,-1,42	3	2939
16.7890625	0.0	behav,3,-1,63	4	4298
22.2109375	0.0	behav,3,-1,84	5	5686
27.609375	0.0	behav,3,-1,381	6	7068
32.76171875	0.0	behav,3,-1,402	7	8387
38.1640625	0.0	behav,3,-1,423	8	9770
43.67578125	0.0	behav,3,-1,444	9	11181
48.80859375	0.0	behav,3,-1,465	10	12495
54.5625	0.0	behav,3,-1,486	11	13968
59.78515625	0.0	behav,3,-1,507	12	15305
63.1171875	0.0	oddball,16748,-1,523	13	16158
65.00390625	0.0	behav,2,-1,528	14	16641
70.3828125	0.0	behav,3,-1,549	15	18018
75.69140625	0.0	behav,3,-1,570	16	19377
81.859375	0.0	behav,3,-1,591	17	20956
87.640625	0.0	behav,3,-1,612	18	22436
88.7890625	0.0	oddball,16740,-1,617	19	22730
93.21875	0.0	behav,2,-1,633	20	23864
95.5546875	0.0	oddball,16744,-1,644	21	24462
99.69921875	0.0	behav,3,-1,654	22	25523
104.828125	0.0	behav,3,-1,675	23	26836
110.34375	0.0	behav,3,-1,696	24	28248
114.6796875	0.0	behav,5,-1,717	25	29358
123.7734375	0.0	behav,3,-1,738	26	31686
129.33203125	0.0	behav,3,-1,759	27	33109
135.6328125	0.0	behav,3,-1,780	28	34722
139.9765625	0.0	behav,5,-1,801	29	35834
148.140625	0.0	behav,3,-1,822	30	37924
152.5390625	0.0	behav,5,-1,843	31	39050
160.71484375	0.0	behav,3,-1,864	32	41143
165.06640625	0.0	behav,5,-1,885	33	42257
172.20703125	0.0	behav,5,-1,906	34	44085
179.3359375	0.0	behav,5,-1,927	35	45910
187.26953125	0.0	behav,3,-1,948	36	47941
192.87109375	0.0	behav,3,-1,969	37	49375
197.20703125	0.0	behav,5,-1,990	38	50485
205.24609375	0.0	behav,3,-1,1011	39	52543
209.61328125	0.0	behav,5,-1,1032	40	53661
216.7421875	0.0	behav,5,-1,1053	41	55486
223.8515625	0.0	behav,5,-1,1074	42	57306
230.97265625	0.0	behav,5,-1,1095	43	59129
238.11328125	0.0	behav,5,-1,1116	44	60957
246.64453125	0.0	behav,3,-1,1137	45	63141
251.93359375	0.0	behav,3,-1,1158	46	64495
256.2890625	0.0	behav,5,-1,103	47	65610
264.44140625	0.0	behav,3,-1,124	48	67697
268.78515625	0.0	behav,5,-1,145	49	68809
277.51171875	0.0	behav,3,-1,166	50	71043
278.4765625	0.0	oddball,16744,-1,170	51	71290
283.74609375	0.0	behav,3,-1,187	52	72639
288.1015625	0.0	behav,5,-1,208	53	73754
296.234375	0.0	behav,3,-1,229	54	75836
303.3203125	0.0	behav,3,-1,250	55	77650
307.67578125	0.0	behav,5,-1,271	56	78765
315.83203125	0.0	behav,3,-1,292	57	80853
321.34375	0.0	behav,3,-1,313	58	82264
325.6953125	0.0	behav,5,-1,334	59	83378
334.328125	0.0	behav,3,-1,355	60	85588
335.29296875	0.0	oddball,16748,-1,359	61	85835
