onset	duration	trial_type	value	sample
5.765625	0.0	behav,3,-1,21	1	1476
11.234375	0.0	behav,3,-1,42	2	2876
16.90625	0.0	behav,3,-1,63	3	4328
22.4375	0.0	behav,3,-1,84	4	5744
27.90234375	0.0	behav,3,-1,381	5	7143
33.39453125	0.0	behav,3,-1,402	6	8549
38.81640625	0.0	behav,3,-1,423	7	9937
44.28515625	0.0	behav,3,-1,444	8	11337
49.734375	0.0	behav,3,-1,465	9	12732
55.21875	0.0	behav,3,-1,486	10	14136
60.7109375	0.0	behav,3,-1,507	11	15542
66.22265625	0.0	behav,3,-1,528	12	16953
71.82421875	0.0	behav,3,-1,549	13	18387
77.26953125	0.0	behav,3,-1,570	14	19781
80.64453125	0.0	oddball,16741,-1,586	15	20645
82.671875	0.0	behav,2,-1,591	16	21164
88.18359375	0.0	behav,3,-1,612	17	22575
93.625	0.0	behav,3,-1,633	18	23968
99.1640625	0.0	behav,3,-1,654	19	25386
104.69921875	0.0	behav,3,-1,675	20	26803
110.45703125	0.0	behav,3,-1,696	21	28277
115.94921875	0.0	behav,3,-1,717	22	29683
121.57421875	0.0	behav,3,-1,738	23	31123
127.15234375	0.0	behav,3,-1,759	24	32551
132.55078125	0.0	behav,3,-1,780	25	33933
137.91015625	0.0	behav,3,-1,801	26	35305
143.3984375	0.0	behav,3,-1,822	27	36710
148.91015625	0.0	behav,3,-1,843	28	38121
154.265625	0.0	behav,3,-1,864	29	39492
159.70703125	0.0	behav,3,-1,885	30	40885
162.0703125	0.0	oddball,16741,-1,896	31	41490
165.06640625	0.0	behav,2,-1,906	32	42257
170.5546875	0.0	behav,3,-1,927	33	43662
176.11328125	0.0	behav,3,-1,948	34	45085
182.52734375	0.0	behav,3,-1,969	35	46727
188.19921875	0.0	behav,3,-1,990	36	48179
193.6875	0.0	behav,3,-1,1011	37	49584
199.421875	0.0	behav,3,-1,1032	38	51052
203.58203125	0.0	oddball,16746,-1,1052	39	52117
204.77734375	0.0	behav,0,-1,1053	40	52423
210.2890625	0.0	behav,3,-1,1074	41	53834
215.73828125	0.0	behav,3,-1,1095	42	55229
221.09375	0.0	behav,3,-1,1116	43	56600
226.60546875	0.0	behav,3,-1,1137	44	58011
231.890625	0.0	behav,3,-1,1158	45	59364
237.2890625	0.0	behav,3,-1,103	46	60746
242.71484375	0.0	behav,3,-1,124	47	62135
243.671875	0.0	oddball,16743,-1,128	48	62380
248.02734375	0.0	behav,2,-1,145	49	63495
253.515625	0.0	behav,3,-1,166	50	64900
258.87109375	0.0	behav,3,-1,187	51	66271
264.359375	0.0	behav,3,-1,208	52	67676
266.91015625	0.0	oddball,16743,-1,220	53	68329
269.80078125	0.0	behav,2,-1,229	54	69069
275.26953125	0.0	behav,3,-1,250	55	70469
280.875	0.0	behav,3,-1,271	56	71904
287.109375	0.0	behav,3,-1,292	57	73500
292.5546875	0.0	behav,3,-1,313	58	74894
296.30859375	0.0	oddball,16746,-1,331	59	75855
297.9765625	0.0	behav,2,-1,334	60	76282
303.375	0.0	behav,3,-1,355	61	77664
