onset	duration	trial_type	value	sample
5.7734375	0.0	behav,3,-1,21	1	1478
7.94140625	0.0	oddball,16741,-1,31	2	2033
11.22265625	0.0	behav,2,-1,42	3	2873
16.734375	0.0	behav,3,-1,63	4	4284
22.265625	0.0	behav,3,-1,84	5	5700
27.66796875	0.0	behav,3,-1,381	6	7083
33.15625	0.0	behav,3,-1,402	7	8488
38.6484375	0.0	behav,3,-1,423	8	9894
39.1875	0.0	oddball,16741,-1,425	9	10032
44.046875	0.0	behav,2,-1,444	10	11276
49.4921875	0.0	behav,3,-1,465	11	12670
54.95703125	0.0	behav,3,-1,486	12	14069
60.3359375	0.0	behav,3,-1,507	13	15446
62.078125	0.0	oddball,16746,-1,515	14	15892
65.69140625	0.0	behav,2,-1,528	15	16817
70.9375	0.0	behav,3,-1,549	16	18160
76.3359375	0.0	behav,3,-1,570	17	19542
81.6015625	0.0	behav,3,-1,591	18	20890
87.09765625	0.0	behav,3,-1,612	19	22297
92.625	0.0	behav,3,-1,633	20	23712
98.40625	0.0	behav,3,-1,654	21	25192
104.0546875	0.0	behav,3,-1,675	22	26638
109.23046875	0.0	behav,3,-1,696	23	27963
114.765625	0.0	behav,3,-1,717	24	29380
115.33203125	0.0	oddball,16743,-1,719	25	29525
120.234375	0.0	behav,2,-1,738	26	30780
125.96875	0.0	behav,3,-1,759	27	32248
131.5703125	0.0	behav,3,-1,780	28	33682
137.2421875	0.0	behav,3,-1,801	29	35134
142.75390625	0.0	behav,3,-1,822	30	36545
148.24609375	0.0	behav,3,-1,843	31	37951
153.78125	0.0	behav,3,-1,864	32	39368
159.15625	0.0	behav,3,-1,885	33	40744
164.66796875	0.0	behav,3,-1,906	34	42155
168.83203125	0.0	oddball,16748,-1,926	35	43221
170.18359375	0.0	behav,0,-1,927	36	43567
175.83203125	0.0	behav,3,-1,948	37	45013
181.5	0.0	behav,3,-1,969	38	46464
187.05859375	0.0	behav,3,-1,990	39	47887
192.52734375	0.0	behav,3,-1,1011	40	49287
198.1953125	0.0	behav,3,-1,1032	41	50738
203.796875	0.0	behav,3,-1,1053	42	52172
209.3125	0.0	behav,3,-1,1074	43	53584
214.64453125	0.0	behav,3,-1,1095	44	54949
220.15625	0.0	behav,3,-1,1116	45	56360
225.6484375	0.0	behav,3,-1,1137	46	57766
231.47265625	0.0	behav,3,-1,1158	47	59257
236.984375	0.0	behav,3,-1,103	48	60668
242.61328125	0.0	behav,3,-1,124	49	62109
248.1015625	0.0	behav,3,-1,145	50	63514
253.66015625	0.0	behav,3,-1,166	51	64937
259.12890625	0.0	behav,3,-1,187	52	66337
264.59765625	0.0	behav,3,-1,208	53	67737
270.2421875	0.0	behav,3,-1,229	54	69182
275.70703125	0.0	behav,3,-1,250	55	70581
282.0078125	0.0	behav,3,-1,271	56	72194
285.94921875	0.0	oddball,16744,-1,290	57	73203
287.5	0.0	behav,2,-1,292	58	73600
292.90234375	0.0	behav,3,-1,313	59	74983
298.234375	0.0	behav,3,-1,334	60	76348
303.65234375	0.0	behav,3,-1,355	61	77735
309.14453125	0.0	behav,3,-1,376	62	79141
