onset	duration	trial_type	value	sample
5.37890625	0.0	behav,3,-1,21	1	1377
11.13671875	0.0	behav,3,-1,42	2	2851
16.44921875	0.0	behav,3,-1,63	3	4211
22.00390625	0.0	behav,3,-1,84	4	5633
27.3359375	0.0	behav,3,-1,381	5	6998
29.47265625	0.0	oddball,16747,-1,391	6	7545
32.734375	0.0	behav,0,-1,402	7	8380
36.03515625	0.0	oddball,16746,-1,418	8	9225
38.13671875	0.0	behav,0,-1,423	9	9763
43.40234375	0.0	behav,3,-1,444	10	11111
48.80078125	0.0	behav,3,-1,465	11	12493
54.40234375	0.0	behav,3,-1,486	12	13927
59.87109375	0.0	behav,3,-1,507	13	15327
65.203125	0.0	behav,3,-1,528	14	16692
70.46875	0.0	behav,3,-1,549	15	18040
75.59765625	0.0	behav,3,-1,570	16	19353
81.0	0.0	behav,3,-1,591	17	20736
86.1953125	0.0	behav,3,-1,612	18	22066
91.8203125	0.0	behav,3,-1,633	19	23506
97.15234375	0.0	behav,3,-1,654	20	24871
102.484375	0.0	behav,3,-1,675	21	26236
107.81640625	0.0	behav,3,-1,696	22	27601
113.1953125	0.0	behav,3,-1,717	23	28978
118.6875	0.0	behav,3,-1,738	24	30384
124.10546875	0.0	behav,3,-1,759	25	31771
125.23828125	0.0	oddball,16744,-1,764	26	32061
129.4140625	0.0	behav,0,-1,780	27	33130
134.79296875	0.0	behav,3,-1,801	28	34507
140.10546875	0.0	behav,3,-1,822	29	35867
145.4375	0.0	behav,3,-1,843	30	37232
151.0859375	0.0	behav,3,-1,864	31	38678
153.7734375	0.0	oddball,16747,-1,877	32	39366
156.4140625	0.0	behav,0,-1,885	33	40042
161.8828125	0.0	behav,3,-1,906	34	41442
167.23828125	0.0	behav,3,-1,927	35	42813
169.78515625	0.0	oddball,16745,-1,939	36	43465
172.59375	0.0	behav,0,-1,948	37	44184
178.0390625	0.0	behav,3,-1,969	38	45578
183.28125	0.0	behav,3,-1,990	39	46920
188.66015625	0.0	behav,3,-1,1011	40	48297
193.76171875	0.0	behav,3,-1,1032	41	49603
199.1640625	0.0	behav,3,-1,1053	42	50986
204.69921875	0.0	behav,3,-1,1074	43	52403
210.14453125	0.0	behav,3,-1,1095	44	53797
215.38671875	0.0	behav,3,-1,1116	45	55139
221.26171875	0.0	behav,3,-1,1137	46	56643
226.63671875	0.0	behav,3,-1,1158	47	58019
231.9453125	0.0	behav,3,-1,103	48	59378
238.44921875	0.0	behav,3,-1,124	49	61043
243.73828125	0.0	behav,3,-1,145	50	62397
249.13671875	0.0	behav,3,-1,166	51	63779
254.80859375	0.0	behav,3,-1,187	52	65231
260.2734375	0.0	behav,3,-1,208	53	66630
264.37890625	0.0	oddball,16747,-1,228	54	67681
265.4453125	0.0	behav,0,-1,229	55	67954
270.8046875	0.0	behav,3,-1,250	56	69326
276.765625	0.0	behav,3,-1,271	57	70852
282.12109375	0.0	behav,3,-1,292	58	72223
287.43359375	0.0	behav,3,-1,313	59	73583
292.765625	0.0	behav,3,-1,334	60	74948
298.09375	0.0	behav,3,-1,355	61	76312
