onset	duration	trial_type	value	sample
6.5546875	0.0	behav,3,-1,21	1	1678
11.8671875	0.0	behav,3,-1,42	2	3038
17.12890625	0.0	behav,3,-1,63	3	4385
22.57421875	0.0	behav,3,-1,84	4	5779
28.15234375	0.0	behav,3,-1,381	5	7207
28.69140625	0.0	oddball,16747,-1,383	6	7345
34.00390625	0.0	behav,0,-1,402	7	8705
35.34765625	0.0	oddball,16740,-1,408	8	9049
39.359375	0.0	behav,0,-1,423	9	10076
44.8046875	0.0	behav,3,-1,444	10	11470
50.25	0.0	behav,3,-1,465	11	12864
55.625	0.0	behav,3,-1,486	12	14240
61.13671875	0.0	behav,3,-1,507	13	15651
66.60546875	0.0	behav,3,-1,528	14	17051
71.9609375	0.0	behav,3,-1,549	15	18422
77.31640625	0.0	behav,3,-1,570	16	19793
82.625	0.0	behav,3,-1,591	17	21152
87.95703125	0.0	behav,3,-1,612	18	22517
93.2421875	0.0	behav,3,-1,633	19	23870
98.59765625	0.0	behav,3,-1,654	20	25241
103.86328125	0.0	behav,3,-1,675	21	26589
109.17578125	0.0	behav,3,-1,696	22	27949
114.39453125	0.0	behav,3,-1,717	23	29285
119.59375	0.0	behav,3,-1,738	24	30616
124.85546875	0.0	behav,3,-1,759	25	31963
130.3671875	0.0	behav,3,-1,780	26	33374
135.58984375	0.0	behav,3,-1,801	27	34711
140.7421875	0.0	behav,3,-1,822	28	36030
146.140625	0.0	behav,3,-1,843	29	37412
151.49609375	0.0	behav,3,-1,864	30	38783
157.3203125	0.0	behav,3,-1,885	31	40274
159.06640625	0.0	oddball,16744,-1,893	32	40721
162.69921875	0.0	behav,0,-1,906	33	41651
167.94140625	0.0	behav,3,-1,927	34	42993
173.4765625	0.0	behav,3,-1,948	35	44410
178.7421875	0.0	behav,3,-1,969	36	45758
184.03125	0.0	behav,3,-1,990	37	47112
189.3203125	0.0	behav,3,-1,1011	38	48466
194.625	0.0	behav,3,-1,1032	39	49824
200.0703125	0.0	behav,3,-1,1053	40	51218
202.61328125	0.0	oddball,16743,-1,1065	41	51869
205.515625	0.0	behav,0,-1,1074	42	52612
211.09765625	0.0	behav,3,-1,1095	43	54041
216.36328125	0.0	behav,3,-1,1116	44	55389
222.234375	0.0	behav,3,-1,1137	45	56892
227.51953125	0.0	behav,3,-1,1158	46	58245
233.0546875	0.0	behav,3,-1,103	47	59662
238.3671875	0.0	behav,3,-1,124	48	61022
242.47265625	0.0	oddball,16741,-1,144	49	62073
242.67578125	0.0	behav,4,-1,145	50	62125
250.71875	0.0	behav,3,-1,166	51	64184
256.0078125	0.0	behav,3,-1,187	52	65538
258.9296875	0.0	oddball,16745,-1,201	53	66286
261.3359375	0.0	behav,0,-1,208	54	66902
266.69140625	0.0	behav,3,-1,229	55	68273
271.93359375	0.0	behav,3,-1,250	56	69615
277.26953125	0.0	behav,3,-1,271	57	70981
282.578125	0.0	behav,3,-1,292	58	72340
287.80078125	0.0	behav,3,-1,313	59	73677
293.734375	0.0	behav,3,-1,334	60	75196
299.0234375	0.0	behav,3,-1,355	61	76550
