onset	duration	trial_type	value	sample
5.46484375	0.0	behav,3,-1,21	1	1399
10.55078125	0.0	behav,3,-1,42	2	2701
15.86328125	0.0	behav,3,-1,63	3	4061
19.1953125	0.0	oddball,16748,-1,79	4	4914
21.19140625	0.0	behav,0,-1,84	5	5425
26.5	0.0	behav,3,-1,381	6	6784
31.69921875	0.0	behav,3,-1,402	7	8115
34.4296875	0.0	oddball,16740,-1,415	8	8814
36.98828125	0.0	behav,0,-1,423	9	9469
42.296875	0.0	behav,3,-1,444	10	10828
43.44921875	0.0	oddball,16741,-1,449	11	11123
47.609375	0.0	behav,0,-1,465	12	12188
53.05078125	0.0	behav,3,-1,486	13	13581
58.65234375	0.0	behav,3,-1,507	14	15015
64.234375	0.0	behav,3,-1,528	15	16444
69.56640625	0.0	behav,3,-1,549	16	17809
73.3046875	0.0	oddball,16747,-1,567	17	18766
74.9453125	0.0	behav,0,-1,570	18	19186
80.5703125	0.0	behav,3,-1,591	19	20626
86.05859375	0.0	behav,3,-1,612	20	22031
91.5234375	0.0	behav,3,-1,633	21	23430
96.85546875	0.0	behav,3,-1,654	22	24795
102.16796875	0.0	behav,3,-1,675	23	26155
107.43359375	0.0	behav,3,-1,696	24	27503
112.6328125	0.0	behav,3,-1,717	25	28834
114.74609375	0.0	oddball,16744,-1,727	26	29375
118.078125	0.0	behav,0,-1,738	27	30228
123.4296875	0.0	behav,3,-1,759	28	31598
129.0078125	0.0	behav,2,-1,780	29	33026
134.3203125	0.0	behav,3,-1,801	30	34386
134.8828125	0.0	oddball,16744,-1,803	31	34530
139.7421875	0.0	behav,0,-1,822	32	35774
145.03125	0.0	behav,3,-1,843	33	37128
150.4296875	0.0	behav,3,-1,864	34	38510
155.78125	0.0	behav,3,-1,885	35	39880
161.0703125	0.0	behav,3,-1,906	36	41234
166.359375	0.0	behav,3,-1,927	37	42588
171.8046875	0.0	behav,3,-1,948	38	43982
176.890625	0.0	behav,3,-1,969	39	45284
182.44921875	0.0	behav,3,-1,990	40	46707
187.734375	0.0	behav,3,-1,1011	41	48060
193.01953125	0.0	behav,3,-1,1032	42	49413
198.5546875	0.0	behav,3,-1,1053	43	50830
203.88671875	0.0	behav,3,-1,1074	44	52195
209.15234375	0.0	behav,3,-1,1095	45	53543
214.44140625	0.0	behav,3,-1,1116	46	54897
219.68359375	0.0	behav,3,-1,1137	47	56239
225.28515625	0.0	behav,3,-1,1158	48	57673
230.55078125	0.0	behav,3,-1,103	49	59021
235.6796875	0.0	behav,3,-1,124	50	60334
241.125	0.0	behav,3,-1,145	51	61728
246.86328125	0.0	behav,3,-1,166	52	63197
252.08203125	0.0	behav,3,-1,187	53	64533
257.37109375	0.0	behav,3,-1,208	54	65887
262.72265625	0.0	behav,3,-1,229	55	67257
268.01171875	0.0	behav,3,-1,250	56	68611
273.43359375	0.0	behav,3,-1,271	57	69999
278.7890625	0.0	behav,3,-1,292	58	71370
284.0546875	0.0	behav,3,-1,313	59	72718
289.38671875	0.0	behav,3,-1,334	60	74083
294.62890625	0.0	behav,3,-1,355	61	75425
