onset	duration	trial_type	value	sample
5.68359375	0.0	behav,3,-1,21	1	1455
11.55859375	0.0	behav,3,-1,42	2	2959
15.625	0.0	oddball,16747,-1,62	3	4000
18.55078125	0.0	behav,0,-1,63	4	4749
24.40234375	0.0	behav,3,-1,84	5	6247
29.9140625	0.0	behav,3,-1,381	6	7658
35.11328125	0.0	behav,3,-1,402	7	8989
40.53515625	0.0	behav,3,-1,423	8	10377
45.82421875	0.0	behav,3,-1,444	9	11731
51.1328125	0.0	behav,3,-1,465	10	13090
56.39453125	0.0	behav,3,-1,486	11	14437
61.5703125	0.0	behav,3,-1,507	12	15762
66.76953125	0.0	behav,3,-1,528	13	17093
72.05859375	0.0	behav,3,-1,549	14	18447
77.5703125	0.0	behav,3,-1,570	15	19858
82.859375	0.0	behav,3,-1,591	16	21212
88.140625	0.0	behav,3,-1,612	17	22564
93.90234375	0.0	behav,3,-1,633	18	24039
99.2578125	0.0	behav,3,-1,654	19	25410
105.04296875	0.0	behav,3,-1,675	20	26891
110.3515625	0.0	behav,3,-1,696	21	28250
115.8203125	0.0	behav,3,-1,717	22	29650
120.97265625	0.0	behav,3,-1,738	23	30969
126.12109375	0.0	behav,3,-1,759	24	32287
126.87109375	0.0	oddball,16746,-1,762	25	32479
131.43359375	0.0	behav,0,-1,780	26	33647
136.8984375	0.0	behav,3,-1,801	27	35046
142.4140625	0.0	behav,3,-1,822	28	36458
147.65625	0.0	behav,3,-1,843	29	37800
152.96484375	0.0	behav,3,-1,864	30	39159
158.25	0.0	behav,3,-1,885	31	40512
163.515625	0.0	behav,3,-1,906	32	41860
168.73828125	0.0	behav,3,-1,927	33	43197
174.11328125	0.0	behav,3,-1,948	34	44573
179.46875	0.0	behav,3,-1,969	35	45944
182.578125	0.0	oddball,16746,-1,984	36	46740
184.734375	0.0	behav,0,-1,990	37	47292
190.0	0.0	behav,3,-1,1011	38	48640
194.27734375	0.0	behav,5,-1,1032	39	49735
202.41796875	0.0	behav,3,-1,1053	40	51819
208.7421875	0.0	behav,3,-1,1074	41	53438
214.12109375	0.0	behav,3,-1,1095	42	54815
219.40625	0.0	behav,3,-1,1116	43	56168
222.546875	0.0	oddball,16745,-1,1131	44	56972
224.65234375	0.0	behav,0,-1,1137	45	57511
229.93359375	0.0	behav,3,-1,1158	46	58863
235.19921875	0.0	behav,3,-1,103	47	60211
240.3984375	0.0	behav,3,-1,124	48	61542
245.75390625	0.0	behav,3,-1,145	49	62913
251.3125	0.0	behav,3,-1,166	50	64336
256.5078125	0.0	behav,3,-1,187	51	65666
261.90625	0.0	behav,3,-1,208	52	67048
262.83984375	0.0	oddball,16748,-1,212	53	67287
267.26171875	0.0	behav,0,-1,229	54	68419
272.6171875	0.0	behav,3,-1,250	55	69790
277.90625	0.0	behav,3,-1,271	56	71144
282.9921875	0.0	behav,3,-1,292	57	72446
288.234375	0.0	behav,3,-1,313	58	73788
293.4296875	0.0	behav,3,-1,334	59	75118
294.16796875	0.0	oddball,16746,-1,337	60	75307
298.71484375	0.0	behav,0,-1,355	61	76471
