onset	duration	trial_type	value	sample
5.73828125	0.0	behav,3,-1,21	1	1469
9.44921875	0.0	oddball,16744,-1,39	2	2419
11.27734375	0.0	behav,0,-1,42	3	2887
16.8125	0.0	behav,3,-1,63	4	4304
22.140625	0.0	behav,3,-1,84	5	5668
27.7421875	0.0	behav,3,-1,381	6	7102
33.16796875	0.0	behav,3,-1,402	7	8491
37.4921875	0.0	behav,5,-1,423	8	9598
45.87890625	0.0	behav,3,-1,444	9	11745
49.60546875	0.0	oddball,16740,-1,462	10	12699
51.4140625	0.0	behav,0,-1,465	11	13162
57.10546875	0.0	behav,3,-1,486	12	14619
62.41796875	0.0	behav,3,-1,507	13	15979
67.79296875	0.0	behav,3,-1,528	14	17355
73.125	0.0	behav,3,-1,549	15	18720
78.59375	0.0	behav,3,-1,570	16	20120
83.859375	0.0	behav,3,-1,591	17	21468
89.4375	0.0	behav,3,-1,612	18	22896
94.79296875	0.0	behav,3,-1,633	19	24267
100.62109375	0.0	behav,3,-1,654	20	25759
106.2890625	0.0	behav,3,-1,675	21	27210
111.7109375	0.0	behav,3,-1,696	22	28598
116.8671875	0.0	behav,3,-1,717	23	29918
122.12890625	0.0	behav,3,-1,738	24	31265
127.4140625	0.0	behav,3,-1,759	25	32618
132.7265625	0.0	behav,3,-1,780	26	33978
138.28515625	0.0	behav,3,-1,801	27	35401
141.2421875	0.0	oddball,16745,-1,815	28	36158
143.6171875	0.0	behav,0,-1,822	29	36766
148.8828125	0.0	behav,3,-1,843	30	38114
154.19140625	0.0	behav,3,-1,864	31	39473
159.43359375	0.0	behav,3,-1,885	32	40815
164.62890625	0.0	behav,3,-1,906	33	42145
165.9609375	0.0	oddball,16746,-1,912	34	42486
169.91796875	0.0	behav,0,-1,927	35	43499
175.20703125	0.0	behav,3,-1,948	36	44853
180.5625	0.0	behav,3,-1,969	37	46224
185.89453125	0.0	behav,3,-1,990	38	47589
191.15625	0.0	behav,3,-1,1011	39	48936
196.48828125	0.0	behav,3,-1,1032	40	50301
201.890625	0.0	behav,3,-1,1053	41	51684
207.17578125	0.0	behav,3,-1,1074	42	53037
212.46484375	0.0	behav,3,-1,1095	43	54391
217.796875	0.0	behav,3,-1,1116	44	55756
223.0859375	0.0	behav,3,-1,1137	45	57110
228.4609375	0.0	behav,3,-1,1158	46	58486
233.8828125	0.0	behav,3,-1,103	47	59874
239.3515625	0.0	behav,3,-1,124	48	61274
242.4296875	0.0	oddball,16743,-1,139	49	62062
244.5703125	0.0	behav,0,-1,145	50	62610
249.859375	0.0	behav,3,-1,166	51	63964
255.23828125	0.0	behav,3,-1,187	52	65341
260.6796875	0.0	behav,3,-1,208	53	66734
266.23828125	0.0	behav,3,-1,229	54	68157
271.52734375	0.0	behav,3,-1,250	55	69511
276.859375	0.0	behav,3,-1,271	56	70876
282.078125	0.0	behav,3,-1,292	57	72212
287.2109375	0.0	behav,3,-1,313	58	73526
292.4765625	0.0	behav,3,-1,334	59	74874
297.5546875	0.0	behav,3,-1,355	60	76174
298.1015625	0.0	oddball,16744,-1,357	61	76314
