onset	duration	trial_type	value	sample
5.41015625	0.0	behav,3,-1,21	1	1385
10.65234375	0.0	behav,3,-1,42	2	2727
15.89453125	0.0	behav,3,-1,63	3	4069
21.04296875	0.0	behav,3,-1,84	4	5387
26.3984375	0.0	behav,3,-1,381	5	6758
28.49609375	0.0	oddball,16747,-1,391	6	7295
31.62109375	0.0	behav,0,-1,402	7	8095
36.86328125	0.0	behav,3,-1,423	8	9437
42.69140625	0.0	behav,3,-1,444	9	10929
47.890625	0.0	behav,3,-1,465	10	12260
53.64453125	0.0	behav,3,-1,486	11	13733
59.09375	0.0	behav,3,-1,507	12	15128
64.37890625	0.0	behav,3,-1,528	13	16481
69.53125	0.0	behav,3,-1,549	14	17800
74.8203125	0.0	behav,3,-1,570	15	19154
80.3125	0.0	behav,3,-1,591	16	20560
85.44140625	0.0	behav,3,-1,612	17	21873
90.56640625	0.0	behav,3,-1,633	18	23185
96.7578125	0.0	behav,3,-1,654	19	24770
102.15625	0.0	behav,3,-1,675	20	26152
107.51171875	0.0	behav,3,-1,696	21	27523
108.84375	0.0	oddball,16744,-1,702	22	27864
112.59765625	0.0	behav,0,-1,717	23	28825
117.81640625	0.0	behav,3,-1,738	24	30161
123.28125	0.0	behav,3,-1,759	25	31560
128.52734375	0.0	behav,3,-1,780	26	32903
133.65625	0.0	behav,3,-1,801	27	34216
138.98828125	0.0	behav,3,-1,822	28	35581
144.25390625	0.0	behav,3,-1,843	29	36929
149.36328125	0.0	behav,3,-1,864	30	38237
154.71875	0.0	behav,3,-1,885	31	39608
160.11328125	0.0	behav,3,-1,906	32	40989
165.6484375	0.0	behav,3,-1,927	33	42406
170.9375	0.0	behav,3,-1,948	34	43760
176.2265625	0.0	behav,3,-1,969	35	45114
181.40234375	0.0	behav,3,-1,990	36	46439
186.53125	0.0	behav,3,-1,1011	37	47752
191.81640625	0.0	behav,3,-1,1032	38	49105
197.01171875	0.0	behav,3,-1,1053	39	50435
202.75390625	0.0	behav,3,-1,1074	40	51905
208.12890625	0.0	behav,3,-1,1095	41	53281
209.05859375	0.0	oddball,16742,-1,1099	42	53519
213.41796875	0.0	behav,0,-1,1116	43	54635
214.765625	0.0	oddball,16746,-1,1122	44	54980
218.7734375	0.0	behav,0,-1,1137	45	56006
224.171875	0.0	behav,3,-1,1158	46	57388
229.4140625	0.0	behav,3,-1,103	47	58730
234.69921875	0.0	behav,3,-1,124	48	60083
240.01171875	0.0	behav,3,-1,145	49	61443
245.27734375	0.0	behav,3,-1,166	50	62791
250.54296875	0.0	behav,3,-1,187	51	64139
252.859375	0.0	oddball,16748,-1,198	52	64732
255.96484375	0.0	behav,0,-1,208	53	65527
261.2734375	0.0	behav,3,-1,229	54	66886
266.71875	0.0	behav,3,-1,250	55	68280
272.140625	0.0	behav,3,-1,271	56	69668
277.5625	0.0	behav,3,-1,292	57	71056
282.94140625	0.0	behav,3,-1,313	58	72433
288.23046875	0.0	behav,3,-1,334	59	73787
293.515625	0.0	behav,3,-1,355	60	75140
296.83984375	0.0	oddball,16744,-1,371	61	75991
