onset	duration	trial_type	value	sample
5.8125	0.0	behav,3,-1,21	1	1488
11.484375	0.0	behav,3,-1,42	2	2940
16.90625	0.0	behav,3,-1,63	3	4328
22.37109375	0.0	behav,3,-1,84	4	5727
27.8828125	0.0	behav,3,-1,381	5	7138
32.1953125	0.0	behav,5,-1,402	6	8242
40.3046875	0.0	behav,3,-1,423	7	10318
45.63671875	0.0	behav,3,-1,444	8	11683
50.90234375	0.0	behav,3,-1,465	9	13031
56.12109375	0.0	behav,3,-1,486	10	14367
61.453125	0.0	behav,3,-1,507	11	15732
66.80859375	0.0	behav,3,-1,528	12	17103
72.25390625	0.0	behav,3,-1,549	13	18497
76.5390625	0.0	behav,5,-1,570	14	19594
83.62109375	0.0	behav,5,-1,591	15	21407
91.69140625	0.0	behav,3,-1,612	16	23473
96.98046875	0.0	behav,3,-1,633	17	24827
102.109375	0.0	behav,3,-1,654	18	26140
107.3515625	0.0	behav,3,-1,675	19	27482
112.91015625	0.0	behav,3,-1,696	20	28905
118.19921875	0.0	behav,3,-1,717	21	30259
123.55078125	0.0	behav,3,-1,738	22	31629
128.90625	0.0	behav,3,-1,759	23	33000
134.1953125	0.0	behav,3,-1,780	24	34354
139.52734375	0.0	behav,3,-1,801	25	35719
144.90625	0.0	behav,3,-1,822	26	37096
150.23828125	0.0	behav,3,-1,843	27	38461
155.58984375	0.0	behav,3,-1,864	28	39831
160.69921875	0.0	behav,3,-1,885	29	41139
166.07421875	0.0	behav,3,-1,906	30	42515
169.01171875	0.0	oddball,16744,-1,920	31	43267
171.33984375	0.0	behav,0,-1,927	32	43863
177.078125	0.0	behav,3,-1,948	33	45332
182.59375	0.0	behav,3,-1,969	34	46744
186.90234375	0.0	behav,5,-1,990	35	47847
195.078125	0.0	behav,3,-1,1011	36	49940
200.7265625	0.0	behav,3,-1,1032	37	51386
206.05859375	0.0	behav,3,-1,1053	38	52751
211.32421875	0.0	behav,3,-1,1074	39	54099
216.703125	0.0	behav,3,-1,1095	40	55476
222.01171875	0.0	behav,3,-1,1116	41	56835
227.4765625	0.0	behav,3,-1,1137	42	58234
233.125	0.0	behav,3,-1,1158	43	59680
238.68359375	0.0	behav,3,-1,103	44	61103
244.05859375	0.0	behav,3,-1,124	45	62479
246.73046875	0.0	oddball,16747,-1,137	46	63163
249.52734375	0.0	behav,0,-1,145	47	63879
253.8046875	0.0	behav,5,-1,166	48	64974
261.85546875	0.0	behav,3,-1,187	49	67035
267.234375	0.0	behav,3,-1,208	50	68412
270.93359375	0.0	oddball,16747,-1,226	51	69359
272.609375	0.0	behav,0,-1,229	52	69788
276.51171875	0.0	oddball,16742,-1,248	53	70787
277.8984375	0.0	behav,0,-1,250	54	71142
283.390625	0.0	behav,3,-1,271	55	72548
285.12109375	0.0	oddball,16748,-1,279	56	72991
288.92578125	0.0	behav,1,-1,292	57	73965
294.27734375	0.0	behav,3,-1,313	58	75335
295.82421875	0.0	oddball,16742,-1,320	59	75731
299.5859375	0.0	behav,0,-1,334	60	76694
305.50390625	0.0	behav,3,-1,355	61	78209
