onset	duration	trial_type	value	sample
5.7109375	0.0	behav,3,-1,21	1	1462
11.13671875	0.0	behav,3,-1,42	2	2851
16.53515625	0.0	behav,3,-1,63	3	4233
21.86328125	0.0	behav,3,-1,84	4	5597
27.37890625	0.0	behav,3,-1,381	5	7009
32.734375	0.0	behav,3,-1,402	6	8380
38.1328125	0.0	behav,3,-1,423	7	9762
40.90234375	0.0	oddball,16743,-1,436	8	10471
43.48828125	0.0	behav,0,-1,444	9	11133
48.93359375	0.0	behav,3,-1,465	10	12527
54.3984375	0.0	behav,3,-1,486	11	13926
59.640625	0.0	behav,3,-1,507	12	15268
64.703125	0.0	behav,3,-1,528	13	16564
70.015625	0.0	behav,3,-1,549	14	17924
71.99609375	0.0	oddball,16747,-1,558	15	18431
75.34765625	0.0	behav,0,-1,570	16	19289
80.5	0.0	behav,3,-1,591	17	20608
86.08203125	0.0	behav,3,-1,612	18	22037
91.546875	0.0	behav,3,-1,633	19	23436
97.46484375	0.0	behav,3,-1,654	20	24951
102.75	0.0	behav,3,-1,675	21	26304
107.99609375	0.0	behav,3,-1,696	22	27647
113.26171875	0.0	behav,3,-1,717	23	28995
118.48046875	0.0	behav,3,-1,738	24	30331
123.78515625	0.0	behav,3,-1,759	25	31689
129.09765625	0.0	behav,3,-1,780	26	33049
134.33984375	0.0	behav,3,-1,801	27	34391
139.6953125	0.0	behav,3,-1,822	28	35762
145.3671875	0.0	behav,3,-1,843	29	37214
150.609375	0.0	behav,3,-1,864	30	38556
155.8046875	0.0	behav,3,-1,885	31	39886
156.7578125	0.0	oddball,16744,-1,889	32	40130
161.0703125	0.0	behav,0,-1,906	33	41234
166.35546875	0.0	behav,3,-1,927	34	42587
171.64453125	0.0	behav,3,-1,948	35	43941
178.6640625	0.0	behav,3,-1,969	36	45738
183.9765625	0.0	behav,3,-1,990	37	47098
189.375	0.0	behav,3,-1,1011	38	48480
194.546875	0.0	behav,3,-1,1032	39	49804
199.859375	0.0	behav,3,-1,1053	40	51164
202.98046875	0.0	oddball,16748,-1,1068	41	51963
205.16796875	0.0	behav,0,-1,1074	42	52523
210.34375	0.0	behav,3,-1,1095	43	53848
215.8359375	0.0	behav,3,-1,1116	44	55254
221.52734375	0.0	behav,3,-1,1137	45	56711
223.49609375	0.0	oddball,16742,-1,1146	46	57215
226.8125	0.0	behav,0,-1,1158	47	58064
227.5546875	0.0	oddball,16745,-1,1161	48	58254
232.1015625	0.0	behav,0,-1,103	49	59418
237.61328125	0.0	behav,3,-1,124	50	60829
242.9453125	0.0	behav,3,-1,145	51	62194
248.2578125	0.0	behav,3,-1,166	52	63554
253.38671875	0.0	behav,3,-1,187	53	64867
258.65234375	0.0	behav,3,-1,208	54	66215
263.98046875	0.0	behav,3,-1,229	55	67579
269.359375	0.0	behav,3,-1,250	56	68956
274.6015625	0.0	behav,3,-1,271	57	70298
279.890625	0.0	behav,3,-1,292	58	71652
285.109375	0.0	behav,3,-1,313	59	72988
290.3984375	0.0	behav,3,-1,334	60	74342
295.68359375	0.0	behav,3,-1,355	61	75695
