onset	duration	trial_type	value	sample
5.5703125	0.0	behav,3,-1,21	1	1426
10.859375	0.0	behav,3,-1,42	2	2780
15.98828125	0.0	behav,3,-1,63	3	4093
21.296875	0.0	behav,3,-1,84	4	5452
26.62890625	0.0	behav,3,-1,381	5	6817
31.94140625	0.0	behav,3,-1,402	6	8177
37.609375	0.0	behav,3,-1,423	7	9628
38.171875	0.0	oddball,16740,-1,425	8	9772
42.94140625	0.0	behav,0,-1,444	9	10993
48.703125	0.0	behav,3,-1,465	10	12468
54.19140625	0.0	behav,3,-1,486	11	13873
59.5234375	0.0	behav,3,-1,507	12	15238
64.83203125	0.0	behav,3,-1,528	13	16597
69.98828125	0.0	behav,3,-1,549	14	17917
76.2421875	0.0	behav,3,-1,570	15	19518
79.375	0.0	oddball,16744,-1,585	16	20320
81.62109375	0.0	behav,0,-1,591	17	20895
86.97265625	0.0	behav,3,-1,612	18	22265
92.39453125	0.0	behav,3,-1,633	19	23653
97.66015625	0.0	behav,3,-1,654	20	25001
102.92578125	0.0	behav,3,-1,675	21	26349
108.16796875	0.0	behav,3,-1,696	22	27691
113.3203125	0.0	behav,3,-1,717	23	29010
114.84375	0.0	oddball,16742,-1,724	24	29400
118.4765625	0.0	behav,0,-1,738	25	30330
124.41015625	0.0	behav,3,-1,759	26	31849
129.765625	0.0	behav,3,-1,780	27	33220
135.19140625	0.0	behav,3,-1,801	28	34609
141.21875	0.0	behav,3,-1,822	29	36152
146.57421875	0.0	behav,3,-1,843	30	37523
151.73046875	0.0	behav,3,-1,864	31	38843
157.57421875	0.0	behav,3,-1,885	32	40339
162.9765625	0.0	behav,3,-1,906	33	41722
168.33203125	0.0	behav,3,-1,927	34	43093
173.57421875	0.0	behav,3,-1,948	35	44435
178.75	0.0	behav,3,-1,969	36	45760
184.015625	0.0	behav,3,-1,990	37	47108
189.34765625	0.0	behav,3,-1,1011	38	48473
194.51953125	0.0	behav,3,-1,1032	39	49797
199.76171875	0.0	behav,3,-1,1053	40	51139
205.05078125	0.0	behav,3,-1,1074	41	52493
210.33984375	0.0	behav,3,-1,1095	42	53847
215.53515625	0.0	behav,3,-1,1116	43	55177
217.671875	0.0	oddball,16744,-1,1126	44	55724
220.890625	0.0	behav,0,-1,1137	45	56548
221.640625	0.0	oddball,16745,-1,1140	46	56740
226.15234375	0.0	behav,0,-1,1158	47	57895
231.78125	0.0	behav,3,-1,103	48	59336
237.06640625	0.0	behav,3,-1,124	49	60689
242.3984375	0.0	behav,3,-1,145	50	62054
247.59765625	0.0	behav,3,-1,166	51	63385
252.88671875	0.0	behav,3,-1,187	52	64739
258.1953125	0.0	behav,3,-1,208	53	66098
263.45703125	0.0	behav,3,-1,229	54	67445
268.859375	0.0	behav,3,-1,250	55	68828
274.125	0.0	behav,3,-1,271	56	70176
280.0859375	0.0	behav,3,-1,292	57	71702
285.3515625	0.0	behav,3,-1,313	58	73050
290.70703125	0.0	behav,3,-1,334	59	74421
293.4375	0.0	oddball,16741,-1,347	60	75120
295.9921875	0.0	behav,0,-1,355	61	75774
