onset	duration	trial_type	value	sample
5.9296875	0.0	behav,3,-1,21	1	1518
12.23046875	0.0	behav,3,-1,42	2	3131
18.12109375	0.0	behav,3,-1,63	3	4639
18.890625	0.0	oddball,16743,-1,66	4	4836
23.72265625	0.0	behav,0,-1,84	5	6073
28.96484375	0.0	behav,3,-1,381	6	7415
34.3671875	0.0	behav,3,-1,402	7	8798
40.1953125	0.0	behav,3,-1,423	8	10290
45.484375	0.0	behav,3,-1,444	9	11644
50.546875	0.0	behav,3,-1,465	10	12940
52.4375	0.0	oddball,16745,-1,474	11	13424
55.875	0.0	behav,0,-1,486	12	14304
62.21875	0.0	behav,3,-1,507	13	15928
67.46484375	0.0	behav,3,-1,528	14	17271
72.8203125	0.0	behav,3,-1,549	15	18642
78.578125	0.0	behav,2,-1,570	16	20116
83.95703125	0.0	behav,3,-1,591	17	21493
89.1953125	0.0	behav,3,-1,612	18	22834
94.95703125	0.0	behav,3,-1,633	19	24309
100.06640625	0.0	behav,3,-1,654	20	25617
105.48828125	0.0	behav,3,-1,675	21	27005
110.77734375	0.0	behav,3,-1,696	22	28359
115.953125	0.0	behav,3,-1,717	23	29684
121.078125	0.0	behav,3,-1,738	24	30996
126.43359375	0.0	behav,3,-1,759	25	32367
131.72265625	0.0	behav,3,-1,780	26	33721
137.03125	0.0	behav,3,-1,801	27	35080
142.3203125	0.0	behav,3,-1,822	28	36434
147.83203125	0.0	behav,3,-1,843	29	37845
153.12109375	0.0	behav,3,-1,864	30	39199
158.4296875	0.0	behav,3,-1,885	31	40558
164.50390625	0.0	behav,3,-1,906	32	42113
170.21875	0.0	behav,3,-1,927	33	43576
175.59765625	0.0	behav,3,-1,948	34	44953
181.3125	0.0	behav,3,-1,969	35	46416
183.64453125	0.0	oddball,16741,-1,980	36	47013
186.64453125	0.0	behav,0,-1,990	37	47781
193.2109375	0.0	behav,3,-1,1011	38	49462
198.74609375	0.0	behav,3,-1,1032	39	50879
204.171875	0.0	behav,3,-1,1053	40	52268
209.546875	0.0	behav,3,-1,1074	41	53644
214.90234375	0.0	behav,3,-1,1095	42	55015
220.2578125	0.0	behav,3,-1,1116	43	56386
225.58984375	0.0	behav,3,-1,1137	44	57751
231.4375	0.0	behav,3,-1,1158	45	59248
236.703125	0.0	behav,3,-1,103	46	60596
241.8359375	0.0	behav,3,-1,124	47	61910
245.76953125	0.0	oddball,16745,-1,143	48	62917
247.34765625	0.0	behav,1,-1,145	49	63321
248.66015625	0.0	oddball,16741,-1,151	50	63657
252.63671875	0.0	behav,0,-1,166	51	64675
258.03515625	0.0	behav,3,-1,187	52	66057
263.2734375	0.0	behav,3,-1,208	53	67398
268.47265625	0.0	behav,3,-1,229	54	68729
273.89453125	0.0	behav,3,-1,250	55	70117
276.00390625	0.0	oddball,16746,-1,260	56	70657
279.61328125	0.0	behav,0,-1,271	57	71581
283.890625	0.0	behav,5,-1,292	58	72676
292.21484375	0.0	behav,3,-1,313	59	74807
297.4296875	0.0	behav,3,-1,334	60	76142
302.6484375	0.0	behav,3,-1,355	61	77478
