onset	duration	trial_type	value	sample
5.984375	0.0	behav,3,-1,21	1	1532
11.27734375	0.0	behav,3,-1,42	2	2887
16.44921875	0.0	behav,3,-1,63	3	4211
21.859375	0.0	behav,3,-1,84	4	5596
27.2578125	0.0	behav,3,-1,381	5	6978
32.6875	0.0	behav,3,-1,402	6	8368
38.046875	0.0	behav,3,-1,423	7	9740
43.734375	0.0	behav,3,-1,444	8	11196
45.90625	0.0	oddball,16746,-1,454	9	11752
48.93359375	0.0	behav,0,-1,465	10	12527
54.28125	0.0	behav,3,-1,486	11	13896
59.53515625	0.0	behav,3,-1,507	12	15241
64.83203125	0.0	behav,3,-1,528	13	16597
65.578125	0.0	oddball,16746,-1,531	14	16788
69.95703125	0.0	behav,0,-1,549	15	17909
75.1328125	0.0	behav,3,-1,570	16	19234
80.8828125	0.0	behav,3,-1,591	17	20706
86.15625	0.0	behav,3,-1,612	18	22056
91.46484375	0.0	behav,3,-1,633	19	23415
96.89453125	0.0	behav,3,-1,654	20	24805
102.125	0.0	behav,3,-1,675	21	26144
107.51953125	0.0	behav,3,-1,696	22	27525
112.6953125	0.0	behav,3,-1,717	23	28850
117.9921875	0.0	behav,3,-1,738	24	30206
123.5546875	0.0	behav,3,-1,759	25	31630
128.90234375	0.0	behav,3,-1,780	26	32999
131.265625	0.0	oddball,16747,-1,791	27	33604
134.140625	0.0	behav,0,-1,801	28	34340
139.67578125	0.0	behav,3,-1,822	29	35757
145.375	0.0	behav,3,-1,843	30	37216
150.66015625	0.0	behav,3,-1,864	31	38569
156.265625	0.0	behav,3,-1,885	32	40004
161.6796875	0.0	behav,3,-1,906	33	41390
166.95703125	0.0	behav,3,-1,927	34	42741
172.24609375	0.0	behav,3,-1,948	35	44095
177.66015625	0.0	behav,3,-1,969	36	45481
178.015625	0.0	oddball,16744,-1,970	37	45572
183.171875	0.0	behav,0,-1,990	38	46892
188.41015625	0.0	behav,3,-1,1011	39	48233
193.66796875	0.0	behav,3,-1,1032	40	49579
199.28125	0.0	behav,3,-1,1053	41	51016
204.60546875	0.0	behav,3,-1,1074	42	52379
210.0	0.0	behav,3,-1,1095	43	53760
210.359375	0.0	oddball,16741,-1,1096	44	53852
215.2265625	0.0	behav,0,-1,1116	45	55098
220.7578125	0.0	behav,3,-1,1137	46	56514
226.046875	0.0	behav,3,-1,1158	47	57868
231.44140625	0.0	behav,3,-1,103	48	59249
236.75	0.0	behav,3,-1,124	49	60608
241.96484375	0.0	behav,3,-1,145	50	61943
247.34375	0.0	behav,3,-1,166	51	63320
252.828125	0.0	behav,3,-1,187	52	64724
256.40625	0.0	oddball,16748,-1,204	53	65640
258.08203125	0.0	behav,0,-1,208	54	66069
263.6328125	0.0	behav,3,-1,229	55	67490
269.15234375	0.0	behav,3,-1,250	56	68903
274.77734375	0.0	behav,3,-1,271	57	70343
280.0	0.0	behav,3,-1,292	58	71680
285.13671875	0.0	behav,3,-1,313	59	72995
290.34765625	0.0	behav,3,-1,334	60	74329
295.80078125	0.0	behav,3,-1,355	61	75725
301.75390625	0.0	behav,3,-1,376	62	77249
