onset	duration	trial_type	value	sample
1.96875	0.0	oddball,16741,-1,6	1	504
5.98828125	0.0	behav,0,-1,21	2	1533
11.35546875	0.0	behav,3,-1,42	3	2907
16.5	0.0	behav,3,-1,63	4	4224
21.765625	0.0	behav,3,-1,84	5	5572
27.24609375	0.0	behav,3,-1,381	6	6975
27.59375	0.0	oddball,16742,-1,382	7	7064
32.5078125	0.0	behav,0,-1,402	8	8322
37.890625	0.0	behav,3,-1,423	9	9700
43.25390625	0.0	behav,3,-1,444	10	11073
48.53125	0.0	behav,3,-1,465	11	12424
52.90234375	0.0	behav,5,-1,486	12	13543
61.87109375	0.0	behav,3,-1,507	13	15839
67.23828125	0.0	behav,3,-1,528	14	17213
72.61328125	0.0	behav,3,-1,549	15	18589
77.9765625	0.0	behav,3,-1,570	16	19962
83.2890625	0.0	behav,3,-1,591	17	21322
88.546875	0.0	behav,3,-1,612	18	22668
93.87890625	0.0	behav,3,-1,633	19	24033
99.21484375	0.0	behav,3,-1,654	20	25399
104.64453125	0.0	behav,3,-1,675	21	26789
110.0234375	0.0	behav,3,-1,696	22	28166
115.4375	0.0	behav,3,-1,717	23	29552
120.85546875	0.0	behav,3,-1,738	24	30939
126.2578125	0.0	behav,3,-1,759	25	32322
130.4375	0.0	oddball,16742,-1,779	26	33392
131.625	0.0	behav,0,-1,780	27	33696
136.9296875	0.0	behav,3,-1,801	28	35054
142.328125	0.0	behav,3,-1,822	29	36436
148.1484375	0.0	behav,3,-1,843	30	37926
153.671875	0.0	behav,3,-1,864	31	39340
158.87109375	0.0	behav,3,-1,885	32	40671
164.2578125	0.0	behav,3,-1,906	33	42050
169.51171875	0.0	behav,3,-1,927	34	43395
174.86328125	0.0	behav,3,-1,948	35	44765
180.21875	0.0	behav,3,-1,969	36	46136
185.578125	0.0	behav,3,-1,990	37	47508
190.9609375	0.0	behav,3,-1,1011	38	48886
196.30859375	0.0	behav,3,-1,1032	39	50255
201.72265625	0.0	behav,3,-1,1053	40	51641
207.0625	0.0	behav,3,-1,1074	41	53008
212.41796875	0.0	behav,3,-1,1095	42	54379
217.73828125	0.0	behav,3,-1,1116	43	55741
223.09765625	0.0	behav,3,-1,1137	44	57113
228.37109375	0.0	behav,3,-1,1158	45	58463
233.70703125	0.0	behav,3,-1,103	46	59829
239.01171875	0.0	behav,3,-1,124	47	61187
243.1875	0.0	oddball,16746,-1,144	48	62256
244.40234375	0.0	behav,0,-1,145	49	62567
249.75	0.0	behav,3,-1,166	50	63936
255.1171875	0.0	behav,3,-1,187	51	65310
257.875	0.0	oddball,16742,-1,200	52	66016
260.5703125	0.0	behav,0,-1,208	53	66706
265.70703125	0.0	behav,3,-1,229	54	68021
270.8671875	0.0	behav,3,-1,250	55	69342
276.1953125	0.0	behav,3,-1,271	56	70706
281.37109375	0.0	behav,3,-1,292	57	72031
286.67578125	0.0	behav,3,-1,313	58	73389
291.8515625	0.0	behav,3,-1,334	59	74714
297.046875	0.0	behav,3,-1,355	60	76044
300.8125	0.0	oddball,16744,-1,373	61	77008
302.375	0.0	behav,0,-1,376	62	77408
