onset	duration	trial_type	value	sample
5.359375	0.0	behav,3,-1,21	1	1372
10.62890625	0.0	behav,3,-1,42	2	2721
16.140625	0.0	behav,3,-1,63	3	4132
21.4921875	0.0	behav,3,-1,84	4	5502
23.484375	0.0	oddball,16742,-1,93	5	6012
26.80859375	0.0	behav,2,-1,381	6	6863
32.16015625	0.0	behav,3,-1,402	7	8233
33.34765625	0.0	oddball,16745,-1,407	8	8537
37.4921875	0.0	behav,2,-1,423	9	9598
42.9609375	0.0	behav,3,-1,444	10	10998
48.25	0.0	behav,3,-1,465	11	12352
53.55859375	0.0	behav,3,-1,486	12	13711
58.84765625	0.0	behav,3,-1,507	13	15065
64.15625	0.0	behav,3,-1,528	14	16424
69.91796875	0.0	behav,3,-1,549	15	17899
75.2265625	0.0	behav,3,-1,570	16	19258
80.4921875	0.0	behav,3,-1,591	17	20606
85.75390625	0.0	behav,3,-1,612	18	21953
91.04296875	0.0	behav,3,-1,633	19	23307
96.3359375	0.0	behav,3,-1,654	20	24662
101.61328125	0.0	behav,3,-1,675	21	26013
105.30078125	0.0	oddball,16740,-1,692	22	26957
106.88671875	0.0	behav,2,-1,696	23	27363
112.21875	0.0	behav,3,-1,717	24	28728
117.5	0.0	behav,3,-1,738	25	30080
122.90625	0.0	behav,3,-1,759	26	31464
128.328125	0.0	behav,3,-1,780	27	32852
133.74609375	0.0	behav,3,-1,801	28	34239
139.1484375	0.0	behav,3,-1,822	29	35622
144.68359375	0.0	behav,3,-1,843	30	37039
150.01953125	0.0	behav,3,-1,864	31	38405
155.44140625	0.0	behav,3,-1,885	32	39793
160.79296875	0.0	behav,3,-1,906	33	41163
166.16796875	0.0	behav,3,-1,927	34	42539
171.43359375	0.0	behav,3,-1,948	35	43887
176.79296875	0.0	behav,3,-1,969	36	45259
177.5546875	0.0	oddball,16743,-1,972	37	45454
182.1015625	0.0	behav,2,-1,990	38	46618
187.43359375	0.0	behav,3,-1,1011	39	47983
192.8125	0.0	behav,3,-1,1032	40	49360
197.09375	0.0	oddball,16745,-1,1052	41	50456
198.1015625	0.0	behav,0,-1,1053	42	50714
199.296875	0.0	oddball,16748,-1,1058	43	51020
203.546875	0.0	behav,2,-1,1074	44	52108
208.7890625	0.0	behav,3,-1,1095	45	53450
214.14453125	0.0	behav,3,-1,1116	46	54821
219.5	0.0	behav,3,-1,1137	47	56192
224.83203125	0.0	behav,3,-1,1158	48	57557
230.1640625	0.0	behav,3,-1,103	49	58922
235.40234375	0.0	behav,3,-1,124	50	60263
240.671875	0.0	behav,3,-1,145	51	61612
246.00390625	0.0	behav,3,-1,166	52	62977
251.2421875	0.0	behav,3,-1,187	53	64318
256.59765625	0.0	behav,3,-1,208	54	65689
261.91015625	0.0	behav,3,-1,229	55	67049
267.30859375	0.0	behav,3,-1,250	56	68431
272.78125	0.0	behav,3,-1,271	57	69832
278.33984375	0.0	behav,3,-1,292	58	71255
283.77734375	0.0	behav,3,-1,313	59	72647
289.22265625	0.0	behav,3,-1,334	60	74041
294.65234375	0.0	behav,3,-1,355	61	75431
