onset	duration	trial_type	value	sample
5.64453125	0.0	behav,3,-1,21	1	1445
10.953125	0.0	behav,3,-1,42	2	2804
12.37890625	0.0	oddball,16742,-1,48	3	3169
16.35546875	0.0	behav,2,-1,63	4	4187
21.75390625	0.0	behav,3,-1,84	5	5569
27.44921875	0.0	behav,3,-1,381	6	7027
32.81640625	0.0	behav,3,-1,402	7	8401
38.19921875	0.0	behav,3,-1,423	8	9779
43.51171875	0.0	behav,3,-1,444	9	11139
48.86328125	0.0	behav,3,-1,465	10	12509
54.26171875	0.0	behav,3,-1,486	11	13891
59.59375	0.0	behav,3,-1,507	12	15256
64.94921875	0.0	behav,3,-1,528	13	16627
70.375	0.0	behav,3,-1,549	14	18016
75.796875	0.0	behav,3,-1,570	15	19404
81.12890625	0.0	behav,3,-1,591	16	20769
86.48828125	0.0	behav,3,-1,612	17	22141
91.87890625	0.0	behav,3,-1,633	18	23521
97.14453125	0.0	behav,3,-1,654	19	24869
102.48046875	0.0	behav,3,-1,675	20	26235
107.79296875	0.0	behav,3,-1,696	21	27595
113.078125	0.0	behav,3,-1,717	22	28948
118.390625	0.0	behav,3,-1,738	23	30308
123.6328125	0.0	behav,3,-1,759	24	31650
126.9375	0.0	oddball,16741,-1,774	25	32496
128.9609375	0.0	behav,2,-1,780	26	33014
133.26171875	0.0	oddball,16742,-1,800	27	34115
134.3828125	0.0	behav,0,-1,801	28	34402
139.6484375	0.0	behav,3,-1,822	29	35750
144.9140625	0.0	behav,3,-1,843	30	37098
150.2265625	0.0	behav,3,-1,864	31	38458
155.5390625	0.0	behav,3,-1,885	32	39818
160.8671875	0.0	behav,3,-1,906	33	41182
166.1796875	0.0	behav,3,-1,927	34	42542
171.51171875	0.0	behav,3,-1,948	35	43907
176.84375	0.0	behav,3,-1,969	36	45272
182.19921875	0.0	behav,3,-1,990	37	46643
187.55859375	0.0	behav,3,-1,1011	38	48015
192.84375	0.0	behav,3,-1,1032	39	49368
198.171875	0.0	behav,3,-1,1053	40	50732
203.52734375	0.0	behav,3,-1,1074	41	52103
208.72265625	0.0	behav,3,-1,1095	42	53433
214.015625	0.0	behav,3,-1,1116	43	54788
219.4140625	0.0	behav,3,-1,1137	44	56170
224.74609375	0.0	behav,3,-1,1158	45	57535
230.03515625	0.0	behav,3,-1,103	46	58889
235.36328125	0.0	behav,3,-1,124	47	60253
240.62890625	0.0	behav,3,-1,145	48	61601
244.57421875	0.0	oddball,16746,-1,163	49	62611
245.984375	0.0	behav,2,-1,166	50	62972
251.3203125	0.0	behav,3,-1,187	51	64338
256.6953125	0.0	behav,3,-1,208	52	65714
261.89453125	0.0	behav,3,-1,229	53	67045
264.59765625	0.0	oddball,16741,-1,241	54	67737
267.20703125	0.0	behav,2,-1,250	55	68405
272.44921875	0.0	behav,3,-1,271	56	69747
277.84765625	0.0	behav,3,-1,292	57	71129
283.19921875	0.0	behav,3,-1,313	58	72499
288.578125	0.0	behav,3,-1,334	59	73876
293.93359375	0.0	behav,3,-1,355	60	75247
294.94140625	0.0	oddball,16740,-1,359	61	75505
