onset	duration	trial_type	value	sample
5.625	0.0	behav,3,-1,21	1	1440
11.0078125	0.0	behav,3,-1,42	2	2818
16.5	0.0	behav,3,-1,63	3	4224
21.8515625	0.0	behav,3,-1,84	4	5594
27.140625	0.0	behav,3,-1,381	5	6948
32.4453125	0.0	behav,3,-1,402	6	8306
37.91796875	0.0	behav,3,-1,423	7	9707
43.31640625	0.0	behav,3,-1,444	8	11089
48.71484375	0.0	behav,3,-1,465	9	12471
54.16015625	0.0	behav,3,-1,486	10	13865
59.51953125	0.0	behav,3,-1,507	11	15237
64.84375	0.0	behav,3,-1,528	12	16600
70.25	0.0	behav,3,-1,549	13	17984
75.62109375	0.0	behav,3,-1,570	14	19359
81.05078125	0.0	behav,3,-1,591	15	20749
86.4296875	0.0	behav,3,-1,612	16	22126
91.7109375	0.0	behav,3,-1,633	17	23478
95.23046875	0.0	oddball,16742,-1,649	18	24379
97.06640625	0.0	behav,2,-1,654	19	24849
102.3828125	0.0	behav,3,-1,675	20	26210
108.05078125	0.0	behav,3,-1,696	21	27661
113.3828125	0.0	behav,3,-1,717	22	29026
118.7109375	0.0	behav,3,-1,738	23	30390
124.203125	0.0	behav,3,-1,759	24	31796
124.9765625	0.0	oddball,16744,-1,762	25	31994
129.58203125	0.0	behav,2,-1,780	26	33173
134.9609375	0.0	behav,3,-1,801	27	34550
140.3359375	0.0	behav,3,-1,822	28	35926
145.7109375	0.0	behav,3,-1,843	29	37302
151.04296875	0.0	behav,3,-1,864	30	38667
152.85546875	0.0	oddball,16745,-1,872	31	39131
156.35546875	0.0	behav,2,-1,885	32	40027
161.78125	0.0	behav,3,-1,906	33	41416
167.109375	0.0	behav,3,-1,927	34	42780
172.37890625	0.0	behav,3,-1,948	35	44129
177.78125	0.0	behav,3,-1,969	36	45512
178.79296875	0.0	oddball,16746,-1,973	37	45771
183.15234375	0.0	behav,2,-1,990	38	46887
188.5078125	0.0	behav,3,-1,1011	39	48258
193.81640625	0.0	behav,3,-1,1032	40	49617
199.2421875	0.0	behav,3,-1,1053	41	51006
204.59765625	0.0	behav,3,-1,1074	42	52377
210.203125	0.0	behav,3,-1,1095	43	53812
215.59765625	0.0	behav,3,-1,1116	44	55193
220.9296875	0.0	behav,3,-1,1137	45	56558
224.390625	0.0	oddball,16741,-1,1153	46	57444
226.2421875	0.0	behav,2,-1,1158	47	57918
231.59765625	0.0	behav,3,-1,103	48	59289
237.01953125	0.0	behav,3,-1,124	49	60677
242.375	0.0	behav,3,-1,145	50	62048
247.8203125	0.0	behav,3,-1,166	51	63442
253.171875	0.0	behav,3,-1,187	52	64812
258.6171875	0.0	behav,3,-1,208	53	66206
264.0390625	0.0	behav,3,-1,229	54	67594
269.39453125	0.0	behav,3,-1,250	55	68965
274.75390625	0.0	behav,3,-1,271	56	70337
276.7109375	0.0	oddball,16746,-1,279	57	70838
280.21484375	0.0	behav,2,-1,292	58	71735
285.59765625	0.0	behav,3,-1,313	59	73113
291.0859375	0.0	behav,3,-1,334	60	74518
296.484375	0.0	behav,2,-1,355	61	75900
