onset	duration	trial_type	value	sample
5.5078125	0.0	behav,3,-1,21	1	1410
11.046875	0.0	behav,3,-1,42	2	2828
16.46875	0.0	behav,3,-1,63	3	4216
22.16015625	0.0	behav,3,-1,84	4	5673
27.5390625	0.0	behav,3,-1,381	5	7050
32.9609375	0.0	behav,3,-1,402	6	8438
38.4296875	0.0	behav,3,-1,423	7	9838
43.80859375	0.0	behav,3,-1,444	8	11215
49.23046875	0.0	behav,3,-1,465	9	12603
54.6953125	0.0	behav,3,-1,486	10	14002
56.3046875	0.0	oddball,16741,-1,493	11	14414
60.11328125	0.0	behav,2,-1,507	12	15389
63.48046875	0.0	oddball,16742,-1,522	13	16251
65.60546875	0.0	behav,2,-1,528	14	16795
70.9609375	0.0	behav,3,-1,549	15	18166
76.29296875	0.0	behav,3,-1,570	16	19531
81.71484375	0.0	behav,3,-1,591	17	20919
87.140625	0.0	behav,3,-1,612	18	22308
92.609375	0.0	behav,3,-1,633	19	23708
98.05078125	0.0	behav,3,-1,654	20	25101
98.6328125	0.0	oddball,16747,-1,656	21	25250
103.5	0.0	behav,2,-1,675	22	26496
109.03125	0.0	behav,3,-1,696	23	27912
114.45703125	0.0	behav,3,-1,717	24	29301
119.8984375	0.0	behav,3,-1,738	25	30694
125.27734375	0.0	behav,3,-1,759	26	32071
130.72265625	0.0	behav,3,-1,780	27	33465
134.68359375	0.0	oddball,16743,-1,798	28	34479
136.05078125	0.0	behav,2,-1,801	29	34829
137.0546875	0.0	oddball,16743,-1,805	30	35086
141.56640625	0.0	behav,2,-1,822	31	36241
147.05859375	0.0	behav,3,-1,843	32	37647
152.41015625	0.0	behav,3,-1,864	33	39017
157.80859375	0.0	behav,3,-1,885	34	40399
163.25390625	0.0	behav,3,-1,906	35	41793
164.6640625	0.0	oddball,16740,-1,912	36	42154
168.65625	0.0	behav,2,-1,927	37	43176
174.0546875	0.0	behav,3,-1,948	38	44558
179.390625	0.0	behav,3,-1,969	39	45924
184.76953125	0.0	behav,3,-1,990	40	47301
190.16796875	0.0	behav,3,-1,1011	41	48683
195.5859375	0.0	behav,3,-1,1032	42	50070
200.9453125	0.0	behav,3,-1,1053	43	51442
206.34765625	0.0	behav,3,-1,1074	44	52825
211.65234375	0.0	behav,3,-1,1095	45	54183
217.03125	0.0	behav,3,-1,1116	46	55560
222.36328125	0.0	behav,3,-1,1137	47	56925
227.73828125	0.0	behav,3,-1,1158	48	58301
233.14453125	0.0	behav,3,-1,103	49	59685
238.5	0.0	behav,3,-1,124	50	61056
243.83203125	0.0	behav,3,-1,145	51	62421
249.18359375	0.0	behav,3,-1,166	52	63791
254.609375	0.0	behav,3,-1,187	53	65180
259.984375	0.0	behav,3,-1,208	54	66556
265.41015625	0.0	behav,3,-1,229	55	67945
270.89453125	0.0	behav,3,-1,250	56	69349
276.30078125	0.0	behav,3,-1,271	57	70733
281.74609375	0.0	behav,3,-1,292	58	72127
287.1875	0.0	behav,3,-1,313	59	73520
292.58984375	0.0	behav,3,-1,334	60	74903
297.98828125	0.0	behav,3,-1,355	61	76285
