onset	duration	trial_type	value	sample
5.44140625	0.0	behav,3,-1,21	1	1393
6.6015625	0.0	oddball,16741,-1,26	2	1690
10.84375	0.0	behav,2,-1,42	3	2776
16.15234375	0.0	behav,3,-1,63	4	4135
21.4375	0.0	behav,3,-1,84	5	5488
26.8359375	0.0	behav,3,-1,381	6	6870
31.73828125	0.0	behav,3,-1,402	7	8125
37.4375	0.0	behav,3,-1,423	8	9584
42.83984375	0.0	behav,3,-1,444	9	10967
48.26171875	0.0	behav,3,-1,465	10	12355
53.81640625	0.0	behav,3,-1,486	11	13777
59.5078125	0.0	behav,3,-1,507	12	15234
64.90625	0.0	behav,3,-1,528	13	16616
70.21484375	0.0	behav,3,-1,549	14	17975
75.6875	0.0	behav,3,-1,570	15	19376
81.17578125	0.0	behav,3,-1,591	16	20781
86.62109375	0.0	behav,3,-1,612	17	22175
91.95703125	0.0	behav,3,-1,633	18	23541
97.23828125	0.0	behav,3,-1,654	19	24893
102.640625	0.0	behav,3,-1,675	20	26276
107.94921875	0.0	behav,3,-1,696	21	27635
113.37109375	0.0	behav,3,-1,717	22	29023
118.640625	0.0	behav,3,-1,738	23	30372
123.92578125	0.0	behav,3,-1,759	24	31725
129.28125	0.0	behav,3,-1,780	25	33096
134.5703125	0.0	behav,3,-1,801	26	34450
139.7890625	0.0	behav,3,-1,822	27	35786
145.078125	0.0	behav,3,-1,843	28	37140
146.69140625	0.0	oddball,16740,-1,850	29	37553
150.43359375	0.0	behav,2,-1,864	30	38511
155.875	0.0	behav,3,-1,885	31	39904
157.08203125	0.0	oddball,16748,-1,890	32	40213
161.2109375	0.0	behav,2,-1,906	33	41270
166.6328125	0.0	behav,3,-1,927	34	42658
171.98828125	0.0	behav,3,-1,948	35	44029
177.2734375	0.0	behav,3,-1,969	36	45382
182.56640625	0.0	behav,3,-1,990	37	46737
187.87109375	0.0	behav,3,-1,1011	38	48095
193.1328125	0.0	behav,3,-1,1032	39	49442
198.44921875	0.0	behav,3,-1,1053	40	50803
203.734375	0.0	behav,3,-1,1074	41	52156
207.46875	0.0	oddball,16741,-1,1091	42	53112
209.08984375	0.0	behav,2,-1,1095	43	53527
214.421875	0.0	behav,3,-1,1116	44	54892
218.328125	0.0	oddball,16745,-1,1134	45	55892
219.71484375	0.0	behav,2,-1,1137	46	56247
225.109375	0.0	behav,3,-1,1158	47	57628
230.6015625	0.0	behav,3,-1,103	48	59034
236.25	0.0	behav,3,-1,124	49	60480
241.91796875	0.0	behav,3,-1,145	50	61931
247.16015625	0.0	behav,3,-1,166	51	63273
252.51953125	0.0	behav,3,-1,187	52	64645
257.9140625	0.0	behav,3,-1,208	53	66026
263.265625	0.0	behav,3,-1,229	54	67396
268.66796875	0.0	behav,3,-1,250	55	68779
269.6796875	0.0	oddball,16745,-1,254	56	69038
274.11328125	0.0	behav,2,-1,271	57	70173
279.4453125	0.0	behav,3,-1,292	58	71538
284.8515625	0.0	behav,3,-1,313	59	72922
290.1796875	0.0	behav,3,-1,334	60	74286
295.57421875	0.0	behav,3,-1,355	61	75667
