onset	duration	trial_type	value	sample
5.50390625	0.0	behav,3,-1,21	1	1409
10.83203125	0.0	behav,3,-1,42	2	2773
16.21875	0.0	behav,3,-1,63	3	4152
21.58984375	0.0	behav,3,-1,84	4	5527
26.98828125	0.0	behav,3,-1,381	5	6909
32.34765625	0.0	behav,3,-1,402	6	8281
37.8359375	0.0	behav,3,-1,423	7	9686
43.28125	0.0	behav,3,-1,444	8	11080
48.75390625	0.0	behav,3,-1,465	9	12481
54.078125	0.0	behav,3,-1,486	10	13844
59.48046875	0.0	behav,3,-1,507	11	15227
64.90234375	0.0	behav,3,-1,528	12	16615
70.39453125	0.0	behav,3,-1,549	13	18021
75.81640625	0.0	behav,3,-1,570	14	19409
78.06640625	0.0	oddball,16740,-1,580	15	19985
81.2890625	0.0	behav,2,-1,591	16	20810
86.8671875	0.0	behav,3,-1,612	17	22238
92.265625	0.0	behav,3,-1,633	18	23620
97.640625	0.0	behav,3,-1,654	19	24996
103.0390625	0.0	behav,3,-1,675	20	26378
108.3984375	0.0	behav,3,-1,696	21	27750
113.75390625	0.0	behav,3,-1,717	22	29121
119.12890625	0.0	behav,3,-1,738	23	30497
123.4921875	0.0	oddball,16741,-1,758	24	31614
124.59375	0.0	behav,0,-1,759	25	31896
129.953125	0.0	behav,3,-1,780	26	33268
135.35546875	0.0	behav,3,-1,801	27	34651
136.140625	0.0	oddball,16748,-1,804	28	34852
140.73046875	0.0	behav,2,-1,822	29	36027
146.109375	0.0	behav,3,-1,843	30	37404
151.41796875	0.0	behav,3,-1,864	31	38763
156.98046875	0.0	behav,3,-1,885	32	40187
162.44140625	0.0	behav,3,-1,906	33	41585
167.796875	0.0	behav,3,-1,927	34	42956
173.15234375	0.0	behav,3,-1,948	35	44327
178.4375	0.0	behav,3,-1,969	36	45680
182.203125	0.0	oddball,16740,-1,986	37	46644
183.796875	0.0	behav,2,-1,990	38	47052
189.1484375	0.0	behav,3,-1,1011	39	48422
194.55078125	0.0	behav,3,-1,1032	40	49805
199.96875	0.0	behav,3,-1,1053	41	51192
205.4140625	0.0	behav,3,-1,1074	42	52586
210.83984375	0.0	behav,3,-1,1095	43	53975
216.2421875	0.0	behav,3,-1,1116	44	55358
221.62109375	0.0	behav,3,-1,1137	45	56735
227.0390625	0.0	behav,3,-1,1158	46	58122
231.44921875	0.0	oddball,16742,-1,102	47	59251
232.48046875	0.0	behav,0,-1,103	48	59515
237.8359375	0.0	behav,3,-1,124	49	60886
243.23828125	0.0	behav,3,-1,145	50	62269
248.6640625	0.0	behav,3,-1,166	51	63658
253.9921875	0.0	behav,3,-1,187	52	65022
258.37890625	0.0	oddball,16741,-1,207	53	66145
259.39453125	0.0	behav,0,-1,208	54	66405
264.94921875	0.0	behav,3,-1,229	55	67827
270.328125	0.0	behav,3,-1,250	56	69204
275.75	0.0	behav,3,-1,271	57	70592
281.17578125	0.0	behav,3,-1,292	58	71981
286.77734375	0.0	behav,3,-1,313	59	73415
292.19921875	0.0	behav,3,-1,334	60	74803
297.51171875	0.0	behav,3,-1,355	61	76163
