onset	duration	trial_type	value	sample
5.44140625	0.0	behav,3,-1,21	1	1393
7.90625	0.0	oddball,16748,-1,32	2	2024
11.0234375	0.0	behav,2,-1,42	3	2822
16.33203125	0.0	behav,3,-1,63	4	4181
21.7109375	0.0	behav,3,-1,84	5	5558
27.04296875	0.0	behav,3,-1,381	6	6923
32.3984375	0.0	behav,3,-1,402	7	8294
37.796875	0.0	behav,3,-1,423	8	9676
43.23828125	0.0	behav,3,-1,444	9	11069
48.59375	0.0	behav,3,-1,465	10	12440
50.015625	0.0	oddball,16744,-1,471	11	12804
53.94921875	0.0	behav,2,-1,486	12	13811
59.30859375	0.0	behav,3,-1,507	13	15183
64.63671875	0.0	behav,3,-1,528	14	16547
70.01171875	0.0	behav,3,-1,549	15	17923
75.5234375	0.0	behav,3,-1,570	16	19334
80.8828125	0.0	behav,3,-1,591	17	20706
86.23828125	0.0	behav,3,-1,612	18	22077
91.6640625	0.0	behav,3,-1,633	19	23466
97.05859375	0.0	behav,3,-1,654	20	24847
102.32421875	0.0	behav,3,-1,675	21	26195
107.66015625	0.0	behav,3,-1,696	22	27561
113.21484375	0.0	behav,3,-1,717	23	28983
118.5	0.0	behav,3,-1,738	24	30336
123.83203125	0.0	behav,3,-1,759	25	31701
129.234375	0.0	behav,3,-1,780	26	33084
134.546875	0.0	behav,3,-1,801	27	34444
139.8515625	0.0	behav,3,-1,822	28	35802
145.28125	0.0	behav,3,-1,843	29	37192
150.72265625	0.0	behav,3,-1,864	30	38585
156.05859375	0.0	behav,3,-1,885	31	39951
161.43359375	0.0	behav,3,-1,906	32	41327
167.015625	0.0	behav,3,-1,927	33	42756
172.34765625	0.0	behav,3,-1,948	34	44121
177.65625	0.0	behav,3,-1,969	35	45480
183.01171875	0.0	behav,3,-1,990	36	46851
188.41015625	0.0	behav,3,-1,1011	37	48233
193.8359375	0.0	behav,3,-1,1032	38	49622
197.7265625	0.0	oddball,16741,-1,1050	39	50618
199.390625	0.0	behav,2,-1,1053	40	51044
204.70703125	0.0	behav,3,-1,1074	41	52405
210.14453125	0.0	behav,3,-1,1095	42	53797
215.50390625	0.0	behav,3,-1,1116	43	55169
217.9296875	0.0	oddball,16741,-1,1127	44	55790
220.85546875	0.0	behav,2,-1,1137	45	56539
226.14453125	0.0	behav,3,-1,1158	46	57893
231.54296875	0.0	behav,3,-1,103	47	59275
236.96875	0.0	behav,3,-1,124	48	60664
238.18359375	0.0	oddball,16740,-1,129	49	60975
242.34765625	0.0	behav,2,-1,145	50	62041
247.6796875	0.0	behav,3,-1,166	51	63406
252.921875	0.0	behav,3,-1,187	52	64748
258.234375	0.0	behav,3,-1,208	53	66108
263.47265625	0.0	behav,3,-1,229	54	67449
269.125	0.0	behav,3,-1,250	55	68896
274.4765625	0.0	behav,3,-1,271	56	70266
279.94140625	0.0	behav,3,-1,292	57	71665
280.94140625	0.0	oddball,16743,-1,296	58	71921
285.27734375	0.0	behav,2,-1,313	59	73031
290.49609375	0.0	behav,3,-1,334	60	74367
295.78515625	0.0	behav,3,-1,355	61	75721
