onset	duration	trial_type	value	sample
5.49609375	0.0	behav,3,-1,21	1	1407
10.87109375	0.0	behav,3,-1,42	2	2783
16.203125	0.0	behav,3,-1,63	3	4148
21.51171875	0.0	behav,3,-1,84	4	5507
26.93359375	0.0	behav,3,-1,381	5	6895
32.33203125	0.0	behav,3,-1,402	6	8277
32.89453125	0.0	oddball,16742,-1,404	7	8421
37.7578125	0.0	behav,2,-1,423	8	9666
43.1328125	0.0	behav,3,-1,444	9	11042
48.62890625	0.0	behav,3,-1,465	10	12449
52.5625	0.0	oddball,16741,-1,483	11	13456
53.95703125	0.0	behav,2,-1,486	12	13813
59.42578125	0.0	behav,3,-1,507	13	15213
64.84765625	0.0	behav,3,-1,528	14	16601
70.203125	0.0	behav,3,-1,549	15	17972
75.515625	0.0	behav,3,-1,570	16	19332
80.9140625	0.0	behav,3,-1,591	17	20714
86.22265625	0.0	behav,3,-1,612	18	22073
91.55078125	0.0	behav,3,-1,633	19	23437
96.9296875	0.0	behav,3,-1,654	20	24814
102.28515625	0.0	behav,3,-1,675	21	26185
107.640625	0.0	behav,3,-1,696	22	27556
112.95703125	0.0	behav,3,-1,717	23	28917
118.37890625	0.0	behav,3,-1,738	24	30305
123.703125	0.0	behav,3,-1,759	25	31668
129.171875	0.0	behav,3,-1,780	26	33068
134.6171875	0.0	behav,3,-1,801	27	34462
139.94921875	0.0	behav,3,-1,822	28	35827
145.53515625	0.0	behav,3,-1,843	29	37257
150.8203125	0.0	behav,3,-1,864	30	38610
156.24609375	0.0	behav,3,-1,885	31	39999
161.53125	0.0	behav,3,-1,906	32	41352
166.92578125	0.0	behav,3,-1,927	33	42733
172.2421875	0.0	behav,3,-1,948	34	44094
177.6171875	0.0	behav,3,-1,969	35	45470
180.67578125	0.0	oddball,16741,-1,983	36	46253
182.9296875	0.0	behav,2,-1,990	37	46830
186.1796875	0.0	oddball,16743,-1,1005	38	47662
188.19140625	0.0	behav,2,-1,1011	39	48177
193.5234375	0.0	behav,3,-1,1032	40	49542
198.85546875	0.0	behav,3,-1,1053	41	50907
204.234375	0.0	behav,3,-1,1074	42	52284
209.59375	0.0	behav,3,-1,1095	43	53656
214.921875	0.0	behav,3,-1,1116	44	55020
220.59765625	0.0	behav,3,-1,1137	45	56473
225.87890625	0.0	behav,3,-1,1158	46	57825
231.2109375	0.0	behav,3,-1,103	47	59190
236.61328125	0.0	behav,3,-1,124	48	60573
242.03515625	0.0	behav,3,-1,145	49	61961
247.4140625	0.0	behav,3,-1,166	50	63338
252.8125	0.0	behav,3,-1,187	51	64720
258.19140625	0.0	behav,3,-1,208	52	66097
263.5	0.0	behav,3,-1,229	53	67456
268.85546875	0.0	behav,3,-1,250	54	68827
274.140625	0.0	behav,3,-1,271	55	70180
279.453125	0.0	behav,3,-1,292	56	71540
282.109375	0.0	oddball,16741,-1,304	57	72220
284.7890625	0.0	behav,2,-1,313	58	72906
288.68359375	0.0	oddball,16745,-1,331	59	73903
290.1171875	0.0	behav,2,-1,334	60	74270
295.44921875	0.0	behav,3,-1,355	61	75635
