onset	duration	trial_type	value	sample
5.53125	0.0	behav,3,-1,21	1	1416
10.88671875	0.0	behav,3,-1,42	2	2787
16.53515625	0.0	behav,3,-1,63	3	4233
21.9921875	0.0	behav,3,-1,84	4	5630
27.421875	0.0	behav,3,-1,381	5	7020
32.80078125	0.0	behav,3,-1,402	6	8397
38.15234375	0.0	behav,3,-1,423	7	9767
43.53125	0.0	behav,3,-1,444	8	11144
48.9765625	0.0	behav,3,-1,465	9	12538
54.328125	0.0	behav,3,-1,486	10	13908
59.6875	0.0	behav,3,-1,507	11	15280
64.99609375	0.0	behav,3,-1,528	12	16639
70.3984375	0.0	behav,3,-1,549	13	18022
75.66015625	0.0	behav,3,-1,570	14	19369
81.1484375	0.0	behav,3,-1,591	15	20774
86.5546875	0.0	behav,3,-1,612	16	22158
91.9296875	0.0	behav,3,-1,633	17	23534
97.32421875	0.0	behav,3,-1,654	18	24915
102.6796875	0.0	behav,3,-1,675	19	26286
108.01171875	0.0	behav,3,-1,696	20	27651
113.50390625	0.0	behav,3,-1,717	21	29057
118.953125	0.0	behav,3,-1,738	22	30452
124.30078125	0.0	behav,3,-1,759	23	31821
129.703125	0.0	behav,3,-1,780	24	33204
135.08203125	0.0	behav,3,-1,801	25	34581
140.52734375	0.0	behav,3,-1,822	26	35975
145.90234375	0.0	behav,3,-1,843	27	37351
151.46484375	0.0	behav,3,-1,864	28	38775
156.91015625	0.0	behav,3,-1,885	29	40169
162.33203125	0.0	behav,3,-1,906	30	41557
167.70703125	0.0	behav,3,-1,927	31	42933
173.109375	0.0	behav,3,-1,948	32	44316
178.53515625	0.0	behav,3,-1,969	33	45705
183.9765625	0.0	behav,3,-1,990	34	47098
189.37890625	0.0	behav,3,-1,1011	35	48481
193.19140625	0.0	oddball,16740,-1,1028	36	49457
194.83984375	0.0	behav,2,-1,1032	37	49879
199.0625	0.0	oddball,16744,-1,1051	38	50960
200.28515625	0.0	behav,2,-1,1053	39	51273
205.70703125	0.0	behav,3,-1,1074	40	52661
206.2734375	0.0	oddball,16747,-1,1076	41	52806
211.15625	0.0	behav,2,-1,1095	42	54056
216.62109375	0.0	behav,3,-1,1116	43	55455
221.9609375	0.0	behav,3,-1,1137	44	56822
227.265625	0.0	behav,3,-1,1158	45	58180
231.1953125	0.0	oddball,16741,-1,1176	46	59186
232.59765625	0.0	behav,2,-1,103	47	59545
237.99609375	0.0	behav,3,-1,124	48	60927
243.3515625	0.0	behav,3,-1,145	49	62298
248.84765625	0.0	behav,3,-1,166	50	63705
254.22265625	0.0	behav,3,-1,187	51	65081
259.578125	0.0	behav,3,-1,208	52	66452
263.54296875	0.0	oddball,16748,-1,226	53	67467
264.9296875	0.0	behav,2,-1,229	54	67822
270.3046875	0.0	behav,3,-1,250	55	69198
275.73046875	0.0	behav,3,-1,271	56	70587
281.0859375	0.0	behav,3,-1,292	57	71958
286.73828125	0.0	behav,3,-1,313	58	73405
292.2265625	0.0	behav,3,-1,334	59	74810
297.578125	0.0	behav,3,-1,355	60	76180
299.01171875	0.0	oddball,16744,-1,361	61	76547
