onset	duration	trial_type	value	sample
5.4375	0.0	behav,3,-1,21	1	1392
10.79296875	0.0	behav,3,-1,42	2	2763
16.1484375	0.0	behav,3,-1,63	3	4134
21.48046875	0.0	behav,3,-1,84	4	5499
26.76953125	0.0	behav,3,-1,381	5	6853
32.171875	0.0	behav,3,-1,402	6	8236
37.38671875	0.0	behav,3,-1,423	7	9571
42.65234375	0.0	behav,3,-1,444	8	10919
47.921875	0.0	behav,3,-1,465	9	12268
51.40625	0.0	oddball,16746,-1,481	10	13160
53.23046875	0.0	behav,2,-1,486	11	13627
58.58203125	0.0	behav,3,-1,507	12	14997
63.9140625	0.0	behav,3,-1,528	13	16362
69.25	0.0	behav,3,-1,549	14	17728
74.4921875	0.0	behav,3,-1,570	15	19070
79.8671875	0.0	behav,3,-1,591	16	20446
85.15625	0.0	behav,3,-1,612	17	21800
90.5546875	0.0	behav,3,-1,633	18	23182
95.890625	0.0	behav,3,-1,654	19	24548
101.21875	0.0	behav,3,-1,675	20	25912
106.4609375	0.0	behav,3,-1,696	21	27254
111.9296875	0.0	behav,3,-1,717	22	28654
117.26953125	0.0	behav,3,-1,738	23	30021
122.5703125	0.0	behav,3,-1,759	24	31378
127.83984375	0.0	behav,3,-1,780	25	32727
133.1953125	0.0	behav,3,-1,801	26	34098
138.43359375	0.0	behav,3,-1,822	27	35439
143.74609375	0.0	behav,3,-1,843	28	36799
147.85546875	0.0	oddball,16747,-1,862	29	37851
149.03515625	0.0	behav,2,-1,864	30	38153
154.30078125	0.0	behav,3,-1,885	31	39501
159.859375	0.0	behav,3,-1,906	32	40924
165.16796875	0.0	behav,3,-1,927	33	42283
168.2890625	0.0	oddball,16743,-1,941	34	43082
170.546875	0.0	behav,2,-1,948	35	43660
175.8359375	0.0	behav,3,-1,969	36	45014
181.2578125	0.0	behav,3,-1,990	37	46402
186.74609375	0.0	behav,3,-1,1011	38	47807
192.078125	0.0	behav,3,-1,1032	39	49172
197.38671875	0.0	behav,3,-1,1053	40	50531
202.7421875	0.0	behav,3,-1,1074	41	51902
208.05078125	0.0	behav,3,-1,1095	42	53261
213.44921875	0.0	behav,3,-1,1116	43	54643
218.7421875	0.0	behav,3,-1,1137	44	55998
224.00390625	0.0	behav,3,-1,1158	45	57345
224.56640625	0.0	oddball,16748,-1,1160	46	57489
229.31640625	0.0	behav,2,-1,103	47	58705
234.55859375	0.0	behav,3,-1,124	48	60047
239.86328125	0.0	behav,3,-1,145	49	61405
245.15625	0.0	behav,3,-1,166	50	62760
248.83984375	0.0	oddball,16742,-1,183	51	63703
250.46484375	0.0	behav,2,-1,187	52	64119
255.8203125	0.0	behav,3,-1,208	53	65490
261.1484375	0.0	behav,3,-1,229	54	66854
264.46875	0.0	oddball,16747,-1,244	55	67704
266.50390625	0.0	behav,2,-1,250	56	68225
272.08984375	0.0	behav,3,-1,271	57	69655
278.30078125	0.0	behav,3,-1,292	58	71245
283.62890625	0.0	behav,3,-1,313	59	72609
288.87109375	0.0	behav,3,-1,334	60	73951
294.18359375	0.0	behav,3,-1,355	61	75311
