onset	duration	trial_type	value	sample
3.1953125	0.0	oddball,16740,-1,14	1	818
5.5546875	0.0	behav,2,-1,21	2	1422
10.89453125	0.0	behav,3,-1,42	3	2789
16.2265625	0.0	behav,3,-1,63	4	4154
21.58203125	0.0	behav,3,-1,84	5	5525
26.91015625	0.0	behav,3,-1,381	6	6889
32.26953125	0.0	behav,3,-1,402	7	8261
37.5546875	0.0	behav,3,-1,423	8	9614
43.0	0.0	behav,3,-1,444	9	11008
48.375	0.0	behav,3,-1,465	10	12384
53.70703125	0.0	behav,3,-1,486	11	13749
59.0859375	0.0	behav,3,-1,507	12	15126
64.375	0.0	behav,3,-1,528	13	16480
69.73046875	0.0	behav,3,-1,549	14	17851
71.5625	0.0	oddball,16745,-1,557	15	18320
75.1328125	0.0	behav,2,-1,570	16	19234
80.6640625	0.0	behav,3,-1,591	17	20650
85.953125	0.0	behav,3,-1,612	18	22004
91.28125	0.0	behav,3,-1,633	19	23368
96.63671875	0.0	behav,3,-1,654	20	24739
101.99609375	0.0	behav,3,-1,675	21	26111
107.32421875	0.0	behav,3,-1,696	22	27475
112.640625	0.0	behav,3,-1,717	23	28836
117.9921875	0.0	behav,3,-1,738	24	30206
123.45703125	0.0	behav,3,-1,759	25	31605
128.7890625	0.0	behav,3,-1,780	26	32970
134.34765625	0.0	behav,3,-1,801	27	34393
139.796875	0.0	behav,3,-1,822	28	35788
145.1484375	0.0	behav,3,-1,843	29	37158
148.0234375	0.0	oddball,16745,-1,856	30	37894
150.53125	0.0	behav,2,-1,864	31	38536
155.90234375	0.0	behav,3,-1,885	32	39911
161.328125	0.0	behav,3,-1,906	33	41300
166.75	0.0	behav,3,-1,927	34	42688
172.10546875	0.0	behav,3,-1,948	35	44059
177.37109375	0.0	behav,3,-1,969	36	45407
182.66015625	0.0	behav,3,-1,990	37	46761
188.05859375	0.0	behav,3,-1,1011	38	48143
190.734375	0.0	oddball,16746,-1,1023	39	48828
193.4375	0.0	behav,2,-1,1032	40	49520
198.76953125	0.0	behav,3,-1,1053	41	50885
204.078125	0.0	behav,3,-1,1074	42	52244
209.43359375	0.0	behav,3,-1,1095	43	53615
214.69921875	0.0	behav,3,-1,1116	44	54963
219.98828125	0.0	behav,3,-1,1137	45	56317
225.38671875	0.0	behav,3,-1,1158	46	57699
230.71875	0.0	behav,3,-1,103	47	59064
234.2265625	0.0	oddball,16746,-1,119	48	59962
236.046875	0.0	behav,2,-1,124	49	60428
241.3828125	0.0	behav,3,-1,145	50	61794
246.73828125	0.0	behav,3,-1,166	51	63165
252.1640625	0.0	behav,3,-1,187	52	64554
257.5390625	0.0	behav,3,-1,208	53	65930
262.875	0.0	behav,3,-1,229	54	67296
268.17578125	0.0	behav,3,-1,250	55	68653
273.46875	0.0	behav,3,-1,271	56	70008
274.046875	0.0	oddball,16740,-1,273	57	70156
278.84375	0.0	behav,2,-1,292	58	71384
284.0625	0.0	behav,3,-1,313	59	72720
289.40234375	0.0	behav,3,-1,334	60	74087
294.734375	0.0	behav,3,-1,355	61	75452
