onset	duration	trial_type	value	sample
5.45703125	0.0	behav,3,-1,21	1	1397
6.01953125	0.0	oddball,16744,-1,23	2	1541
11.28515625	0.0	behav,2,-1,42	3	2889
16.328125	0.0	behav,3,-1,63	4	4180
21.7265625	0.0	behav,3,-1,84	5	5562
27.05859375	0.0	behav,3,-1,381	6	6927
32.453125	0.0	behav,3,-1,402	7	8308
37.8515625	0.0	behav,3,-1,423	8	9690
43.3046875	0.0	behav,3,-1,444	9	11086
48.69921875	0.0	behav,3,-1,465	10	12467
54.09765625	0.0	behav,3,-1,486	11	13849
59.51953125	0.0	behav,3,-1,507	12	15237
64.90234375	0.0	behav,3,-1,528	13	16615
70.1875	0.0	behav,3,-1,549	14	17968
75.56640625	0.0	behav,3,-1,570	15	19345
80.921875	0.0	behav,3,-1,591	16	20716
86.34375	0.0	behav,3,-1,612	17	22104
91.69921875	0.0	behav,3,-1,633	18	23475
97.12109375	0.0	behav,3,-1,654	19	24863
102.47265625	0.0	behav,3,-1,675	20	26233
107.83203125	0.0	behav,3,-1,696	21	27605
113.296875	0.0	behav,3,-1,717	22	29004
118.7890625	0.0	behav,3,-1,738	23	30410
124.16796875	0.0	behav,3,-1,759	24	31787
129.51953125	0.0	behav,3,-1,780	25	33157
134.90234375	0.0	behav,3,-1,801	26	34535
140.18359375	0.0	behav,3,-1,822	27	35887
145.58984375	0.0	behav,3,-1,843	28	37271
151.03515625	0.0	behav,3,-1,864	29	38665
156.4140625	0.0	behav,3,-1,885	30	40042
161.90234375	0.0	behav,3,-1,906	31	41447
167.28125	0.0	behav,3,-1,927	32	42824
172.58984375	0.0	behav,3,-1,948	33	44183
177.9453125	0.0	behav,3,-1,969	34	45554
183.32421875	0.0	behav,3,-1,990	35	46931
188.7421875	0.0	behav,3,-1,1011	36	48318
194.2109375	0.0	behav,3,-1,1032	37	49718
199.5859375	0.0	behav,3,-1,1053	38	51094
204.91796875	0.0	behav,3,-1,1074	39	52459
210.25	0.0	behav,3,-1,1095	40	53824
215.62890625	0.0	behav,3,-1,1116	41	55201
221.07421875	0.0	behav,3,-1,1137	42	56595
226.49609375	0.0	behav,3,-1,1158	43	57983
231.87890625	0.0	behav,3,-1,103	44	59361
237.296875	0.0	behav,3,-1,124	45	60748
242.6328125	0.0	behav,3,-1,145	46	62114
245.95703125	0.0	oddball,16747,-1,160	47	62965
248.078125	0.0	behav,2,-1,166	48	63508
253.47265625	0.0	behav,3,-1,187	49	64889
254.03515625	0.0	oddball,16746,-1,189	50	65033
258.765625	0.0	behav,2,-1,208	51	66244
262.7578125	0.0	oddball,16745,-1,226	52	67266
264.1640625	0.0	behav,2,-1,229	53	67626
269.5859375	0.0	behav,3,-1,250	54	69014
275.02734375	0.0	behav,3,-1,271	55	70407
276.234375	0.0	oddball,16745,-1,276	56	70716
280.36328125	0.0	behav,2,-1,292	57	71773
286.01171875	0.0	behav,3,-1,313	58	73219
291.390625	0.0	behav,3,-1,334	59	74596
297.0390625	0.0	behav,3,-1,355	60	76042
