onset	duration	trial_type	value	sample
6.06640625	0.0	behav,3,-1,21	1	1553
11.296875	0.0	behav,3,-1,42	2	2892
16.5234375	0.0	behav,3,-1,63	3	4230
21.6875	0.0	behav,3,-1,84	4	5552
23.64453125	0.0	oddball,16746,-1,93	5	6053
26.9296875	0.0	behav,0,-1,381	6	6894
32.26171875	0.0	behav,3,-1,402	7	8259
37.49609375	0.0	behav,3,-1,423	8	9599
42.6953125	0.0	behav,3,-1,444	9	10930
47.87890625	0.0	behav,3,-1,465	10	12257
53.15234375	0.0	behav,3,-1,486	11	13607
58.3125	0.0	behav,3,-1,507	12	14928
63.65625	0.0	behav,3,-1,528	13	16296
68.890625	0.0	behav,3,-1,549	14	17636
74.07421875	0.0	behav,3,-1,570	15	18963
79.484375	0.0	behav,3,-1,591	16	20348
84.8203125	0.0	behav,3,-1,612	17	21714
90.01953125	0.0	behav,3,-1,633	18	23045
95.921875	0.0	behav,3,-1,654	19	24556
98.65625	0.0	oddball,16740,-1,667	20	25256
101.08203125	0.0	behav,0,-1,675	21	25877
106.6171875	0.0	behav,3,-1,696	22	27294
109.59375	0.0	oddball,16745,-1,710	23	28056
111.953125	0.0	behav,0,-1,717	24	28660
117.1484375	0.0	behav,3,-1,738	25	29990
122.578125	0.0	behav,3,-1,759	26	31380
127.859375	0.0	behav,3,-1,780	27	32732
128.8125	0.0	oddball,16746,-1,784	28	32976
133.1796875	0.0	behav,0,-1,801	29	34094
138.515625	0.0	behav,3,-1,822	30	35460
143.98828125	0.0	behav,3,-1,843	31	36861
150.19921875	0.0	behav,3,-1,864	32	38451
155.609375	0.0	behav,3,-1,885	33	39836
160.796875	0.0	behav,3,-1,906	34	41164
166.15625	0.0	behav,3,-1,927	35	42536
171.4296875	0.0	behav,3,-1,948	36	43886
172.171875	0.0	oddball,16740,-1,951	37	44076
176.63671875	0.0	behav,0,-1,969	38	45219
177.59375	0.0	oddball,16741,-1,973	39	45464
182.0390625	0.0	behav,0,-1,990	40	46602
187.4375	0.0	behav,3,-1,1011	41	47984
192.6875	0.0	behav,3,-1,1032	42	49328
198.109375	0.0	behav,3,-1,1053	43	50716
203.359375	0.0	behav,3,-1,1074	44	52060
209.91015625	0.0	behav,3,-1,1095	45	53737
215.2578125	0.0	behav,3,-1,1116	46	55106
221.0625	0.0	behav,3,-1,1137	47	56592
226.23046875	0.0	behav,3,-1,1158	48	57915
231.4375	0.0	behav,3,-1,103	49	59248
237.23828125	0.0	behav,3,-1,124	50	60733
242.65625	0.0	behav,3,-1,145	51	62120
247.86328125	0.0	behav,3,-1,166	52	63453
253.2421875	0.0	behav,3,-1,187	53	64830
258.51953125	0.0	behav,3,-1,208	54	66181
263.76171875	0.0	behav,3,-1,229	55	67523
269.10546875	0.0	behav,3,-1,250	56	68891
274.41015625	0.0	behav,3,-1,271	57	70249
279.703125	0.0	behav,3,-1,292	58	71604
284.96875	0.0	behav,3,-1,313	59	72952
290.19921875	0.0	behav,3,-1,334	60	74291
295.390625	0.0	behav,3,-1,355	61	75620
300.74609375	0.0	behav,3,-1,376	62	76991
