onset	duration	trial_type	value	sample
5.984375	0.0	behav,3,-1,21	1	1532
9.34375	0.0	oddball,16746,-1,37	2	2392
11.37109375	0.0	behav,0,-1,42	3	2911
16.8125	0.0	behav,3,-1,63	4	4304
22.16015625	0.0	behav,3,-1,84	5	5673
27.5703125	0.0	behav,3,-1,381	6	7058
32.96484375	0.0	behav,3,-1,402	7	8439
35.328125	0.0	oddball,16745,-1,413	8	9044
38.36328125	0.0	behav,0,-1,423	9	9821
43.890625	0.0	behav,3,-1,444	10	11236
49.2890625	0.0	behav,3,-1,465	11	12618
54.71875	0.0	behav,3,-1,486	12	14008
60.25390625	0.0	behav,3,-1,507	13	15425
61.21875	0.0	oddball,16748,-1,511	14	15672
65.6640625	0.0	behav,0,-1,528	15	16810
71.6875	0.0	behav,3,-1,549	16	18352
77.08984375	0.0	behav,3,-1,570	17	19735
82.77734375	0.0	behav,3,-1,591	18	21191
88.1796875	0.0	behav,3,-1,612	19	22574
93.578125	0.0	behav,3,-1,633	20	23956
98.875	0.0	behav,3,-1,654	21	25312
104.25	0.0	behav,3,-1,675	22	26688
109.87109375	0.0	behav,3,-1,696	23	28127
115.2578125	0.0	behav,3,-1,717	24	29506
120.69921875	0.0	behav,3,-1,738	25	30899
126.109375	0.0	behav,3,-1,759	26	32284
131.53125	0.0	behav,3,-1,780	27	33672
137.04296875	0.0	behav,3,-1,801	28	35083
142.41796875	0.0	behav,3,-1,822	29	36459
147.96875	0.0	behav,3,-1,843	30	37880
153.3671875	0.0	behav,3,-1,864	31	39262
158.7578125	0.0	behav,3,-1,885	32	40642
164.1875	0.0	behav,3,-1,906	33	42032
169.90625	0.0	behav,3,-1,927	34	43496
175.33203125	0.0	behav,3,-1,948	35	44885
180.73828125	0.0	behav,3,-1,969	36	46269
185.98828125	0.0	behav,3,-1,990	37	47613
188.359375	0.0	oddball,16748,-1,1001	38	48220
191.37890625	0.0	behav,0,-1,1011	39	48993
196.83984375	0.0	behav,3,-1,1032	40	50391
202.21875	0.0	behav,3,-1,1053	41	51768
207.6640625	0.0	behav,3,-1,1074	42	53162
213.03125	0.0	behav,3,-1,1095	43	54536
215.40625	0.0	oddball,16740,-1,1106	44	55144
218.73828125	0.0	behav,0,-1,1116	45	55997
224.41796875	0.0	behav,3,-1,1137	46	57451
229.78125	0.0	behav,3,-1,1158	47	58824
235.16015625	0.0	behav,3,-1,103	48	60201
240.63671875	0.0	behav,3,-1,124	49	61603
245.9921875	0.0	behav,3,-1,145	50	62974
251.44921875	0.0	behav,3,-1,166	51	64371
256.88671875	0.0	behav,3,-1,187	52	65763
262.30078125	0.0	behav,3,-1,208	53	67149
267.8125	0.0	behav,3,-1,229	54	68560
273.19140625	0.0	behav,3,-1,250	55	69937
278.62109375	0.0	behav,3,-1,271	56	71327
281.1875	0.0	oddball,16747,-1,283	57	71984
284.046875	0.0	behav,0,-1,292	58	72716
289.46875	0.0	behav,3,-1,313	59	74104
294.87109375	0.0	behav,3,-1,334	60	75487
300.2890625	0.0	behav,3,-1,355	61	76874
305.8046875	0.0	behav,3,-1,376	62	78286
