onset	duration	trial_type	value	sample
6.0390625	0.0	behav,3,-1,21	1	1546
11.44140625	0.0	behav,3,-1,42	2	2929
16.87890625	0.0	behav,3,-1,63	3	4321
22.26171875	0.0	behav,3,-1,84	4	5699
27.65625	0.0	behav,3,-1,381	5	7080
33.03515625	0.0	behav,3,-1,402	6	8457
38.71875	0.0	behav,3,-1,423	7	9912
44.109375	0.0	behav,3,-1,444	8	11292
49.5	0.0	behav,3,-1,465	9	12672
51.65234375	0.0	oddball,16744,-1,475	10	13223
54.9296875	0.0	behav,0,-1,486	11	14062
60.34375	0.0	behav,3,-1,507	12	15448
65.75	0.0	behav,3,-1,528	13	16832
71.15625	0.0	behav,3,-1,549	14	18216
71.73046875	0.0	oddball,16741,-1,551	15	18363
76.55078125	0.0	behav,0,-1,570	16	19597
81.9375	0.0	behav,3,-1,591	17	20976
87.30859375	0.0	behav,3,-1,612	18	22351
92.67578125	0.0	behav,3,-1,633	19	23725
98.03125	0.0	behav,3,-1,654	20	25096
103.4296875	0.0	behav,3,-1,675	21	26478
108.859375	0.0	behav,3,-1,696	22	27868
114.2890625	0.0	behav,3,-1,717	23	29258
119.68359375	0.0	behav,3,-1,738	24	30639
125.09375	0.0	behav,3,-1,759	25	32024
130.58203125	0.0	behav,3,-1,780	26	33429
136.09765625	0.0	behav,3,-1,801	27	34841
139.8515625	0.0	oddball,16743,-1,819	28	35802
141.4921875	0.0	behav,0,-1,822	29	36222
146.8984375	0.0	behav,3,-1,843	30	37606
152.38671875	0.0	behav,3,-1,864	31	39011
157.796875	0.0	behav,3,-1,885	32	40396
163.2421875	0.0	behav,3,-1,906	33	41790
168.67578125	0.0	behav,3,-1,927	34	43181
174.0625	0.0	behav,3,-1,948	35	44560
179.4765625	0.0	behav,3,-1,969	36	45946
185.0625	0.0	behav,3,-1,990	37	47376
190.44921875	0.0	behav,3,-1,1011	38	48755
195.8671875	0.0	behav,3,-1,1032	39	50142
201.55859375	0.0	behav,3,-1,1053	40	51599
206.9765625	0.0	behav,3,-1,1074	41	52986
212.33203125	0.0	behav,3,-1,1095	42	54357
217.7578125	0.0	behav,3,-1,1116	43	55746
223.1796875	0.0	behav,3,-1,1137	44	57134
228.85546875	0.0	behav,3,-1,1158	45	58587
234.54296875	0.0	behav,3,-1,103	46	60043
240.0390625	0.0	behav,3,-1,124	47	61450
245.66796875	0.0	behav,3,-1,145	48	62891
251.01953125	0.0	behav,3,-1,166	49	64261
256.5	0.0	behav,3,-1,187	50	65664
261.9453125	0.0	behav,3,-1,208	51	67058
265.91796875	0.0	oddball,16747,-1,227	52	68075
267.35546875	0.0	behav,0,-1,229	53	68443
272.625	0.0	behav,3,-1,250	54	69792
277.796875	0.0	behav,3,-1,271	55	71116
281.5703125	0.0	oddball,16745,-1,289	56	72082
283.31640625	0.0	behav,0,-1,292	57	72529
288.6875	0.0	behav,3,-1,313	58	73904
294.0703125	0.0	behav,3,-1,334	59	75282
296.02734375	0.0	oddball,16747,-1,343	60	75783
299.4609375	0.0	behav,0,-1,355	61	76662
305.1875	0.0	behav,3,-1,376	62	78128
