onset	duration	trial_type	value	sample
1.55078125	0.0	oddball,16745,-1,4	1	397
6.0078125	0.0	behav,0,-1,21	2	1538
11.7421875	0.0	behav,3,-1,42	3	3006
16.92578125	0.0	behav,3,-1,63	4	4333
22.0859375	0.0	behav,3,-1,84	5	5654
27.3515625	0.0	behav,3,-1,381	6	7002
30.50390625	0.0	oddball,16748,-1,396	7	7809
32.625	0.0	behav,0,-1,402	8	8352
37.9453125	0.0	behav,3,-1,423	9	9714
43.15625	0.0	behav,3,-1,444	10	11048
46.91015625	0.0	oddball,16742,-1,462	11	12009
48.41796875	0.0	behav,0,-1,465	12	12395
53.6015625	0.0	behav,3,-1,486	13	13722
58.875	0.0	behav,3,-1,507	14	15072
64.14453125	0.0	behav,3,-1,528	15	16421
69.328125	0.0	behav,3,-1,549	16	17748
74.53125	0.0	behav,3,-1,570	17	19080
77.30078125	0.0	oddball,16748,-1,583	18	19789
80.09375	0.0	behav,0,-1,591	19	20504
85.27734375	0.0	behav,3,-1,612	20	21831
90.51953125	0.0	behav,3,-1,633	21	23173
95.72265625	0.0	behav,3,-1,654	22	24505
101.109375	0.0	behav,3,-1,675	23	25884
106.3671875	0.0	behav,3,-1,696	24	27230
111.74609375	0.0	behav,3,-1,717	25	28607
116.9765625	0.0	behav,3,-1,738	26	29946
122.1875	0.0	behav,3,-1,759	27	31280
127.43359375	0.0	behav,3,-1,780	28	32623
132.61328125	0.0	behav,3,-1,801	29	33949
137.9375	0.0	behav,3,-1,822	30	35312
143.75	0.0	behav,3,-1,843	31	36800
148.984375	0.0	behav,3,-1,864	32	38140
154.1171875	0.0	behav,3,-1,885	33	39454
159.4609375	0.0	behav,3,-1,906	34	40822
164.7890625	0.0	behav,3,-1,927	35	42186
169.984375	0.0	behav,3,-1,948	36	43516
175.1328125	0.0	behav,3,-1,969	37	44834
180.5234375	0.0	behav,3,-1,990	38	46214
185.90625	0.0	behav,3,-1,1011	39	47592
191.05859375	0.0	behav,3,-1,1032	40	48911
196.22265625	0.0	behav,3,-1,1053	41	50233
201.5078125	0.0	behav,3,-1,1074	42	51586
206.703125	0.0	behav,3,-1,1095	43	52916
211.99609375	0.0	behav,3,-1,1116	44	54271
217.296875	0.0	behav,3,-1,1137	45	55628
217.81640625	0.0	oddball,16748,-1,1139	46	55761
222.87890625	0.0	behav,0,-1,1158	47	57057
228.1875	0.0	behav,3,-1,103	48	58416
233.69140625	0.0	behav,3,-1,124	49	59825
239.015625	0.0	behav,3,-1,145	50	61188
244.46875	0.0	behav,3,-1,166	51	62584
249.859375	0.0	behav,3,-1,187	52	63964
255.15234375	0.0	behav,3,-1,208	53	65319
260.33984375	0.0	behav,3,-1,229	54	66647
261.69140625	0.0	oddball,16742,-1,235	55	66993
265.60546875	0.0	behav,0,-1,250	56	67995
270.796875	0.0	behav,3,-1,271	57	69324
276.02734375	0.0	behav,3,-1,292	58	70663
281.4453125	0.0	behav,3,-1,313	59	72050
286.71875	0.0	behav,3,-1,334	60	73400
291.921875	0.0	behav,3,-1,355	61	74732
297.140625	0.0	behav,3,-1,376	62	76068
