onset	duration	trial_type	value	sample
6.01953125	0.0	behav,3,-1,21	1	1541
11.1796875	0.0	behav,3,-1,42	2	2862
16.78125	0.0	behav,3,-1,63	3	4296
22.15625	0.0	behav,3,-1,84	4	5672
27.55859375	0.0	behav,3,-1,381	5	7055
32.9375	0.0	behav,3,-1,402	6	8432
38.21875	0.0	behav,3,-1,423	7	9784
43.62109375	0.0	behav,3,-1,444	8	11167
48.875	0.0	behav,3,-1,465	9	12512
54.25390625	0.0	behav,3,-1,486	10	13889
55.0	0.0	oddball,16748,-1,489	11	14080
59.66796875	0.0	behav,0,-1,507	12	15275
65.0546875	0.0	behav,3,-1,528	13	16654
70.4140625	0.0	behav,3,-1,549	14	18026
75.671875	0.0	behav,3,-1,570	15	19372
81.03125	0.0	behav,3,-1,591	16	20744
86.53125	0.0	behav,3,-1,612	17	22152
91.90234375	0.0	behav,3,-1,633	18	23527
97.33203125	0.0	behav,3,-1,654	19	24917
102.7109375	0.0	behav,3,-1,675	20	26294
108.15234375	0.0	behav,3,-1,696	21	27687
108.703125	0.0	oddball,16742,-1,698	22	27828
113.62109375	0.0	behav,0,-1,717	23	29087
119.20703125	0.0	behav,3,-1,738	24	30517
124.6796875	0.0	behav,3,-1,759	25	31918
130.06640625	0.0	behav,3,-1,780	26	33297
132.640625	0.0	oddball,16742,-1,792	27	33956
135.49609375	0.0	behav,0,-1,801	28	34687
141.1484375	0.0	behav,3,-1,822	29	36134
146.40625	0.0	behav,3,-1,843	30	37480
151.71875	0.0	behav,3,-1,864	31	38840
157.265625	0.0	behav,3,-1,885	32	40260
163.0	0.0	behav,3,-1,906	33	41728
168.5546875	0.0	behav,3,-1,927	34	43150
171.921875	0.0	oddball,16746,-1,943	35	44012
173.77734375	0.0	behav,0,-1,948	36	44487
179.1796875	0.0	behav,3,-1,969	37	45870
184.5703125	0.0	behav,3,-1,990	38	47250
189.9296875	0.0	behav,3,-1,1011	39	48622
195.296875	0.0	behav,3,-1,1032	40	49996
200.6953125	0.0	behav,2,-1,1053	41	51378
205.9765625	0.0	behav,3,-1,1074	42	52730
211.5859375	0.0	behav,3,-1,1095	43	54166
217.0	0.0	behav,3,-1,1116	44	55552
222.296875	0.0	behav,3,-1,1137	45	56908
227.75390625	0.0	behav,3,-1,1158	46	58305
233.15625	0.0	behav,3,-1,103	47	59688
238.62890625	0.0	behav,3,-1,124	48	61089
239.59375	0.0	oddball,16748,-1,128	49	61336
243.98046875	0.0	behav,0,-1,145	50	62459
249.29296875	0.0	behav,3,-1,166	51	63819
252.46484375	0.0	oddball,16743,-1,181	52	64631
254.625	0.0	behav,0,-1,187	53	65184
260.71484375	0.0	behav,3,-1,208	54	66743
265.953125	0.0	behav,3,-1,229	55	68084
271.30859375	0.0	behav,3,-1,250	56	69455
276.8359375	0.0	behav,3,-1,271	57	70870
282.1640625	0.0	behav,3,-1,292	58	72234
287.4921875	0.0	behav,3,-1,313	59	73598
292.8359375	0.0	behav,3,-1,334	60	74966
298.24609375	0.0	behav,3,-1,355	61	76351
303.703125	0.0	behav,3,-1,376	62	77748
