onset	duration	trial_type	value	sample
5.37890625	0.0	behav,3,-1,21	1	1377
5.9296875	0.0	oddball,16740,-1,23	2	1518
10.53125	0.0	behav,0,-1,42	3	2696
15.68359375	0.0	behav,3,-1,63	4	4015
20.8125	0.0	behav,3,-1,84	5	5328
26.0078125	0.0	behav,3,-1,381	6	6658
31.16015625	0.0	behav,3,-1,402	7	7977
36.26953125	0.0	behav,3,-1,423	8	9285
41.53515625	0.0	behav,3,-1,444	9	10633
42.1015625	0.0	oddball,16746,-1,446	10	10778
46.7109375	0.0	behav,0,-1,465	11	11958
51.8359375	0.0	behav,3,-1,486	12	13270
57.01171875	0.0	behav,3,-1,507	13	14595
62.4140625	0.0	behav,3,-1,528	14	15978
67.58984375	0.0	behav,3,-1,549	15	17303
72.80859375	0.0	behav,3,-1,570	16	18639
73.1484375	0.0	oddball,16743,-1,571	17	18726
78.0078125	0.0	behav,0,-1,591	18	19970
83.203125	0.0	behav,3,-1,612	19	21300
88.375	0.0	behav,3,-1,633	20	22624
93.77734375	0.0	behav,3,-1,654	21	24007
98.90625	0.0	behav,3,-1,675	22	25320
104.0390625	0.0	behav,3,-1,696	23	26634
109.21484375	0.0	behav,3,-1,717	24	27959
114.61328125	0.0	behav,3,-1,738	25	29341
119.8359375	0.0	behav,3,-1,759	26	30678
125.00390625	0.0	behav,3,-1,780	27	32001
130.16015625	0.0	behav,3,-1,801	28	33321
135.2890625	0.0	behav,3,-1,822	29	34634
140.48828125	0.0	behav,3,-1,843	30	35965
145.84375	0.0	behav,3,-1,864	31	37336
151.22265625	0.0	behav,3,-1,885	32	38713
152.7734375	0.0	oddball,16748,-1,892	33	39110
156.34765625	0.0	behav,0,-1,906	34	40025
161.703125	0.0	behav,3,-1,927	35	41396
162.2578125	0.0	oddball,16742,-1,929	36	41538
166.80859375	0.0	behav,0,-1,948	37	42703
172.0078125	0.0	behav,3,-1,969	38	44034
177.20703125	0.0	behav,3,-1,990	39	45365
182.3828125	0.0	behav,3,-1,1011	40	46690
187.58203125	0.0	behav,3,-1,1032	41	48021
192.70703125	0.0	behav,3,-1,1053	42	49333
197.90625	0.0	behav,3,-1,1074	43	50664
203.1015625	0.0	behav,3,-1,1095	44	51994
208.25390625	0.0	behav,3,-1,1116	45	53313
213.38671875	0.0	behav,3,-1,1137	46	54627
218.62890625	0.0	behav,3,-1,1158	47	55969
223.91796875	0.0	behav,3,-1,103	48	57323
229.24609375	0.0	behav,3,-1,124	49	58687
234.625	0.0	behav,3,-1,145	50	60064
239.8671875	0.0	behav,3,-1,166	51	61406
245.109375	0.0	behav,3,-1,187	52	62748
250.2421875	0.0	behav,3,-1,208	53	64062
255.39453125	0.0	behav,3,-1,229	54	65381
260.56640625	0.0	behav,3,-1,250	55	66705
266.01171875	0.0	behav,3,-1,271	56	68099
271.34375	0.0	behav,3,-1,292	57	69464
276.65234375	0.0	behav,3,-1,313	58	70823
281.8515625	0.0	behav,3,-1,334	59	72154
282.3984375	0.0	oddball,16748,-1,336	60	72294
287.05078125	0.0	behav,1,-1,355	61	73485
