onset	duration	trial_type	value	sample
5.3125	0.0	behav,3,-1,21	1	1360
10.44140625	0.0	behav,3,-1,42	2	2673
15.59375	0.0	behav,3,-1,63	3	3992
20.7890625	0.0	behav,3,-1,84	4	5322
25.96484375	0.0	behav,3,-1,381	5	6647
31.140625	0.0	behav,3,-1,402	6	7972
36.31640625	0.0	behav,3,-1,423	7	9297
41.55859375	0.0	behav,3,-1,444	8	10639
46.7578125	0.0	behav,3,-1,465	9	11970
47.91796875	0.0	oddball,16742,-1,470	10	12267
52.21875	0.0	behav,0,-1,486	11	13368
57.5078125	0.0	behav,3,-1,507	12	14722
62.70703125	0.0	behav,3,-1,528	13	16053
68.12890625	0.0	behav,3,-1,549	14	17441
73.328125	0.0	behav,3,-1,570	15	18772
78.5234375	0.0	behav,3,-1,591	16	20102
83.74609375	0.0	behav,3,-1,612	17	21439
88.9375	0.0	behav,3,-1,633	18	22768
94.11328125	0.0	behav,3,-1,654	19	24093
99.2890625	0.0	behav,3,-1,675	20	25418
104.48828125	0.0	behav,3,-1,696	21	26749
109.84375	0.0	behav,3,-1,717	22	28120
115.04296875	0.0	behav,3,-1,738	23	29451
120.23828125	0.0	behav,3,-1,759	24	30781
125.390625	0.0	behav,3,-1,780	25	32100
130.5859375	0.0	behav,3,-1,801	26	33430
135.73828125	0.0	behav,3,-1,822	27	34749
140.87109375	0.0	behav,3,-1,843	28	36063
146.13671875	0.0	behav,3,-1,864	29	37411
146.69921875	0.0	oddball,16743,-1,866	30	37555
151.2890625	0.0	behav,0,-1,885	31	38730
156.484375	0.0	behav,3,-1,906	32	40060
161.79296875	0.0	behav,3,-1,927	33	41419
166.9921875	0.0	behav,3,-1,948	34	42750
172.37109375	0.0	behav,3,-1,969	35	44127
177.56640625	0.0	behav,3,-1,990	36	45457
182.7890625	0.0	behav,3,-1,1011	37	46794
188.1640625	0.0	behav,3,-1,1032	38	48170
193.515625	0.0	behav,3,-1,1053	39	49540
198.73828125	0.0	behav,3,-1,1074	40	50877
203.9375	0.0	behav,3,-1,1095	41	52208
209.1328125	0.0	behav,3,-1,1116	42	53538
214.33203125	0.0	behav,3,-1,1137	43	54869
218.07421875	0.0	oddball,16746,-1,1155	44	55827
219.4609375	0.0	behav,0,-1,1158	45	56182
224.6796875	0.0	behav,3,-1,103	46	57518
227.62109375	0.0	oddball,16747,-1,117	47	58271
229.87890625	0.0	behav,0,-1,124	48	58849
234.984375	0.0	behav,3,-1,145	49	60156
240.18359375	0.0	behav,3,-1,166	50	61487
245.359375	0.0	behav,3,-1,187	51	62812
250.53515625	0.0	behav,3,-1,208	52	64137
255.84375	0.0	behav,3,-1,229	53	65496
261.015625	0.0	behav,3,-1,250	54	66820
266.2578125	0.0	behav,3,-1,271	55	68162
271.390625	0.0	behav,3,-1,292	56	69476
276.6328125	0.0	behav,3,-1,313	57	70818
280.79296875	0.0	oddball,16743,-1,333	58	71883
281.78515625	0.0	behav,0,-1,334	59	72137
285.94921875	0.0	oddball,16748,-1,354	60	73203
286.9609375	0.0	behav,0,-1,355	61	73462
