onset	duration	trial_type	value	sample
5.45703125	0.0	behav,3,-1,21	1	1397
8.01953125	0.0	oddball,16743,-1,33	2	2053
10.90234375	0.0	behav,0,-1,42	3	2791
16.19140625	0.0	behav,3,-1,63	4	4145
21.5	0.0	behav,3,-1,84	5	5504
26.78515625	0.0	behav,3,-1,381	6	6857
32.03125	0.0	behav,3,-1,402	7	8200
37.18359375	0.0	behav,3,-1,423	8	9519
38.94140625	0.0	oddball,16742,-1,431	9	9969
42.40234375	0.0	behav,0,-1,444	10	10855
47.64453125	0.0	behav,3,-1,465	11	12197
52.83984375	0.0	behav,3,-1,486	12	13527
58.0390625	0.0	behav,3,-1,507	13	14858
63.234375	0.0	behav,3,-1,528	14	16188
68.43359375	0.0	behav,3,-1,549	15	17519
73.6328125	0.0	behav,3,-1,570	16	18850
78.875	0.0	behav,3,-1,591	17	20192
84.140625	0.0	behav,3,-1,612	18	21540
89.265625	0.0	behav,3,-1,633	19	22852
94.3984375	0.0	behav,3,-1,654	20	24166
99.57421875	0.0	behav,3,-1,675	21	25491
104.7265625	0.0	behav,3,-1,696	22	26810
109.90234375	0.0	behav,3,-1,717	23	28135
115.12109375	0.0	behav,3,-1,738	24	29471
120.2734375	0.0	behav,3,-1,759	25	30790
125.4453125	0.0	behav,3,-1,780	26	32114
130.62109375	0.0	behav,3,-1,801	27	33439
135.86328125	0.0	behav,3,-1,822	28	34781
141.0390625	0.0	behav,3,-1,843	29	36106
146.21484375	0.0	behav,3,-1,864	30	37431
151.390625	0.0	behav,3,-1,885	31	38756
156.62890625	0.0	behav,3,-1,906	32	40097
161.828125	0.0	behav,3,-1,927	33	41428
167.0703125	0.0	behav,3,-1,948	34	42770
172.203125	0.0	behav,3,-1,969	35	44084
177.35546875	0.0	behav,3,-1,990	36	45403
182.46484375	0.0	behav,3,-1,1011	37	46711
187.5703125	0.0	behav,3,-1,1032	38	48018
193.125	0.0	behav,3,-1,1053	39	49440
198.32421875	0.0	behav,3,-1,1074	40	50771
201.875	0.0	oddball,16748,-1,1091	41	51680
203.609375	0.0	behav,0,-1,1095	42	52124
207.36328125	0.0	oddball,16744,-1,1113	43	53085
208.9453125	0.0	behav,0,-1,1116	44	53490
211.09765625	0.0	oddball,16742,-1,1126	45	54041
214.2109375	0.0	behav,0,-1,1137	46	54838
219.453125	0.0	behav,3,-1,1158	47	56180
224.625	0.0	behav,3,-1,103	48	57504
229.80078125	0.0	behav,3,-1,124	49	58829
232.5625	0.0	oddball,16740,-1,137	50	59536
234.953125	0.0	behav,0,-1,145	51	60148
240.1484375	0.0	behav,3,-1,166	52	61478
245.4140625	0.0	behav,3,-1,187	53	62826
250.61328125	0.0	behav,3,-1,208	54	64157
255.85546875	0.0	behav,3,-1,229	55	65499
261.02734375	0.0	behav,3,-1,250	56	66823
266.2265625	0.0	behav,3,-1,271	57	68154
271.42578125	0.0	behav,3,-1,292	58	69485
276.6015625	0.0	behav,3,-1,313	59	70810
281.84375	0.0	behav,3,-1,334	60	72152
287.0859375	0.0	behav,3,-1,355	61	73494
