onset	duration	trial_type	value	sample
5.31640625	0.0	behav,3,-1,21	1	1361
10.71875	0.0	behav,3,-1,42	2	2744
15.89453125	0.0	behav,3,-1,63	3	4069
21.04296875	0.0	behav,3,-1,84	4	5387
26.17578125	0.0	behav,3,-1,381	5	6701
31.28125	0.0	behav,3,-1,402	6	8008
36.4140625	0.0	behav,3,-1,423	7	9322
38.96484375	0.0	oddball,16742,-1,435	8	9975
41.54296875	0.0	behav,0,-1,444	9	10635
43.6875	0.0	oddball,16743,-1,454	10	11184
46.6953125	0.0	behav,0,-1,465	11	11954
51.8671875	0.0	behav,3,-1,486	12	13278
57.109375	0.0	behav,3,-1,507	13	14620
62.30859375	0.0	behav,3,-1,528	14	15951
67.484375	0.0	behav,3,-1,549	15	17276
72.66015625	0.0	behav,3,-1,570	16	18601
77.85546875	0.0	behav,3,-1,591	17	19931
83.01171875	0.0	behav,3,-1,612	18	21251
88.4296875	0.0	behav,3,-1,633	19	22638
93.58203125	0.0	behav,3,-1,654	20	23957
98.7578125	0.0	behav,3,-1,675	21	25282
103.91015625	0.0	behav,3,-1,696	22	26601
109.19921875	0.0	behav,3,-1,717	23	27955
114.3515625	0.0	behav,3,-1,738	24	29274
119.7734375	0.0	behav,3,-1,759	25	30662
120.91796875	0.0	oddball,16743,-1,764	26	30955
124.92578125	0.0	behav,0,-1,780	27	31981
130.12109375	0.0	behav,3,-1,801	28	33311
135.58984375	0.0	behav,3,-1,822	29	34711
138.32421875	0.0	oddball,16748,-1,835	30	35411
140.96875	0.0	behav,0,-1,843	31	36088
146.1875	0.0	behav,3,-1,864	32	37424
151.33984375	0.0	behav,3,-1,885	33	38743
156.4921875	0.0	behav,3,-1,906	34	40062
161.7109375	0.0	behav,3,-1,927	35	41398
166.91015625	0.0	behav,3,-1,948	36	42729
172.1953125	0.0	behav,3,-1,969	37	44082
177.39453125	0.0	behav,3,-1,990	38	45413
182.59375	0.0	behav,3,-1,1011	39	46744
187.76953125	0.0	behav,3,-1,1032	40	48069
193.0078125	0.0	behav,3,-1,1053	41	49410
198.25	0.0	behav,3,-1,1074	42	50752
203.44921875	0.0	behav,3,-1,1095	43	52083
208.66796875	0.0	behav,3,-1,1116	44	53419
213.8203125	0.0	behav,3,-1,1137	45	54738
218.953125	0.0	behav,3,-1,1158	46	56052
224.14453125	0.0	behav,3,-1,103	47	57381
224.49609375	0.0	oddball,16748,-1,104	48	57471
229.3203125	0.0	behav,0,-1,124	49	58706
234.453125	0.0	behav,3,-1,145	50	60020
239.62890625	0.0	behav,3,-1,166	51	61345
244.78125	0.0	behav,3,-1,187	52	62664
250.13671875	0.0	behav,3,-1,208	53	64035
255.265625	0.0	behav,3,-1,229	54	65348
260.640625	0.0	behav,3,-1,250	55	66724
266.01953125	0.0	behav,3,-1,271	56	68101
266.57421875	0.0	oddball,16745,-1,273	57	68243
271.23828125	0.0	behav,0,-1,292	58	69437
276.52734375	0.0	behav,3,-1,313	59	70791
281.703125	0.0	behav,3,-1,334	60	72116
286.9921875	0.0	behav,3,-1,355	61	73470
