onset	duration	trial_type	value	sample
5.546875	0.0	behav,3,-1,21	1	1420
10.69921875	0.0	behav,3,-1,42	2	2739
15.83203125	0.0	behav,3,-1,63	3	4053
21.18359375	0.0	behav,3,-1,84	4	5423
26.3125	0.0	behav,3,-1,381	5	6736
31.734375	0.0	behav,3,-1,402	6	8124
37.16015625	0.0	behav,3,-1,423	7	9513
42.4453125	0.0	behav,3,-1,444	8	10866
47.890625	0.0	behav,3,-1,465	9	12260
53.0625	0.0	behav,3,-1,486	10	13584
58.1953125	0.0	behav,3,-1,507	11	14898
61.55078125	0.0	oddball,16740,-1,523	12	15757
63.390625	0.0	behav,0,-1,528	13	16228
68.54296875	0.0	behav,3,-1,549	14	17547
73.72265625	0.0	behav,3,-1,570	15	18873
78.96484375	0.0	behav,3,-1,591	16	20215
84.18359375	0.0	behav,3,-1,612	17	21551
89.4453125	0.0	behav,3,-1,633	18	22898
92.41015625	0.0	oddball,16746,-1,647	19	23657
94.64453125	0.0	behav,0,-1,654	20	24229
99.796875	0.0	behav,3,-1,675	21	25548
104.99609375	0.0	behav,3,-1,696	22	26879
105.73828125	0.0	oddball,16746,-1,699	23	27069
110.171875	0.0	behav,0,-1,717	24	28204
115.43359375	0.0	behav,3,-1,738	25	29551
120.69921875	0.0	behav,3,-1,759	26	30899
125.984375	0.0	behav,3,-1,780	27	32252
131.2265625	0.0	behav,3,-1,801	28	33594
136.515625	0.0	behav,3,-1,822	29	34948
141.78125	0.0	behav,3,-1,843	30	36296
147.0234375	0.0	behav,3,-1,864	31	37638
152.24609375	0.0	behav,3,-1,885	32	38975
157.39453125	0.0	behav,3,-1,906	33	40293
162.63671875	0.0	behav,3,-1,927	34	41635
167.8125	0.0	behav,3,-1,948	35	42960
168.16015625	0.0	oddball,16743,-1,949	36	43049
173.01171875	0.0	behav,0,-1,969	37	44291
178.1875	0.0	behav,3,-1,990	38	45616
181.9296875	0.0	oddball,16741,-1,1008	39	46574
183.33984375	0.0	behav,0,-1,1011	40	46935
188.53515625	0.0	behav,3,-1,1032	41	48265
193.84375	0.0	behav,3,-1,1053	42	49624
198.953125	0.0	behav,3,-1,1074	43	50932
203.11328125	0.0	oddball,16748,-1,1094	44	51997
204.12890625	0.0	behav,0,-1,1095	45	52257
209.30078125	0.0	behav,3,-1,1116	46	53581
214.5234375	0.0	behav,3,-1,1137	47	54918
219.765625	0.0	behav,3,-1,1158	48	56260
224.98046875	0.0	behav,3,-1,103	49	57595
230.203125	0.0	behav,3,-1,124	50	58932
235.6953125	0.0	behav,3,-1,145	51	60338
240.9375	0.0	behav,3,-1,166	52	61680
246.1796875	0.0	behav,3,-1,187	53	63022
251.35546875	0.0	behav,3,-1,208	54	64347
256.53125	0.0	behav,3,-1,229	55	65672
261.74609375	0.0	behav,3,-1,250	56	67007
267.03515625	0.0	behav,3,-1,271	57	68361
272.25390625	0.0	behav,3,-1,292	58	69697
277.5	0.0	behav,3,-1,313	59	71040
282.65234375	0.0	behav,3,-1,334	60	72359
287.87109375	0.0	behav,3,-1,355	61	73695
