onset	duration	trial_type	value	sample
6.01171875	0.0	behav,3,-1,21	1	1539
11.50390625	0.0	behav,3,-1,42	2	2945
15.66796875	0.0	oddball,16742,-1,62	3	4011
16.87890625	0.0	behav,0,-1,63	4	4321
22.6796875	0.0	behav,3,-1,84	5	5806
28.1953125	0.0	behav,3,-1,381	6	7218
33.68359375	0.0	behav,3,-1,402	7	8623
39.55859375	0.0	behav,3,-1,423	8	10127
45.3203125	0.0	behav,3,-1,444	9	11602
50.80859375	0.0	behav,3,-1,465	10	13007
56.3203125	0.0	behav,3,-1,486	11	14418
56.85546875	0.0	oddball,16740,-1,488	12	14555
61.71875	0.0	behav,2,-1,507	13	15800
67.1875	0.0	behav,3,-1,528	14	17200
72.76953125	0.0	behav,3,-1,549	15	18629
78.2578125	0.0	behav,3,-1,570	16	20034
83.859375	0.0	behav,3,-1,591	17	21468
87.62109375	0.0	oddball,16743,-1,609	18	22431
89.30078125	0.0	behav,2,-1,612	19	22861
94.79296875	0.0	behav,3,-1,633	20	24267
100.39453125	0.0	behav,3,-1,654	21	25701
105.91015625	0.0	behav,3,-1,675	22	27113
111.53515625	0.0	behav,3,-1,696	23	28553
117.18359375	0.0	behav,3,-1,717	24	29999
122.78515625	0.0	behav,3,-1,738	25	31433
128.8125	0.0	behav,3,-1,759	26	32976
134.234375	0.0	behav,3,-1,780	27	34364
139.6796875	0.0	behav,3,-1,801	28	35758
145.125	0.0	behav,3,-1,822	29	37152
151.0234375	0.0	behav,3,-1,843	30	38662
156.69140625	0.0	behav,3,-1,864	31	40113
162.203125	0.0	behav,3,-1,885	32	41524
163.76171875	0.0	oddball,16743,-1,892	33	41923
168.140625	0.0	behav,2,-1,906	34	43044
173.92578125	0.0	behav,3,-1,927	35	44525
175.67578125	0.0	oddball,16748,-1,935	36	44973
179.37109375	0.0	behav,2,-1,948	37	45919
184.81640625	0.0	behav,3,-1,969	38	47313
190.328125	0.0	behav,3,-1,990	39	48724
195.79296875	0.0	behav,3,-1,1011	40	50123
201.1484375	0.0	behav,3,-1,1032	41	51494
207.1328125	0.0	behav,3,-1,1053	42	53026
212.6484375	0.0	behav,3,-1,1074	43	54438
218.16015625	0.0	behav,3,-1,1095	44	55849
223.62890625	0.0	behav,3,-1,1116	45	57249
229.1640625	0.0	behav,3,-1,1137	46	58666
234.671875	0.0	behav,3,-1,1158	47	60076
240.20703125	0.0	behav,3,-1,103	48	61493
245.87890625	0.0	behav,3,-1,124	49	62945
247.84765625	0.0	oddball,16744,-1,133	50	63449
251.27734375	0.0	behav,2,-1,145	51	64327
256.81640625	0.0	behav,3,-1,166	52	65745
262.26171875	0.0	behav,3,-1,187	53	67139
267.8828125	0.0	behav,3,-1,208	54	68578
273.328125	0.0	behav,3,-1,229	55	69972
278.9765625	0.0	behav,3,-1,250	56	71418
284.421875	0.0	behav,3,-1,271	57	72812
289.8671875	0.0	behav,3,-1,292	58	74206
295.35546875	0.0	behav,3,-1,313	59	75611
300.8203125	0.0	behav,3,-1,334	60	77010
306.73828125	0.0	behav,3,-1,355	61	78525
