onset	duration	trial_type	value	sample
5.6015625	0.0	behav,3,-1,21	1	1434
10.8203125	0.0	behav,3,-1,42	2	2770
16.37890625	0.0	behav,3,-1,63	3	4193
21.70703125	0.0	behav,3,-1,84	4	5557
22.46484375	0.0	oddball,16748,-1,87	5	5751
26.859375	0.0	behav,2,-1,381	6	6876
32.7578125	0.0	behav,3,-1,402	7	8386
38.11328125	0.0	behav,3,-1,423	8	9757
43.48828125	0.0	behav,3,-1,444	9	11133
48.9140625	0.0	behav,3,-1,465	10	12522
54.265625	0.0	behav,3,-1,486	11	13892
59.6875	0.0	behav,3,-1,507	12	15280
65.06640625	0.0	behav,3,-1,528	13	16657
70.5546875	0.0	behav,3,-1,549	14	18062
75.93359375	0.0	behav,3,-1,570	15	19439
81.2890625	0.0	behav,3,-1,591	16	20810
87.00390625	0.0	behav,3,-1,612	17	22273
92.4453125	0.0	behav,3,-1,633	18	23666
97.87109375	0.0	behav,3,-1,654	19	25055
103.26953125	0.0	behav,3,-1,675	20	26437
105.015625	0.0	oddball,16746,-1,683	21	26884
108.6015625	0.0	behav,2,-1,696	22	27802
114.046875	0.0	behav,3,-1,717	23	29196
119.515625	0.0	behav,3,-1,738	24	30596
121.265625	0.0	oddball,16746,-1,746	25	31044
124.82421875	0.0	behav,2,-1,759	26	31955
130.24609375	0.0	behav,3,-1,780	27	33343
131.40625	0.0	oddball,16741,-1,785	28	33640
135.7578125	0.0	behav,2,-1,801	29	34754
141.40625	0.0	behav,3,-1,822	30	36200
147.03125	0.0	behav,3,-1,843	31	37640
152.45703125	0.0	behav,3,-1,864	32	39029
155.41796875	0.0	oddball,16748,-1,878	33	39787
157.8125	0.0	behav,2,-1,885	34	40400
163.1640625	0.0	behav,3,-1,906	35	41770
168.62890625	0.0	behav,3,-1,927	36	43169
174.12109375	0.0	behav,3,-1,948	37	44575
179.90234375	0.0	behav,3,-1,969	38	46055
185.5078125	0.0	behav,3,-1,990	39	47490
191.06640625	0.0	behav,3,-1,1011	40	48913
196.8671875	0.0	behav,3,-1,1032	41	50398
202.3359375	0.0	behav,3,-1,1053	42	51798
207.7578125	0.0	behav,3,-1,1074	43	53186
213.72265625	0.0	behav,3,-1,1095	44	54713
219.16796875	0.0	behav,3,-1,1116	45	56107
224.79296875	0.0	behav,3,-1,1137	46	57547
230.234375	0.0	behav,3,-1,1158	47	58940
235.6328125	0.0	behav,3,-1,103	48	60322
241.03515625	0.0	behav,3,-1,124	49	61705
246.59375	0.0	behav,3,-1,145	50	63128
252.10546875	0.0	behav,3,-1,166	51	64539
257.70703125	0.0	behav,3,-1,187	52	65973
260.65625	0.0	oddball,16746,-1,201	53	66728
263.0625	0.0	behav,2,-1,208	54	67344
268.50390625	0.0	behav,3,-1,229	55	68737
274.04296875	0.0	behav,3,-1,250	56	70155
279.53125	0.0	behav,3,-1,271	57	71560
284.9765625	0.0	behav,3,-1,292	58	72954
290.4453125	0.0	behav,3,-1,313	59	74354
295.8671875	0.0	behav,3,-1,334	60	75742
301.3984375	0.0	behav,3,-1,355	61	77158
