onset	duration	trial_type	value	sample
5.85546875	0.0	behav,3,-1,21	1	1499
11.45703125	0.0	behav,3,-1,42	2	2933
13.01953125	0.0	oddball,16741,-1,49	3	3333
16.85546875	0.0	behav,2,-1,63	4	4315
22.23046875	0.0	behav,3,-1,84	5	5691
27.65625	0.0	behav,3,-1,381	6	7080
33.14453125	0.0	behav,3,-1,402	7	8485
36.70703125	0.0	oddball,16741,-1,419	8	9397
38.546875	0.0	behav,2,-1,423	9	9868
44.03515625	0.0	behav,3,-1,444	10	11273
49.52734375	0.0	behav,3,-1,465	11	12679
55.01171875	0.0	behav,3,-1,486	12	14083
60.5703125	0.0	behav,3,-1,507	13	15506
66.12890625	0.0	behav,3,-1,528	14	16929
71.53125	0.0	behav,3,-1,549	15	18312
76.9765625	0.0	behav,3,-1,570	16	19706
82.3984375	0.0	behav,3,-1,591	17	21094
87.796875	0.0	behav,3,-1,612	18	22476
93.66796875	0.0	behav,3,-1,633	19	23979
99.203125	0.0	behav,3,-1,654	20	25396
105.12109375	0.0	behav,3,-1,675	21	26911
110.58984375	0.0	behav,3,-1,696	22	28311
116.03515625	0.0	behav,3,-1,717	23	29705
121.43359375	0.0	behav,3,-1,738	24	31087
126.85546875	0.0	behav,3,-1,759	25	32475
128.81640625	0.0	oddball,16743,-1,768	26	32977
132.25390625	0.0	behav,2,-1,780	27	33857
137.65625	0.0	behav,3,-1,801	28	35240
142.78515625	0.0	behav,3,-1,822	29	36553
148.25390625	0.0	behav,3,-1,843	30	37953
153.85546875	0.0	behav,3,-1,864	31	39387
159.20703125	0.0	behav,3,-1,885	32	40757
164.7421875	0.0	behav,3,-1,906	33	42174
170.19140625	0.0	behav,3,-1,927	34	43569
175.58984375	0.0	behav,3,-1,948	35	44951
180.96875	0.0	behav,3,-1,969	36	46328
186.50390625	0.0	behav,3,-1,990	37	47745
191.8828125	0.0	behav,3,-1,1011	38	49122
197.234375	0.0	behav,3,-1,1032	39	50492
202.609375	0.0	behav,3,-1,1053	40	51868
207.98828125	0.0	behav,3,-1,1074	41	53245
213.43359375	0.0	behav,3,-1,1095	42	54639
218.74609375	0.0	behav,3,-1,1116	43	55999
224.16796875	0.0	behav,3,-1,1137	44	57387
229.47265625	0.0	behav,3,-1,1158	45	58745
234.875	0.0	behav,3,-1,103	46	60128
240.296875	0.0	behav,3,-1,124	47	61516
245.67578125	0.0	behav,3,-1,145	48	62893
251.03125	0.0	behav,3,-1,166	49	64264
256.61328125	0.0	behav,3,-1,187	50	65693
262.03515625	0.0	behav,3,-1,208	51	67081
267.4296875	0.0	behav,3,-1,229	52	68462
272.765625	0.0	behav,3,-1,250	53	69828
278.1640625	0.0	behav,3,-1,271	54	71210
279.1171875	0.0	oddball,16744,-1,275	55	71454
283.58984375	0.0	behav,3,-1,292	56	72599
286.7421875	0.0	oddball,16744,-1,307	57	73406
288.96484375	0.0	behav,2,-1,313	58	73975
294.5234375	0.0	behav,3,-1,334	59	75398
296.88671875	0.0	oddball,16741,-1,345	60	76003
300.19140625	0.0	behav,2,-1,355	61	76849
