onset	duration	trial_type	value	sample
5.68359375	0.0	behav,3,-1,21	1	1455
11.30859375	0.0	behav,3,-1,42	2	2895
16.734375	0.0	behav,3,-1,63	3	4284
22.15234375	0.0	behav,3,-1,84	4	5671
27.53125	0.0	behav,3,-1,381	5	7048
33.0	0.0	behav,3,-1,402	6	8448
38.625	0.0	behav,3,-1,423	7	9888
44.25	0.0	behav,3,-1,444	8	11328
49.8515625	0.0	behav,3,-1,465	9	12762
55.5859375	0.0	behav,3,-1,486	10	14230
61.34765625	0.0	behav,3,-1,507	11	15705
67.265625	0.0	behav,3,-1,528	12	17220
72.8671875	0.0	behav,3,-1,549	13	18654
78.44921875	0.0	behav,3,-1,570	14	20083
83.9375	0.0	behav,3,-1,591	15	21488
84.4921875	0.0	oddball,16747,-1,593	16	21630
89.3359375	0.0	behav,2,-1,612	17	22870
94.7578125	0.0	behav,3,-1,633	18	24258
100.40625	0.0	behav,3,-1,654	19	25704
105.828125	0.0	behav,3,-1,675	20	27092
111.25390625	0.0	behav,3,-1,696	21	28481
116.67578125	0.0	behav,3,-1,717	22	29869
122.1640625	0.0	behav,3,-1,738	23	31274
127.60546875	0.0	behav,3,-1,759	24	32667
133.0078125	0.0	behav,3,-1,780	25	34050
138.56640625	0.0	behav,3,-1,801	26	35473
144.125	0.0	behav,3,-1,822	27	36896
147.890625	0.0	oddball,16741,-1,840	28	37860
149.5234375	0.0	behav,2,-1,843	29	38278
152.26171875	0.0	oddball,16744,-1,856	30	38979
154.9921875	0.0	behav,2,-1,864	31	39678
160.45703125	0.0	behav,3,-1,885	32	41077
165.90234375	0.0	behav,3,-1,906	33	42471
171.4140625	0.0	behav,3,-1,927	34	43882
176.79296875	0.0	behav,3,-1,948	35	45259
182.125	0.0	behav,3,-1,969	36	46624
187.52734375	0.0	behav,3,-1,990	37	48007
192.99609375	0.0	behav,3,-1,1011	38	49407
198.48046875	0.0	behav,3,-1,1032	39	50811
203.97265625	0.0	behav,3,-1,1053	40	52217
209.80078125	0.0	behav,3,-1,1074	41	53709
215.24609375	0.0	behav,3,-1,1095	42	55103
218.79296875	0.0	oddball,16748,-1,1112	43	56011
220.6015625	0.0	behav,2,-1,1116	44	56474
225.98046875	0.0	behav,3,-1,1137	45	57851
231.46484375	0.0	behav,3,-1,1158	46	59255
236.95703125	0.0	behav,3,-1,103	47	60661
242.55859375	0.0	behav,3,-1,124	48	62095
247.98046875	0.0	behav,3,-1,145	49	63483
253.49609375	0.0	behav,3,-1,166	50	64895
258.94140625	0.0	behav,3,-1,187	51	66289
260.0859375	0.0	oddball,16746,-1,192	52	66582
264.2734375	0.0	behav,2,-1,208	53	67654
269.71484375	0.0	behav,3,-1,229	54	69047
275.49609375	0.0	behav,3,-1,250	55	70527
277.66796875	0.0	oddball,16741,-1,260	56	71083
280.875	0.0	behav,2,-1,271	57	71904
286.5234375	0.0	behav,3,-1,292	58	73350
291.87890625	0.0	behav,3,-1,313	59	74721
297.28125	0.0	behav,3,-1,334	60	76104
302.765625	0.0	behav,3,-1,355	61	77508
