onset	duration	trial_type	value	sample
6.03515625	0.0	behav,3,-1,21	1	1545
11.45703125	0.0	behav,3,-1,42	2	2933
16.859375	0.0	behav,3,-1,63	3	4316
22.25390625	0.0	behav,3,-1,84	4	5697
27.65625	0.0	behav,3,-1,381	5	7080
33.078125	0.0	behav,3,-1,402	6	8468
38.79296875	0.0	behav,3,-1,423	7	9931
44.30859375	0.0	behav,3,-1,444	8	11343
50.046875	0.0	behav,3,-1,465	9	12812
52.2109375	0.0	oddball,16746,-1,475	10	13366
55.87109375	0.0	behav,2,-1,486	11	14303
61.5859375	0.0	behav,3,-1,507	12	15766
63.15625	0.0	oddball,16745,-1,514	13	16168
67.0078125	0.0	behav,2,-1,528	14	17154
72.61328125	0.0	behav,3,-1,549	15	18589
78.4609375	0.0	behav,3,-1,570	16	20086
82.2265625	0.0	oddball,16743,-1,588	17	21050
83.953125	0.0	behav,2,-1,591	18	21492
89.73046875	0.0	behav,3,-1,612	19	22971
95.265625	0.0	behav,3,-1,633	20	24388
101.140625	0.0	behav,3,-1,654	21	25892
106.65234375	0.0	behav,3,-1,675	22	27303
109.80078125	0.0	oddball,16740,-1,690	23	28109
112.078125	0.0	behav,2,-1,696	24	28692
117.6796875	0.0	behav,3,-1,717	25	30126
123.2109375	0.0	behav,3,-1,738	26	31542
128.90234375	0.0	behav,3,-1,759	27	32999
134.62109375	0.0	behav,3,-1,780	28	34463
140.15625	0.0	behav,3,-1,801	29	35880
145.78125	0.0	behav,3,-1,822	30	37320
148.32421875	0.0	oddball,16743,-1,834	31	37971
151.2265625	0.0	behav,2,-1,843	32	38714
156.89453125	0.0	behav,3,-1,864	33	40165
160.44921875	0.0	oddball,16746,-1,881	34	41075
162.44921875	0.0	behav,2,-1,885	35	41587
168.07421875	0.0	behav,3,-1,906	36	43027
174.17578125	0.0	behav,3,-1,927	37	44589
179.8671875	0.0	behav,3,-1,948	38	46046
185.76171875	0.0	behav,3,-1,969	39	47555
191.45703125	0.0	behav,3,-1,990	40	49013
196.96484375	0.0	behav,3,-1,1011	41	50423
202.34375	0.0	behav,3,-1,1032	42	51800
207.7890625	0.0	behav,3,-1,1053	43	53194
213.1875	0.0	behav,3,-1,1074	44	54576
218.61328125	0.0	behav,3,-1,1095	45	55965
224.05859375	0.0	behav,3,-1,1116	46	57359
229.703125	0.0	behav,3,-1,1137	47	58804
235.2578125	0.0	behav,3,-1,1158	48	60226
240.88671875	0.0	behav,3,-1,103	49	61667
246.421875	0.0	behav,3,-1,124	50	63084
251.91015625	0.0	behav,3,-1,145	51	64489
257.42578125	0.0	behav,3,-1,166	52	65901
263.02734375	0.0	behav,3,-1,187	53	67335
268.42578125	0.0	behav,3,-1,208	54	68717
273.9375	0.0	behav,3,-1,229	55	70128
279.98828125	0.0	behav,3,-1,250	56	71677
285.86328125	0.0	behav,3,-1,271	57	73181
291.28515625	0.0	behav,3,-1,292	58	74569
296.6875	0.0	behav,3,-1,313	59	75952
301.9921875	0.0	behav,3,-1,334	60	77310
