onset	duration	trial_type	value	sample
5.765625	0.0	behav,3,-1,21	1	1476
6.3203125	0.0	oddball,16742,-1,23	2	1618
11.390625	0.0	behav,2,-1,42	3	2916
16.859375	0.0	behav,3,-1,63	4	4316
22.27734375	0.0	behav,3,-1,84	5	5703
27.6796875	0.0	behav,3,-1,381	6	7086
33.32421875	0.0	behav,3,-1,402	7	8531
38.9296875	0.0	behav,3,-1,423	8	9966
45.16015625	0.0	behav,3,-1,444	9	11561
50.5390625	0.0	behav,3,-1,465	10	12938
54.5	0.0	oddball,16742,-1,484	11	13952
56.09375	0.0	behav,2,-1,486	12	14360
61.83203125	0.0	behav,3,-1,507	13	15829
67.4140625	0.0	behav,3,-1,528	14	17258
72.859375	0.0	behav,3,-1,549	15	18652
76.8046875	0.0	oddball,16746,-1,568	16	19662
78.234375	0.0	behav,2,-1,570	17	20028
83.703125	0.0	behav,3,-1,591	18	21428
89.34765625	0.0	behav,3,-1,612	19	22873
95.0625	0.0	behav,3,-1,633	20	24336
100.78125	0.0	behav,3,-1,654	21	25800
106.2265625	0.0	behav,3,-1,675	22	27194
111.8046875	0.0	behav,3,-1,696	23	28622
114.74609375	0.0	oddball,16742,-1,710	24	29375
117.23046875	0.0	behav,2,-1,717	25	30011
122.9453125	0.0	behav,3,-1,738	26	31474
128.31640625	0.0	behav,3,-1,759	27	32849
133.76171875	0.0	behav,3,-1,780	28	34243
139.30078125	0.0	behav,3,-1,801	29	35661
144.7890625	0.0	behav,3,-1,822	30	37066
150.16796875	0.0	behav,3,-1,843	31	38443
155.56640625	0.0	behav,3,-1,864	32	39825
161.4375	0.0	behav,3,-1,885	33	41328
166.8359375	0.0	behav,3,-1,906	34	42710
172.328125	0.0	behav,3,-1,927	35	44116
177.75	0.0	behav,3,-1,948	36	45504
179.890625	0.0	oddball,16742,-1,958	37	46052
183.17578125	0.0	behav,2,-1,969	38	46893
188.6640625	0.0	behav,3,-1,990	39	48298
194.12890625	0.0	behav,3,-1,1011	40	49697
199.73046875	0.0	behav,3,-1,1032	41	51131
205.15625	0.0	behav,3,-1,1053	42	52520
210.6015625	0.0	behav,3,-1,1074	43	53914
216.1796875	0.0	behav,3,-1,1095	44	55342
219.73046875	0.0	oddball,16744,-1,1112	45	56251
221.91796875	0.0	behav,2,-1,1116	46	56811
227.3203125	0.0	behav,3,-1,1137	47	58194
232.91796875	0.0	behav,3,-1,1158	48	59627
238.4296875	0.0	behav,3,-1,103	49	61038
243.9453125	0.0	behav,3,-1,124	50	62450
249.390625	0.0	behav,3,-1,145	51	63844
254.8125	0.0	behav,3,-1,166	52	65232
260.21484375	0.0	behav,3,-1,187	53	66615
265.65625	0.0	behav,3,-1,208	54	68008
270.921875	0.0	behav,3,-1,229	55	69356
276.3671875	0.0	behav,3,-1,250	56	70750
281.7890625	0.0	behav,3,-1,271	57	72138
