onset	duration	trial_type	value	sample
6.078125	0.0	behav,3,-1,21	1	1556
11.45703125	0.0	behav,3,-1,42	2	2933
16.85546875	0.0	behav,3,-1,63	3	4315
22.18359375	0.0	behav,3,-1,84	4	5679
27.67578125	0.0	behav,3,-1,381	5	7085
33.1875	0.0	behav,3,-1,402	6	8496
38.61328125	0.0	behav,3,-1,423	7	9885
44.2578125	0.0	behav,3,-1,444	8	11330
49.75	0.0	behav,3,-1,465	9	12736
55.21484375	0.0	behav,3,-1,486	10	14135
60.66015625	0.0	behav,3,-1,507	11	15529
66.1484375	0.0	behav,3,-1,528	12	16934
71.50390625	0.0	behav,3,-1,549	13	18305
76.8828125	0.0	behav,3,-1,570	14	19682
82.48828125	0.0	behav,3,-1,591	15	21117
88.0	0.0	behav,3,-1,612	16	22528
93.53125	0.0	behav,3,-1,633	17	23944
98.91015625	0.0	behav,3,-1,654	18	25321
104.51171875	0.0	behav,3,-1,675	19	26755
108.68359375	0.0	oddball,16745,-1,695	20	27823
110.16015625	0.0	behav,0,-1,696	21	28201
115.515625	0.0	behav,3,-1,717	22	29572
120.87109375	0.0	behav,3,-1,738	23	30943
126.359375	0.0	behav,3,-1,759	24	32348
131.87109375	0.0	behav,3,-1,780	25	33759
137.31640625	0.0	behav,3,-1,801	26	35153
142.875	0.0	behav,3,-1,822	27	36576
148.38671875	0.0	behav,3,-1,843	28	37987
153.87890625	0.0	behav,3,-1,864	29	39393
154.81640625	0.0	oddball,16741,-1,868	30	39633
159.2734375	0.0	behav,2,-1,885	31	40774
164.65234375	0.0	behav,3,-1,906	32	42151
170.0078125	0.0	behav,3,-1,927	33	43522
175.4296875	0.0	behav,3,-1,948	34	44910
180.85546875	0.0	behav,3,-1,969	35	46299
186.27734375	0.0	behav,3,-1,990	36	47687
187.61328125	0.0	oddball,16740,-1,996	37	48029
191.65625	0.0	behav,2,-1,1011	38	49064
197.02734375	0.0	behav,3,-1,1032	39	50439
202.69921875	0.0	behav,3,-1,1053	40	51891
208.4609375	0.0	behav,3,-1,1074	41	53366
213.90625	0.0	behav,3,-1,1095	42	54760
219.3515625	0.0	behav,3,-1,1116	43	56154
224.7734375	0.0	behav,3,-1,1137	44	57542
225.71875	0.0	oddball,16740,-1,1141	45	57784
230.171875	0.0	behav,2,-1,1158	46	58924
235.796875	0.0	behav,3,-1,103	47	60364
241.1953125	0.0	behav,3,-1,124	48	61746
246.7109375	0.0	behav,3,-1,145	49	63158
252.0859375	0.0	behav,3,-1,166	50	64534
257.69140625	0.0	behav,3,-1,187	51	65969
263.26953125	0.0	behav,3,-1,208	52	67397
268.6015625	0.0	behav,3,-1,229	53	68762
274.0234375	0.0	behav,3,-1,250	54	70150
279.6953125	0.0	behav,3,-1,271	55	71602
282.0390625	0.0	oddball,16748,-1,282	56	72202
285.05078125	0.0	behav,2,-1,292	57	72973
290.49609375	0.0	behav,3,-1,313	58	74367
295.984375	0.0	behav,3,-1,334	59	75772
297.92578125	0.0	oddball,16741,-1,343	60	76269
