onset	duration	trial_type	value	sample
6.01953125	0.0	behav,3,-1,21	1	1541
11.44921875	0.0	behav,3,-1,42	2	2931
12.8125	0.0	oddball,16746,-1,48	3	3280
16.84375	0.0	behav,0,-1,63	4	4312
22.37890625	0.0	behav,3,-1,84	5	5729
28.2890625	0.0	behav,3,-1,381	6	7242
33.9453125	0.0	behav,3,-1,402	7	8690
39.66796875	0.0	behav,3,-1,423	8	10155
45.4609375	0.0	behav,3,-1,444	9	11638
50.98046875	0.0	behav,3,-1,465	10	13051
57.34765625	0.0	behav,3,-1,486	11	14681
62.9296875	0.0	behav,3,-1,507	12	16110
69.0078125	0.0	behav,3,-1,528	13	17666
74.57421875	0.0	behav,3,-1,549	14	19091
80.171875	0.0	behav,3,-1,570	15	20524
85.64453125	0.0	behav,3,-1,591	16	21925
88.0	0.0	oddball,16745,-1,602	17	22528
91.40625	0.0	behav,0,-1,612	18	23400
94.578125	0.0	oddball,16748,-1,627	19	24212
97.29296875	0.0	behav,0,-1,633	20	24907
103.16015625	0.0	behav,3,-1,654	21	26409
109.203125	0.0	behav,3,-1,675	22	27956
115.17578125	0.0	behav,3,-1,696	23	29485
120.7421875	0.0	behav,3,-1,717	24	30910
126.5	0.0	behav,3,-1,738	25	32384
132.08984375	0.0	behav,3,-1,759	26	33815
137.9453125	0.0	behav,3,-1,780	27	35314
144.1640625	0.0	behav,3,-1,801	28	36906
150.6640625	0.0	behav,3,-1,822	29	38570
156.375	0.0	behav,3,-1,843	30	40032
162.52734375	0.0	behav,3,-1,864	31	41607
164.875	0.0	oddball,16744,-1,875	32	42208
168.78125	0.0	behav,0,-1,885	33	43208
174.55859375	0.0	behav,3,-1,906	34	44687
180.12890625	0.0	behav,3,-1,927	35	46113
185.6875	0.0	behav,3,-1,948	36	47536
191.234375	0.0	behav,3,-1,969	37	48956
196.76171875	0.0	behav,3,-1,990	38	50371
202.12109375	0.0	behav,3,-1,1011	39	51743
207.59375	0.0	behav,3,-1,1032	40	53144
213.12109375	0.0	behav,3,-1,1053	41	54559
218.6015625	0.0	behav,3,-1,1074	42	55962
224.5625	0.0	behav,3,-1,1095	43	57488
231.45703125	0.0	behav,3,-1,1116	44	59253
236.7734375	0.0	behav,3,-1,1137	45	60614
242.1640625	0.0	behav,3,-1,1158	46	61994
247.875	0.0	behav,3,-1,103	47	63456
253.43359375	0.0	behav,3,-1,124	48	64879
259.015625	0.0	behav,3,-1,145	49	66308
259.578125	0.0	oddball,16744,-1,147	50	66452
264.57421875	0.0	behav,0,-1,166	51	67731
270.296875	0.0	behav,3,-1,187	52	69196
276.26953125	0.0	behav,3,-1,208	53	70725
276.8125	0.0	oddball,16747,-1,210	54	70864
281.74609375	0.0	behav,0,-1,229	55	72127
287.5546875	0.0	behav,3,-1,250	56	73614
293.02734375	0.0	behav,3,-1,271	57	75015
298.3203125	0.0	behav,3,-1,292	58	76370
304.015625	0.0	behav,3,-1,313	59	77828
309.5234375	0.0	behav,3,-1,334	60	79238
315.078125	0.0	behav,3,-1,355	61	80660
320.5625	0.0	behav,3,-1,376	62	82064
