onset	duration	trial_type	value	sample
4.34765625	0.0	behav,3,-1,21	1	1113
9.5	0.0	behav,3,-1,42	2	2432
14.7421875	0.0	behav,3,-1,63	3	3774
19.9375	0.0	behav,3,-1,84	4	5104
25.1796875	0.0	behav,3,-1,381	5	6446
30.33203125	0.0	behav,3,-1,402	6	7765
35.80078125	0.0	behav,3,-1,423	7	9165
41.24609375	0.0	behav,3,-1,444	8	10559
46.46875	0.0	behav,3,-1,465	9	11896
51.9140625	0.0	behav,3,-1,486	10	13290
57.12890625	0.0	behav,3,-1,507	11	14625
62.328125	0.0	behav,3,-1,528	12	15956
67.59375	0.0	behav,3,-1,549	13	17304
72.7890625	0.0	behav,3,-1,570	14	18634
75.359375	0.0	oddball,16741,-1,577	15	19292
78.05859375	0.0	behav,0,-1,591	16	19983
83.34375	0.0	behav,3,-1,612	17	21336
87.90234375	0.0	oddball,16745,-1,629	18	22503
88.515625	0.0	behav,0,-1,633	19	22660
93.6484375	0.0	behav,3,-1,654	20	23974
99.31640625	0.0	behav,3,-1,675	21	25425
104.60546875	0.0	behav,3,-1,696	22	26779
110.07421875	0.0	behav,3,-1,717	23	28179
115.47265625	0.0	behav,3,-1,738	24	29561
120.6953125	0.0	behav,3,-1,759	25	30898
125.8203125	0.0	behav,3,-1,780	26	32210
130.97265625	0.0	behav,3,-1,801	27	33529
136.328125	0.0	behav,3,-1,822	28	34900
141.640625	0.0	behav,3,-1,843	29	36260
146.8359375	0.0	behav,3,-1,864	30	37590
152.125	0.0	behav,3,-1,885	31	38944
157.41015625	0.0	behav,3,-1,906	32	40297
162.51953125	0.0	behav,3,-1,927	33	41605
167.94140625	0.0	behav,3,-1,948	34	42993
169.328125	0.0	oddball,16747,-1,949	35	43348
173.13671875	0.0	behav,0,-1,969	36	44323
175.53125	0.0	oddball,16744,-1,975	37	44936
178.42578125	0.0	behav,0,-1,990	38	45677
183.73828125	0.0	behav,3,-1,1011	39	47037
188.8671875	0.0	behav,3,-1,1032	40	48350
194.21875	0.0	behav,3,-1,1053	41	49720
199.7109375	0.0	behav,3,-1,1074	42	51126
204.9765625	0.0	behav,3,-1,1095	43	52474
210.1953125	0.0	behav,3,-1,1116	44	53810
215.5078125	0.0	behav,3,-1,1137	45	55170
220.6796875	0.0	behav,3,-1,1158	46	56494
226.125	0.0	behav,3,-1,103	47	57888
231.45703125	0.0	behav,3,-1,124	48	59253
234.84375	0.0	oddball,16747,-1,135	49	60120
236.87890625	0.0	behav,0,-1,145	50	60641
242.03125	0.0	behav,3,-1,166	51	61960
247.41015625	0.0	behav,3,-1,187	52	63337
252.5859375	0.0	behav,3,-1,208	53	64662
258.0078125	0.0	behav,3,-1,229	54	66050
263.24609375	0.0	behav,3,-1,250	55	67391
268.46875	0.0	behav,3,-1,271	56	68728
273.9375	0.0	behav,3,-1,292	57	70128
279.1796875	0.0	behav,3,-1,313	58	71470
283.78125	0.0	oddball,16747,-1,330	59	72648
284.4453125	0.0	behav,0,-1,334	60	72818
289.7109375	0.0	behav,3,-1,355	61	74166
294.97265625	0.0	behav,3,-1,376	62	75513
