onset	duration	trial_type	value	sample
4.34765625	0.0	behav,3,-1,21	1	1113
6.328125	0.0	oddball,16744,-1,25	2	1620
9.54296875	0.0	behav,0,-1,42	3	2443
15.28515625	0.0	behav,3,-1,63	4	3913
20.54296875	0.0	behav,3,-1,84	5	5259
25.69921875	0.0	behav,3,-1,381	6	6579
30.87109375	0.0	behav,3,-1,402	7	7903
36.296875	0.0	behav,3,-1,423	8	9292
41.5625	0.0	behav,3,-1,444	9	10640
46.53125	0.0	oddball,16745,-1,463	10	11912
46.69140625	0.0	behav,0,-1,465	11	11953
51.9765625	0.0	behav,3,-1,486	12	13306
55.75	0.0	oddball,16748,-1,499	13	14272
57.33203125	0.0	behav,0,-1,507	14	14677
62.6875	0.0	behav,3,-1,528	15	16048
67.86328125	0.0	behav,3,-1,549	16	17373
69.265625	0.0	oddball,16746,-1,550	17	17732
73.21875	0.0	behav,0,-1,570	18	18744
77.203125	0.0	oddball,16746,-1,584	19	19764
78.4375	0.0	behav,0,-1,591	20	20080
83.546875	0.0	behav,3,-1,612	21	21388
88.671875	0.0	behav,3,-1,633	22	22700
93.9609375	0.0	behav,3,-1,654	23	24054
99.16015625	0.0	behav,3,-1,675	24	25385
104.3359375	0.0	behav,3,-1,696	25	26710
109.62109375	0.0	behav,3,-1,717	26	28063
114.77734375	0.0	behav,3,-1,738	27	29383
119.94921875	0.0	behav,3,-1,759	28	30707
125.078125	0.0	behav,3,-1,780	29	32020
130.4765625	0.0	behav,3,-1,801	30	33402
135.65234375	0.0	behav,3,-1,822	31	34727
141.09765625	0.0	behav,3,-1,843	32	36121
146.25	0.0	behav,3,-1,864	33	37440
151.609375	0.0	behav,3,-1,885	34	38812
156.890625	0.0	behav,3,-1,906	35	40164
162.1328125	0.0	behav,3,-1,927	36	41506
167.265625	0.0	behav,3,-1,948	37	42820
172.6875	0.0	behav,3,-1,969	38	44208
177.8203125	0.0	behav,3,-1,990	39	45522
183.3984375	0.0	behav,3,-1,1011	40	46950
188.73046875	0.0	behav,3,-1,1032	41	48315
194.171875	0.0	behav,3,-1,1053	42	49708
199.640625	0.0	behav,3,-1,1074	43	51108
204.7734375	0.0	behav,3,-1,1095	44	52422
209.96875	0.0	behav,3,-1,1116	45	53752
215.32421875	0.0	behav,3,-1,1137	46	55123
220.546875	0.0	behav,3,-1,1158	47	56460
225.921875	0.0	behav,3,-1,103	48	57836
231.09375	0.0	behav,3,-1,124	49	59160
236.26953125	0.0	behav,3,-1,145	50	60485
241.8984375	0.0	behav,3,-1,166	51	61926
247.0703125	0.0	behav,3,-1,187	52	63250
252.40625	0.0	behav,3,-1,208	53	64616
257.78125	0.0	behav,3,-1,229	54	65992
263.0234375	0.0	behav,3,-1,250	55	67334
268.21875	0.0	behav,3,-1,271	56	68664
273.3515625	0.0	behav,3,-1,292	57	69978
278.63671875	0.0	behav,3,-1,313	58	71331
282.015625	0.0	oddball,16740,-1,324	59	72196
284.0625	0.0	behav,0,-1,334	60	72720
289.28125	0.0	behav,3,-1,355	61	74056
294.453125	0.0	behav,3,-1,376	62	75380
