onset	duration	trial_type	value	sample
4.4375	0.0	behav,3,-1,21	1	1136
9.5703125	0.0	behav,3,-1,42	2	2450
14.7890625	0.0	behav,3,-1,63	3	3786
20.1875	0.0	behav,3,-1,84	4	5168
25.49609375	0.0	behav,3,-1,381	5	6527
30.80859375	0.0	behav,3,-1,402	6	7887
36.00390625	0.0	behav,3,-1,423	7	9217
41.29296875	0.0	behav,3,-1,444	8	10571
46.515625	0.0	behav,3,-1,465	9	11908
51.66796875	0.0	behav,3,-1,486	10	13227
57.01953125	0.0	behav,3,-1,507	11	14597
62.171875	0.0	behav,3,-1,528	12	15916
64.9375	0.0	oddball,16746,-1,536	13	16624
67.52734375	0.0	behav,0,-1,549	14	17287
72.6796875	0.0	behav,3,-1,570	15	18606
77.96875	0.0	behav,3,-1,591	16	19960
83.234375	0.0	behav,3,-1,612	17	21308
88.5390625	0.0	behav,3,-1,633	18	22666
93.6484375	0.0	behav,3,-1,654	19	23974
98.9375	0.0	behav,3,-1,675	20	25328
103.921875	0.0	oddball,16743,-1,694	21	26604
104.11328125	0.0	behav,0,-1,696	22	26653
109.35546875	0.0	behav,3,-1,717	23	27995
114.53125	0.0	behav,3,-1,738	24	29320
119.75	0.0	behav,3,-1,759	25	30656
124.8984375	0.0	behav,3,-1,780	26	31974
130.09765625	0.0	behav,3,-1,801	27	33305
135.296875	0.0	behav,3,-1,822	28	34636
140.7421875	0.0	behav,3,-1,843	29	36030
146.1171875	0.0	behav,3,-1,864	30	37406
151.47265625	0.0	behav,3,-1,885	31	38777
156.625	0.0	behav,3,-1,906	32	40096
158.0	0.0	oddball,16746,-1,907	33	40448
161.95703125	0.0	behav,0,-1,927	34	41461
167.2890625	0.0	behav,3,-1,948	35	42826
172.7109375	0.0	behav,3,-1,969	36	44214
177.93359375	0.0	behav,3,-1,990	37	45551
183.15234375	0.0	behav,3,-1,1011	38	46887
188.48828125	0.0	behav,3,-1,1032	39	48253
193.6796875	0.0	behav,3,-1,1053	40	49582
198.7890625	0.0	behav,3,-1,1074	41	50890
204.16796875	0.0	behav,3,-1,1095	42	52267
209.3203125	0.0	behav,3,-1,1116	43	53586
214.11328125	0.0	oddball,16746,-1,1134	44	54813
214.47265625	0.0	behav,0,-1,1137	45	54905
219.671875	0.0	behav,3,-1,1158	46	56236
225.08984375	0.0	behav,3,-1,103	47	57623
230.3984375	0.0	behav,3,-1,124	48	58982
231.796875	0.0	oddball,16744,-1,125	49	59340
235.80078125	0.0	behav,0,-1,145	50	60365
241.0	0.0	behav,3,-1,166	51	61696
246.10546875	0.0	behav,3,-1,187	52	63003
251.328125	0.0	behav,3,-1,208	53	64340
256.5234375	0.0	behav,3,-1,229	54	65670
261.6953125	0.0	behav,3,-1,250	55	66994
266.87109375	0.0	behav,3,-1,271	56	68319
272.00390625	0.0	behav,3,-1,292	57	69633
277.19921875	0.0	behav,3,-1,313	58	70963
282.3984375	0.0	behav,3,-1,334	59	72294
284.37890625	0.0	oddball,16740,-1,338	60	72801
287.6875	0.0	behav,0,-1,355	61	73648
293.04296875	0.0	behav,3,-1,376	62	75019
