onset	duration	trial_type	value	sample
5.984375	0.0	behav,3,-1,21	1	1532
11.3828125	0.0	behav,3,-1,42	2	2914
16.76953125	0.0	behav,3,-1,63	3	4293
19.51953125	0.0	oddball,16746,-1,76	4	4997
22.2265625	0.0	behav,0,-1,84	5	5690
27.80859375	0.0	behav,3,-1,381	6	7119
33.18359375	0.0	behav,3,-1,402	7	8495
38.609375	0.0	behav,3,-1,423	8	9884
44.0390625	0.0	behav,3,-1,444	9	11274
49.51171875	0.0	behav,3,-1,465	10	12675
55.20703125	0.0	behav,3,-1,486	11	14133
60.9296875	0.0	behav,3,-1,507	12	15598
66.48828125	0.0	behav,3,-1,528	13	17021
72.1796875	0.0	behav,3,-1,549	14	18478
77.796875	0.0	behav,3,-1,570	15	19916
83.4765625	0.0	behav,3,-1,591	16	21370
89.12890625	0.0	behav,3,-1,612	17	22817
92.5	0.0	oddball,16745,-1,628	18	23680
94.54296875	0.0	behav,0,-1,633	19	24203
96.09375	0.0	oddball,16741,-1,640	20	24600
99.9453125	0.0	behav,0,-1,654	21	25586
105.40234375	0.0	behav,3,-1,675	22	26983
110.8203125	0.0	behav,3,-1,696	23	28370
116.28125	0.0	behav,3,-1,717	24	29768
121.67578125	0.0	behav,3,-1,738	25	31149
127.234375	0.0	behav,3,-1,759	26	32572
132.61328125	0.0	behav,3,-1,780	27	33949
138.26953125	0.0	behav,3,-1,801	28	35397
143.75	0.0	behav,3,-1,822	29	36800
149.1796875	0.0	behav,3,-1,843	30	38190
154.609375	0.0	behav,3,-1,864	31	39580
160.09765625	0.0	behav,3,-1,885	32	40985
166.01953125	0.0	behav,3,-1,906	33	42501
171.5	0.0	behav,3,-1,927	34	43904
176.98828125	0.0	behav,3,-1,948	35	45309
178.734375	0.0	oddball,16741,-1,956	36	45756
182.390625	0.0	behav,0,-1,969	37	46692
188.0	0.0	behav,3,-1,990	38	48128
193.55859375	0.0	behav,3,-1,1011	39	49551
199.390625	0.0	behav,3,-1,1032	40	51044
204.93359375	0.0	behav,3,-1,1053	41	52463
210.62109375	0.0	behav,3,-1,1074	42	53919
216.078125	0.0	behav,3,-1,1095	43	55316
221.66015625	0.0	behav,3,-1,1116	44	56745
227.1640625	0.0	behav,3,-1,1137	45	58154
232.7578125	0.0	behav,3,-1,1158	46	59586
233.296875	0.0	oddball,16740,-1,1160	47	59724
238.26171875	0.0	behav,0,-1,103	48	60995
238.828125	0.0	oddball,16740,-1,105	49	61140
243.83984375	0.0	behav,0,-1,124	50	62423
249.3203125	0.0	behav,3,-1,145	51	63826
254.953125	0.0	behav,3,-1,166	52	65268
260.6953125	0.0	behav,3,-1,187	53	66738
266.09375	0.0	behav,3,-1,208	54	68120
271.671875	0.0	behav,3,-1,229	55	69548
277.1015625	0.0	behav,3,-1,250	56	70938
282.54296875	0.0	behav,3,-1,271	57	72331
287.953125	0.0	behav,3,-1,292	58	73716
293.640625	0.0	behav,3,-1,313	59	75172
299.15234375	0.0	behav,3,-1,334	60	76583
304.6796875	0.0	behav,3,-1,355	61	77998
310.2421875	0.0	behav,3,-1,376	62	79422
