onset	duration	trial_type	value	sample
6.0703125	0.0	behav,3,-1,21	1	1554
11.6015625	0.0	behav,3,-1,42	2	2970
17.03125	0.0	behav,3,-1,63	3	4360
18.609375	0.0	oddball,16744,-1,70	4	4764
22.40234375	0.0	behav,0,-1,84	5	5735
25.94140625	0.0	oddball,16742,-1,377	6	6641
28.04296875	0.0	behav,0,-1,381	7	7179
33.4453125	0.0	behav,3,-1,402	8	8562
38.87109375	0.0	behav,3,-1,423	9	9951
44.28515625	0.0	behav,3,-1,444	10	11337
49.75	0.0	behav,3,-1,465	11	12736
55.28125	0.0	behav,3,-1,486	12	14152
60.703125	0.0	behav,3,-1,507	13	15540
66.13671875	0.0	behav,3,-1,528	14	16931
71.515625	0.0	behav,3,-1,549	15	18308
77.07421875	0.0	behav,3,-1,570	16	19731
80.81640625	0.0	oddball,16743,-1,588	17	20689
82.41015625	0.0	behav,0,-1,591	18	21097
87.7578125	0.0	behav,3,-1,612	19	22466
93.24609375	0.0	behav,3,-1,633	20	23871
96.796875	0.0	oddball,16745,-1,650	21	24780
98.546875	0.0	behav,0,-1,654	22	25228
103.984375	0.0	behav,3,-1,675	23	26620
109.47265625	0.0	behav,3,-1,696	24	28025
114.77734375	0.0	behav,3,-1,717	25	29383
120.2421875	0.0	behav,3,-1,738	26	30782
125.78125	0.0	behav,3,-1,759	27	32200
131.109375	0.0	behav,3,-1,780	28	33564
136.46875	0.0	behav,3,-1,801	29	34936
141.68359375	0.0	behav,3,-1,822	30	36271
147.06640625	0.0	behav,3,-1,843	31	37649
152.48046875	0.0	behav,3,-1,864	32	39035
157.8671875	0.0	behav,3,-1,885	33	40414
163.265625	0.0	behav,3,-1,906	34	41796
168.8515625	0.0	behav,3,-1,927	35	43226
172.59375	0.0	oddball,16748,-1,945	36	44184
174.39453125	0.0	behav,0,-1,948	37	44645
179.96484375	0.0	behav,3,-1,969	38	46071
185.63671875	0.0	behav,3,-1,990	39	47523
191.5	0.0	behav,3,-1,1011	40	49024
196.95703125	0.0	behav,3,-1,1032	41	50421
202.4453125	0.0	behav,3,-1,1053	42	51826
208.30859375	0.0	behav,3,-1,1074	43	53327
213.74609375	0.0	behav,3,-1,1095	44	54719
219.26171875	0.0	behav,3,-1,1116	45	56131
224.60546875	0.0	behav,3,-1,1137	46	57499
230.22265625	0.0	behav,3,-1,1158	47	58937
235.66796875	0.0	behav,3,-1,103	48	60331
241.125	0.0	behav,3,-1,124	49	61728
246.51171875	0.0	behav,3,-1,145	50	63107
251.984375	0.0	behav,3,-1,166	51	64508
257.3671875	0.0	behav,3,-1,187	52	65886
262.8671875	0.0	behav,3,-1,208	53	67294
268.453125	0.0	behav,3,-1,229	54	68724
274.046875	0.0	behav,3,-1,250	55	70156
279.56640625	0.0	behav,3,-1,271	56	71569
285.015625	0.0	behav,3,-1,292	57	72964
287.984375	0.0	oddball,16741,-1,306	58	73724
290.765625	0.0	behav,0,-1,313	59	74436
296.375	0.0	behav,3,-1,334	60	75872
301.88671875	0.0	behav,3,-1,355	61	77283
307.34375	0.0	behav,3,-1,376	62	78680
