onset	duration	trial_type	value	sample
3.25	0.0	oddball,16741,-1,14	1	832
5.4921875	0.0	behav,2,-1,21	2	1406
10.83203125	0.0	behav,3,-1,42	3	2773
12.42578125	0.0	oddball,16746,-1,49	4	3181
16.27734375	0.0	behav,2,-1,63	5	4167
21.62890625	0.0	behav,3,-1,84	6	5537
27.0234375	0.0	behav,3,-1,381	7	6918
32.3828125	0.0	behav,3,-1,402	8	8290
37.78515625	0.0	behav,3,-1,423	9	9673
43.18359375	0.0	behav,3,-1,444	10	11055
48.58203125	0.0	behav,3,-1,465	11	12437
54.02734375	0.0	behav,3,-1,486	12	13831
59.46875	0.0	behav,3,-1,507	13	15224
64.84765625	0.0	behav,3,-1,528	14	16601
70.2734375	0.0	behav,3,-1,549	15	17990
72.31640625	0.0	oddball,16747,-1,558	16	18513
75.7421875	0.0	behav,2,-1,570	17	19390
81.16796875	0.0	behav,3,-1,591	18	20779
86.56640625	0.0	behav,3,-1,612	19	22161
91.984375	0.0	behav,3,-1,633	20	23548
97.4765625	0.0	behav,3,-1,654	21	24954
102.91796875	0.0	behav,3,-1,675	22	26347
108.36328125	0.0	behav,3,-1,696	23	27741
113.765625	0.0	behav,3,-1,717	24	29124
119.1875	0.0	behav,3,-1,738	25	30512
124.8359375	0.0	behav,3,-1,759	26	31958
130.234375	0.0	behav,3,-1,780	27	33340
135.68359375	0.0	behav,3,-1,801	28	34735
141.05859375	0.0	behav,3,-1,822	29	36111
146.5078125	0.0	behav,3,-1,843	30	37506
152.0625	0.0	behav,3,-1,864	31	38928
157.39453125	0.0	behav,3,-1,885	32	40293
162.90625	0.0	behav,3,-1,906	33	41704
168.32421875	0.0	behav,3,-1,927	34	43091
173.73046875	0.0	behav,3,-1,948	35	44475
179.19921875	0.0	behav,3,-1,969	36	45875
181.91015625	0.0	oddball,16743,-1,981	37	46569
184.6171875	0.0	behav,2,-1,990	38	47262
190.24609375	0.0	behav,3,-1,1011	39	48703
195.578125	0.0	behav,3,-1,1032	40	50068
200.91015625	0.0	behav,3,-1,1053	41	51433
206.28515625	0.0	behav,3,-1,1074	42	52809
211.640625	0.0	behav,3,-1,1095	43	54180
217.04296875	0.0	behav,3,-1,1116	44	55563
222.66796875	0.0	behav,3,-1,1137	45	57003
228.06640625	0.0	behav,3,-1,1158	46	58385
233.4453125	0.0	behav,3,-1,103	47	59762
238.953125	0.0	behav,3,-1,124	48	61172
244.2890625	0.0	behav,3,-1,145	49	62538
249.66796875	0.0	behav,3,-1,166	50	63915
253.21484375	0.0	oddball,16746,-1,182	51	64823
255.0234375	0.0	behav,2,-1,187	52	65286
260.4453125	0.0	behav,3,-1,208	53	66674
264.47265625	0.0	oddball,16746,-1,226	54	67705
265.98046875	0.0	behav,2,-1,229	55	68091
271.3359375	0.0	behav,3,-1,250	56	69462
276.7578125	0.0	behav,3,-1,271	57	70850
282.29296875	0.0	behav,3,-1,292	58	72267
287.6953125	0.0	behav,3,-1,313	59	73650
293.11328125	0.0	behav,3,-1,334	60	75037
298.375	0.0	behav,3,-1,355	61	76384
