onset	duration	trial_type	value	sample
5.5546875	0.0	behav,3,-1,21	1	1422
10.9296875	0.0	behav,3,-1,42	2	2798
16.35546875	0.0	behav,3,-1,63	3	4187
21.75	0.0	behav,3,-1,84	4	5568
25.3203125	0.0	oddball,16746,-1,100	5	6482
27.2421875	0.0	behav,2,-1,381	6	6974
32.640625	0.0	behav,3,-1,402	7	8356
38.04296875	0.0	behav,3,-1,423	8	9739
43.578125	0.0	behav,3,-1,444	9	11156
49.0234375	0.0	behav,3,-1,465	10	12550
54.484375	0.0	behav,3,-1,486	11	13948
59.9140625	0.0	behav,3,-1,507	12	15338
65.3359375	0.0	behav,3,-1,528	13	16726
70.78125	0.0	behav,3,-1,549	14	18120
76.203125	0.0	behav,3,-1,570	15	19508
81.6015625	0.0	behav,3,-1,591	16	20890
87.11328125	0.0	behav,3,-1,612	17	22301
92.4921875	0.0	behav,3,-1,633	18	23678
97.84765625	0.0	behav,3,-1,654	19	25049
103.22265625	0.0	behav,3,-1,675	20	26425
108.62109375	0.0	behav,3,-1,696	21	27807
113.95703125	0.0	behav,3,-1,717	22	29173
119.40625	0.0	behav,3,-1,738	23	30568
124.78125	0.0	behav,3,-1,759	24	31944
130.203125	0.0	behav,3,-1,780	25	33332
135.625	0.0	behav,3,-1,801	26	34720
141.02734375	0.0	behav,3,-1,822	27	36103
146.44921875	0.0	behav,3,-1,843	28	37491
151.890625	0.0	behav,3,-1,864	29	38884
154.3515625	0.0	oddball,16745,-1,875	30	39514
157.26953125	0.0	behav,2,-1,885	31	40261
162.76171875	0.0	behav,3,-1,906	32	41667
168.20703125	0.0	behav,3,-1,927	33	43061
173.625	0.0	behav,3,-1,948	34	44448
179.05078125	0.0	behav,3,-1,969	35	45837
184.26953125	0.0	behav,3,-1,990	36	47173
186.76953125	0.0	oddball,16740,-1,1001	37	47813
189.71484375	0.0	behav,2,-1,1011	38	48567
192.2421875	0.0	oddball,16746,-1,1022	39	49214
195.1328125	0.0	behav,2,-1,1032	40	49954
200.5625	0.0	behav,3,-1,1053	41	51344
205.984375	0.0	behav,3,-1,1074	42	52732
211.40625	0.0	behav,3,-1,1095	43	54120
216.73828125	0.0	behav,3,-1,1116	44	55485
222.13671875	0.0	behav,3,-1,1137	45	56867
227.65234375	0.0	behav,3,-1,1158	46	58279
233.046875	0.0	behav,3,-1,103	47	59660
238.49609375	0.0	behav,3,-1,124	48	61055
243.984375	0.0	behav,3,-1,145	49	62460
248.39453125	0.0	oddball,16740,-1,165	50	63589
249.40625	0.0	behav,0,-1,166	51	63848
254.8125	0.0	behav,3,-1,187	52	65232
260.234375	0.0	behav,3,-1,208	53	66620
265.83203125	0.0	behav,3,-1,229	54	68053
271.30078125	0.0	behav,3,-1,250	55	69453
276.859375	0.0	behav,3,-1,271	56	70876
282.28125	0.0	behav,3,-1,292	57	72264
287.75	0.0	behav,3,-1,313	58	73664
293.21875	0.0	behav,3,-1,334	59	75064
298.703125	0.0	behav,3,-1,355	60	76468
302.28125	0.0	oddball,16744,-1,371	61	77384
