onset	duration	trial_type	value	sample
5.56640625	0.0	behav,3,-1,21	1	1425
11.015625	0.0	behav,3,-1,42	2	2820
14.6328125	0.0	oddball,16741,-1,58	3	3746
16.57421875	0.0	behav,2,-1,63	4	4243
21.96875	0.0	behav,3,-1,84	5	5624
25.7734375	0.0	oddball,16742,-1,377	6	6598
27.5078125	0.0	behav,2,-1,381	7	7042
32.90625	0.0	behav,3,-1,402	8	8424
38.328125	0.0	behav,3,-1,423	9	9812
43.77734375	0.0	behav,3,-1,444	10	11207
49.2890625	0.0	behav,3,-1,465	11	12618
54.84375	0.0	behav,3,-1,486	12	14040
60.2421875	0.0	behav,3,-1,507	13	15422
65.69140625	0.0	behav,3,-1,528	14	16817
71.1796875	0.0	behav,3,-1,549	15	18222
76.6015625	0.0	behav,3,-1,570	16	19610
81.98046875	0.0	behav,3,-1,591	17	20987
87.46875	0.0	behav,3,-1,612	18	22392
92.84765625	0.0	behav,3,-1,633	19	23769
98.3359375	0.0	behav,3,-1,654	20	25174
103.828125	0.0	behav,3,-1,675	21	26580
107.87109375	0.0	oddball,16747,-1,693	22	27615
109.31640625	0.0	behav,2,-1,696	23	27985
114.7421875	0.0	behav,3,-1,717	24	29374
120.2109375	0.0	behav,3,-1,738	25	30774
125.6953125	0.0	behav,3,-1,759	26	32178
131.09765625	0.0	behav,3,-1,780	27	33561
136.5390625	0.0	behav,3,-1,801	28	34954
141.984375	0.0	behav,3,-1,822	29	36348
147.3203125	0.0	behav,3,-1,843	30	37714
152.7890625	0.0	behav,3,-1,864	31	39114
158.20703125	0.0	behav,3,-1,885	32	40501
163.60546875	0.0	behav,3,-1,906	33	41883
169.28125	0.0	behav,3,-1,927	34	43336
174.703125	0.0	behav,3,-1,948	35	44724
176.30859375	0.0	oddball,16747,-1,955	36	45135
180.08203125	0.0	behav,2,-1,969	37	46101
185.55078125	0.0	behav,3,-1,990	38	47501
190.99609375	0.0	behav,3,-1,1011	39	48895
196.7734375	0.0	behav,3,-1,1032	40	50374
202.21875	0.0	behav,3,-1,1053	41	51768
207.640625	0.0	behav,3,-1,1074	42	53156
213.0625	0.0	behav,3,-1,1095	43	54544
218.55078125	0.0	behav,3,-1,1116	44	55949
223.9765625	0.0	behav,3,-1,1137	45	57338
229.51171875	0.0	behav,3,-1,1158	46	58755
234.83984375	0.0	behav,3,-1,103	47	60119
240.2890625	0.0	behav,3,-1,124	48	61514
243.890625	0.0	oddball,16747,-1,140	49	62436
245.9375	0.0	behav,2,-1,145	50	62960
251.359375	0.0	behav,3,-1,166	51	64348
256.76171875	0.0	behav,3,-1,187	52	65731
262.17578125	0.0	behav,3,-1,208	53	67117
265.12890625	0.0	oddball,16748,-1,221	54	67873
267.6953125	0.0	behav,2,-1,229	55	68530
273.20703125	0.0	behav,3,-1,250	56	69941
278.67578125	0.0	behav,3,-1,271	57	71341
284.12109375	0.0	behav,3,-1,292	58	72735
289.61328125	0.0	behav,3,-1,313	59	74141
295.03515625	0.0	behav,3,-1,334	60	75529
300.5	0.0	behav,3,-1,355	61	76928
