onset	duration	trial_type	value	sample
5.421875	0.0	behav,3,-1,21	1	1388
10.75390625	0.0	behav,3,-1,42	2	2753
16.15625	0.0	behav,3,-1,63	3	4136
21.5078125	0.0	behav,3,-1,84	4	5506
26.8828125	0.0	behav,3,-1,381	5	6882
32.28515625	0.0	behav,3,-1,402	6	8265
37.6640625	0.0	behav,3,-1,423	7	9642
43.046875	0.0	behav,3,-1,444	8	11020
48.328125	0.0	behav,3,-1,465	9	12372
53.703125	0.0	behav,3,-1,486	10	13748
59.05859375	0.0	behav,3,-1,507	11	15119
64.41796875	0.0	behav,3,-1,528	12	16491
69.7734375	0.0	behav,3,-1,549	13	17862
75.171875	0.0	behav,3,-1,570	14	19244
80.55078125	0.0	behav,3,-1,591	15	20621
85.953125	0.0	behav,3,-1,612	16	22004
91.34765625	0.0	behav,3,-1,633	17	23385
96.7265625	0.0	behav,3,-1,654	18	24762
102.26171875	0.0	behav,3,-1,675	19	26179
107.6640625	0.0	behav,3,-1,696	20	27562
113.0625	0.0	behav,3,-1,717	21	28944
118.4453125	0.0	behav,3,-1,738	22	30322
123.83984375	0.0	behav,3,-1,759	23	31703
129.3515625	0.0	behav,3,-1,780	24	33114
134.80078125	0.0	behav,3,-1,801	25	34509
140.19921875	0.0	behav,3,-1,822	26	35891
145.53515625	0.0	behav,3,-1,843	27	37257
150.98046875	0.0	behav,3,-1,864	28	38651
156.33203125	0.0	behav,3,-1,885	29	40021
162.29296875	0.0	behav,3,-1,906	30	41547
167.625	0.0	behav,3,-1,927	31	42912
173.0078125	0.0	behav,3,-1,948	32	44290
178.3828125	0.0	behav,3,-1,969	33	45666
183.80859375	0.0	behav,3,-1,990	34	47055
189.203125	0.0	behav,3,-1,1011	35	48436
194.66796875	0.0	behav,3,-1,1032	36	49835
200.1171875	0.0	behav,3,-1,1053	37	51230
205.7421875	0.0	behav,3,-1,1074	38	52670
211.32421875	0.0	behav,3,-1,1095	39	54099
216.76953125	0.0	behav,3,-1,1116	40	55493
222.23828125	0.0	behav,3,-1,1137	41	56893
224.08203125	0.0	oddball,16745,-1,1145	42	57365
227.6796875	0.0	behav,2,-1,1158	43	58286
228.234375	0.0	oddball,16742,-1,1160	44	58428
233.1484375	0.0	behav,2,-1,103	45	59686
237.359375	0.0	oddball,16747,-1,122	46	60764
238.609375	0.0	behav,2,-1,124	47	61084
244.015625	0.0	behav,3,-1,145	48	62468
249.41796875	0.0	behav,3,-1,166	49	63851
250.82421875	0.0	oddball,16741,-1,172	50	64211
254.86328125	0.0	behav,2,-1,187	51	65245
255.6328125	0.0	oddball,16741,-1,190	52	65442
260.30859375	0.0	behav,2,-1,208	53	66639
265.75	0.0	behav,3,-1,229	54	68032
271.14453125	0.0	behav,3,-1,250	55	69413
274.06640625	0.0	oddball,16747,-1,263	56	70161
276.84375	0.0	behav,2,-1,271	57	70872
282.24609375	0.0	behav,3,-1,292	58	72255
287.64453125	0.0	behav,3,-1,313	59	73637
293.08984375	0.0	behav,3,-1,334	60	75031
298.46484375	0.0	behav,3,-1,355	61	76407
