onset	duration	trial_type	value	sample
5.453125	0.0	behav,3,-1,21	1	1396
10.765625	0.0	behav,3,-1,42	2	2756
16.39453125	0.0	behav,3,-1,63	3	4197
21.69921875	0.0	behav,3,-1,84	4	5555
26.984375	0.0	behav,3,-1,381	5	6908
32.34375	0.0	behav,3,-1,402	6	8280
37.72265625	0.0	behav,3,-1,423	7	9657
43.0546875	0.0	behav,3,-1,444	8	11022
48.41015625	0.0	behav,3,-1,465	9	12393
53.6953125	0.0	behav,3,-1,486	10	13746
59.00390625	0.0	behav,3,-1,507	11	15105
64.359375	0.0	behav,3,-1,528	12	16476
69.578125	0.0	behav,3,-1,549	13	17812
74.9140625	0.0	behav,3,-1,570	14	19178
80.203125	0.0	behav,3,-1,591	15	20532
82.0	0.0	oddball,16745,-1,599	16	20992
85.578125	0.0	behav,2,-1,612	17	21908
90.90625	0.0	behav,3,-1,633	18	23272
94.2265625	0.0	oddball,16741,-1,648	19	24122
96.265625	0.0	behav,2,-1,654	20	24644
101.64453125	0.0	behav,3,-1,675	21	26021
106.9765625	0.0	behav,3,-1,696	22	27386
112.37890625	0.0	behav,3,-1,717	23	28769
117.8671875	0.0	behav,3,-1,738	24	30174
123.33203125	0.0	behav,3,-1,759	25	31573
128.6875	0.0	behav,3,-1,780	26	32944
134.01953125	0.0	behav,3,-1,801	27	34309
139.55859375	0.0	behav,3,-1,822	28	35727
144.95703125	0.0	behav,3,-1,843	29	37109
150.2421875	0.0	behav,3,-1,864	30	38462
155.69140625	0.0	behav,3,-1,885	31	39857
161.06640625	0.0	behav,3,-1,906	32	41233
166.375	0.0	behav,3,-1,927	33	42592
171.63671875	0.0	behav,3,-1,948	34	43939
172.65625	0.0	oddball,16741,-1,952	35	44200
177.015625	0.0	behav,2,-1,969	36	45316
182.33203125	0.0	behav,3,-1,990	37	46677
187.66015625	0.0	behav,3,-1,1011	38	48041
193.0625	0.0	behav,3,-1,1032	39	49424
198.43359375	0.0	behav,3,-1,1053	40	50799
203.7734375	0.0	behav,3,-1,1074	41	52166
209.21484375	0.0	behav,3,-1,1095	42	53559
214.6171875	0.0	behav,3,-1,1116	43	54942
219.96875	0.0	behav,3,-1,1137	44	56312
225.26171875	0.0	behav,3,-1,1158	45	57667
230.66015625	0.0	behav,3,-1,103	46	59049
235.98828125	0.0	behav,3,-1,124	47	60413
241.32421875	0.0	behav,3,-1,145	48	61779
246.99609375	0.0	behav,3,-1,166	49	63231
252.32421875	0.0	behav,3,-1,187	50	64595
254.12109375	0.0	oddball,16744,-1,195	51	65055
257.640625	0.0	behav,2,-1,208	52	65956
262.9453125	0.0	behav,3,-1,229	53	67314
268.32421875	0.0	behav,3,-1,250	54	68691
272.421875	0.0	oddball,16746,-1,269	55	69740
273.703125	0.0	behav,2,-1,271	56	70068
279.08203125	0.0	behav,3,-1,292	57	71445
284.3671875	0.0	behav,3,-1,313	58	72798
289.6796875	0.0	behav,3,-1,334	59	74158
293.9921875	0.0	oddball,16748,-1,354	60	75262
294.984375	0.0	behav,0,-1,355	61	75516
