onset	duration	trial_type	value	sample
5.50390625	0.0	behav,3,-1,21	1	1409
10.97265625	0.0	behav,3,-1,42	2	2809
16.3515625	0.0	behav,3,-1,63	3	4186
19.06640625	0.0	oddball,16741,-1,75	4	4881
21.74609375	0.0	behav,2,-1,84	5	5567
27.125	0.0	behav,3,-1,381	6	6944
32.63671875	0.0	behav,3,-1,402	7	8355
38.015625	0.0	behav,3,-1,423	8	9732
43.34765625	0.0	behav,3,-1,444	9	11097
48.83984375	0.0	behav,3,-1,465	10	12503
54.234375	0.0	behav,3,-1,486	11	13884
59.6328125	0.0	behav,3,-1,507	12	15266
65.0390625	0.0	behav,3,-1,528	13	16650
70.4609375	0.0	behav,3,-1,549	14	18038
75.859375	0.0	behav,3,-1,570	15	19420
81.28125	0.0	behav,3,-1,591	16	20808
82.484375	0.0	oddball,16748,-1,596	17	21116
86.6796875	0.0	behav,2,-1,612	18	22190
92.1015625	0.0	behav,3,-1,633	19	23578
97.4609375	0.0	behav,3,-1,654	20	24950
102.83984375	0.0	behav,3,-1,675	21	26327
108.234375	0.0	behav,3,-1,696	22	27708
113.6171875	0.0	behav,3,-1,717	23	29086
118.9296875	0.0	behav,3,-1,738	24	30446
124.28125	0.0	behav,3,-1,759	25	31816
129.56640625	0.0	behav,3,-1,780	26	33169
134.96875	0.0	behav,3,-1,801	27	34552
140.3203125	0.0	behav,3,-1,822	28	35922
145.6328125	0.0	behav,3,-1,843	29	37282
148.91796875	0.0	oddball,16747,-1,858	30	38123
150.98828125	0.0	behav,2,-1,864	31	38653
156.38671875	0.0	behav,3,-1,885	32	40035
161.73828125	0.0	behav,3,-1,906	33	41405
167.1171875	0.0	behav,3,-1,927	34	42782
172.51953125	0.0	behav,3,-1,948	35	44165
178.0078125	0.0	behav,3,-1,969	36	45570
183.48046875	0.0	behav,3,-1,990	37	46971
184.03515625	0.0	oddball,16747,-1,992	38	47113
188.8359375	0.0	behav,2,-1,1011	39	48342
194.18359375	0.0	behav,3,-1,1032	40	49711
199.515625	0.0	behav,3,-1,1053	41	51076
204.96484375	0.0	behav,3,-1,1074	42	52471
207.22265625	0.0	oddball,16742,-1,1084	43	53049
210.390625	0.0	behav,3,-1,1095	44	53860
215.7421875	0.0	behav,3,-1,1116	45	55230
221.37109375	0.0	behav,3,-1,1137	46	56671
226.75	0.0	behav,3,-1,1158	47	58048
232.125	0.0	behav,3,-1,103	48	59424
237.58984375	0.0	behav,3,-1,124	49	60823
242.9921875	0.0	behav,3,-1,145	50	62206
248.34765625	0.0	behav,3,-1,166	51	63577
253.7265625	0.0	behav,3,-1,187	52	64954
256.0234375	0.0	oddball,16747,-1,197	53	65542
259.16796875	0.0	behav,2,-1,208	54	66347
264.609375	0.0	behav,3,-1,229	55	67740
269.98828125	0.0	behav,3,-1,250	56	69117
275.3671875	0.0	behav,3,-1,271	57	70494
280.74609375	0.0	behav,3,-1,292	58	71871
286.19140625	0.0	behav,3,-1,313	59	73265
291.63671875	0.0	behav,3,-1,334	60	74659
297.05859375	0.0	behav,3,-1,355	61	76047
