onset	duration	trial_type	value	sample
5.62109375	0.0	behav,3,-1,21	1	1439
11.01953125	0.0	behav,3,-1,42	2	2821
16.52734375	0.0	behav,3,-1,63	3	4231
21.99609375	0.0	behav,3,-1,84	4	5631
28.4375	0.0	behav,3,-1,381	5	7280
33.87890625	0.0	behav,3,-1,402	6	8673
39.34375	0.0	behav,3,-1,423	7	10072
44.87890625	0.0	behav,3,-1,444	8	11489
50.28125	0.0	behav,3,-1,465	9	12872
55.74609375	0.0	behav,3,-1,486	10	14271
61.3046875	0.0	behav,3,-1,507	11	15694
66.74609375	0.0	behav,3,-1,528	12	17087
72.1953125	0.0	behav,3,-1,549	13	18482
77.62109375	0.0	behav,3,-1,570	14	19871
83.109375	0.0	behav,3,-1,591	15	21276
88.59375	0.0	behav,3,-1,612	16	22680
89.828125	0.0	oddball,16743,-1,617	17	22996
94.22265625	0.0	behav,2,-1,633	18	24121
99.82421875	0.0	behav,3,-1,654	19	25555
105.31640625	0.0	behav,3,-1,675	20	26961
106.09375	0.0	oddball,16742,-1,678	21	27160
110.7578125	0.0	behav,2,-1,696	22	28354
116.34375	0.0	behav,3,-1,717	23	29784
121.7421875	0.0	behav,3,-1,738	24	31166
127.18359375	0.0	behav,3,-1,759	25	32559
132.72265625	0.0	behav,3,-1,780	26	33977
136.92578125	0.0	oddball,16748,-1,799	27	35053
138.14453125	0.0	behav,2,-1,801	28	35365
143.58984375	0.0	behav,3,-1,822	29	36759
148.96875	0.0	behav,3,-1,843	30	38136
154.43359375	0.0	behav,3,-1,864	31	39535
159.8984375	0.0	behav,3,-1,885	32	40934
165.3671875	0.0	behav,3,-1,906	33	42334
170.859375	0.0	behav,3,-1,927	34	43740
176.3046875	0.0	behav,3,-1,948	35	45134
181.796875	0.0	behav,3,-1,969	36	46540
187.26171875	0.0	behav,3,-1,990	37	47939
192.703125	0.0	behav,3,-1,1011	38	49332
198.23828125	0.0	behav,3,-1,1032	39	50749
203.7109375	0.0	behav,3,-1,1053	40	52150
206.66015625	0.0	oddball,16744,-1,1066	41	52905
209.1953125	0.0	behav,2,-1,1074	42	53554
213.03515625	0.0	oddball,16741,-1,1091	43	54537
214.6640625	0.0	behav,2,-1,1095	44	54954
220.109375	0.0	behav,3,-1,1116	45	56348
225.515625	0.0	behav,3,-1,1137	46	57732
230.95703125	0.0	behav,3,-1,1158	47	59125
236.42578125	0.0	behav,3,-1,103	48	60525
241.796875	0.0	behav,3,-1,124	49	61900
247.31640625	0.0	behav,3,-1,145	50	63313
252.78515625	0.0	behav,3,-1,166	51	64713
258.2734375	0.0	behav,3,-1,187	52	66118
263.71484375	0.0	behav,3,-1,208	53	67511
269.140625	0.0	behav,3,-1,229	54	68900
274.625	0.0	behav,3,-1,250	55	70304
279.984375	0.0	behav,3,-1,271	56	71676
285.41015625	0.0	behav,3,-1,292	57	73065
286.375	0.0	oddball,16742,-1,296	58	73312
290.921875	0.0	behav,2,-1,313	59	74476
296.2734375	0.0	behav,3,-1,334	60	75846
301.71484375	0.0	behav,3,-1,355	61	77239
