onset	duration	trial_type	value	sample
5.46484375	0.0	behav,3,-1,21	1	1399
10.78125	0.0	behav,3,-1,42	2	2760
16.046875	0.0	behav,3,-1,63	3	4108
21.46484375	0.0	behav,3,-1,84	4	5495
26.6640625	0.0	behav,3,-1,381	5	6826
31.96875	0.0	behav,3,-1,402	6	8184
37.375	0.0	behav,3,-1,423	7	9568
42.6796875	0.0	behav,3,-1,444	8	10926
48.21875	0.0	behav,3,-1,465	9	12344
53.6171875	0.0	behav,3,-1,486	10	13726
58.97265625	0.0	behav,3,-1,507	11	15097
60.7734375	0.0	oddball,16746,-1,515	12	15558
64.3046875	0.0	behav,2,-1,528	13	16462
69.59375	0.0	behav,3,-1,549	14	17816
74.92578125	0.0	behav,3,-1,570	15	19181
80.23828125	0.0	behav,3,-1,591	16	20541
85.50390625	0.0	behav,3,-1,612	17	21889
90.80859375	0.0	behav,3,-1,633	18	23247
91.78515625	0.0	oddball,16747,-1,637	19	23497
96.12109375	0.0	behav,2,-1,654	20	24607
101.5	0.0	behav,3,-1,675	21	25984
106.83203125	0.0	behav,3,-1,696	22	27349
112.25390625	0.0	behav,3,-1,717	23	28737
117.5390625	0.0	behav,3,-1,738	24	30090
122.87109375	0.0	behav,3,-1,759	25	31455
128.16015625	0.0	behav,3,-1,780	26	32809
133.5625	0.0	behav,3,-1,801	27	34192
138.8203125	0.0	behav,3,-1,822	28	35538
144.18359375	0.0	behav,3,-1,843	29	36911
149.4921875	0.0	behav,3,-1,864	30	38270
154.6875	0.0	behav,3,-1,885	31	39600
160.22265625	0.0	behav,3,-1,906	32	41017
165.46484375	0.0	behav,3,-1,927	33	42359
170.75	0.0	behav,3,-1,948	34	43712
176.015625	0.0	behav,3,-1,969	35	45060
181.37109375	0.0	behav,3,-1,990	36	46431
186.63671875	0.0	behav,3,-1,1011	37	47779
191.92578125	0.0	behav,3,-1,1032	38	49133
197.20703125	0.0	behav,3,-1,1053	39	50485
202.4765625	0.0	behav,3,-1,1074	40	51834
205.55078125	0.0	oddball,16747,-1,1088	41	52621
207.83203125	0.0	behav,2,-1,1095	42	53205
213.02734375	0.0	behav,3,-1,1116	43	54535
218.33984375	0.0	behav,3,-1,1137	44	55895
223.69921875	0.0	behav,3,-1,1158	45	57267
229.1171875	0.0	behav,3,-1,103	46	58654
234.4296875	0.0	behav,3,-1,124	47	60014
239.80859375	0.0	behav,3,-1,145	48	61391
245.09375	0.0	behav,3,-1,166	49	62744
250.4453125	0.0	behav,3,-1,187	50	64114
255.76171875	0.0	behav,3,-1,208	51	65475
261.05078125	0.0	behav,3,-1,229	52	66829
266.41796875	0.0	behav,3,-1,250	53	68203
268.64453125	0.0	oddball,16748,-1,260	54	68773
271.7578125	0.0	behav,2,-1,271	55	69570
277.15625	0.0	behav,3,-1,292	56	70952
278.140625	0.0	oddball,16747,-1,296	57	71204
282.46484375	0.0	behav,2,-1,313	58	72311
283.02734375	0.0	oddball,16747,-1,315	59	72455
287.80078125	0.0	behav,2,-1,334	60	73677
293.109375	0.0	behav,3,-1,355	61	75036
