onset	duration	trial_type	value	sample
1.69921875	0.0	oddball,16746,-1,7	1	435
5.60546875	0.0	behav,2,-1,21	2	1435
10.9140625	0.0	behav,3,-1,42	3	2794
16.22265625	0.0	behav,3,-1,63	4	4153
21.55078125	0.0	behav,3,-1,84	5	5517
27.01953125	0.0	behav,3,-1,381	6	6917
32.44140625	0.0	behav,3,-1,402	7	8305
37.8203125	0.0	behav,3,-1,423	8	9682
43.2421875	0.0	behav,3,-1,444	9	11070
45.76171875	0.0	oddball,16748,-1,455	10	11715
48.66796875	0.0	behav,2,-1,465	11	12459
54.0390625	0.0	behav,3,-1,486	12	13834
59.4453125	0.0	behav,3,-1,507	13	15218
64.890625	0.0	behav,3,-1,528	14	16612
70.33203125	0.0	behav,3,-1,549	15	18005
75.77734375	0.0	behav,3,-1,570	16	19399
81.1796875	0.0	behav,3,-1,591	17	20782
86.53515625	0.0	behav,3,-1,612	18	22153
91.98046875	0.0	behav,3,-1,633	19	23547
97.3828125	0.0	behav,3,-1,654	20	24930
102.82421875	0.0	behav,3,-1,675	21	26323
108.24609375	0.0	behav,3,-1,696	22	27711
113.62890625	0.0	behav,3,-1,717	23	29089
119.07421875	0.0	behav,3,-1,738	24	30483
124.44921875	0.0	behav,3,-1,759	25	31859
129.84765625	0.0	behav,3,-1,780	26	33241
135.22265625	0.0	behav,3,-1,801	27	34617
140.55859375	0.0	behav,3,-1,822	28	35983
145.95703125	0.0	behav,3,-1,843	29	37365
149.734375	0.0	oddball,16743,-1,860	30	38332
151.44921875	0.0	behav,2,-1,864	31	38771
156.78125	0.0	behav,3,-1,885	32	40136
162.19921875	0.0	behav,3,-1,906	33	41523
167.62890625	0.0	behav,3,-1,927	34	42913
169.265625	0.0	oddball,16743,-1,934	35	43332
173.0234375	0.0	behav,2,-1,948	36	44294
178.47265625	0.0	behav,3,-1,969	37	45689
183.76171875	0.0	behav,3,-1,990	38	47043
187.6875	0.0	oddball,16746,-1,1008	39	48048
189.08984375	0.0	behav,2,-1,1011	40	48407
194.40234375	0.0	behav,3,-1,1032	41	49767
199.77734375	0.0	behav,3,-1,1053	42	51143
205.30859375	0.0	behav,3,-1,1074	43	52559
210.7109375	0.0	behav,3,-1,1095	44	53942
216.16015625	0.0	behav,3,-1,1116	45	55337
221.51171875	0.0	behav,3,-1,1137	46	56707
227.1875	0.0	behav,3,-1,1158	47	58160
232.625	0.0	behav,3,-1,103	48	59552
238.0234375	0.0	behav,3,-1,124	49	60934
243.4296875	0.0	behav,3,-1,145	50	62318
247.01171875	0.0	oddball,16742,-1,161	51	63235
248.8984375	0.0	behav,2,-1,166	52	63718
254.32421875	0.0	behav,3,-1,187	53	65107
259.7421875	0.0	behav,3,-1,208	54	66494
265.140625	0.0	behav,3,-1,229	55	67876
270.56640625	0.0	behav,3,-1,250	56	69265
275.9609375	0.0	behav,3,-1,271	57	70646
281.3828125	0.0	behav,3,-1,292	58	72034
286.8125	0.0	behav,3,-1,313	59	73424
292.1640625	0.0	behav,3,-1,334	60	74794
297.546875	0.0	behav,3,-1,355	61	76172
