onset	duration	trial_type	value	sample
5.44921875	0.0	behav,3,-1,21	1	1395
7.0703125	0.0	oddball,16744,-1,28	2	1810
10.89453125	0.0	behav,2,-1,42	3	2789
16.140625	0.0	behav,3,-1,63	4	4132
21.53515625	0.0	behav,3,-1,84	5	5513
26.87109375	0.0	behav,3,-1,381	6	6879
32.40625	0.0	behav,3,-1,402	7	8296
33.16015625	0.0	oddball,16742,-1,405	8	8489
37.71484375	0.0	behav,2,-1,423	9	9655
40.5703125	0.0	oddball,16748,-1,436	10	10386
43.1171875	0.0	behav,3,-1,444	11	11038
48.421875	0.0	behav,3,-1,465	12	12396
53.84765625	0.0	behav,3,-1,486	13	13785
59.22265625	0.0	behav,3,-1,507	14	15161
64.51171875	0.0	behav,3,-1,528	15	16515
69.80078125	0.0	behav,3,-1,549	16	17869
75.04296875	0.0	behav,3,-1,570	17	19211
80.3984375	0.0	behav,3,-1,591	18	20582
85.86328125	0.0	behav,3,-1,612	19	21981
91.15234375	0.0	behav,3,-1,633	20	23335
96.57421875	0.0	behav,3,-1,654	21	24723
101.94921875	0.0	behav,3,-1,675	22	26099
107.3515625	0.0	behav,3,-1,696	23	27482
112.8671875	0.0	behav,3,-1,717	24	28894
118.40234375	0.0	behav,3,-1,738	25	30311
123.6875	0.0	behav,3,-1,759	26	31664
129.109375	0.0	behav,3,-1,780	27	33052
134.39453125	0.0	behav,3,-1,801	28	34405
139.8203125	0.0	behav,3,-1,822	29	35794
140.78515625	0.0	oddball,16741,-1,826	30	36041
145.17578125	0.0	behav,2,-1,843	31	37165
150.51171875	0.0	behav,3,-1,864	32	38531
156.0859375	0.0	behav,3,-1,885	33	39958
161.44140625	0.0	behav,3,-1,906	34	41329
166.8671875	0.0	behav,3,-1,927	35	42718
172.35546875	0.0	behav,3,-1,948	36	44123
177.68359375	0.0	behav,3,-1,969	37	45487
183.15625	0.0	behav,3,-1,990	38	46888
188.53515625	0.0	behav,3,-1,1011	39	48265
193.953125	0.0	behav,3,-1,1032	40	49652
199.328125	0.0	behav,3,-1,1053	41	51028
204.83984375	0.0	behav,3,-1,1074	42	52439
210.22265625	0.0	behav,3,-1,1095	43	53817
215.625	0.0	behav,3,-1,1116	44	55200
221.09375	0.0	behav,3,-1,1137	45	56600
226.4921875	0.0	behav,3,-1,1158	46	57982
231.91015625	0.0	behav,3,-1,103	47	59369
237.2890625	0.0	behav,3,-1,124	48	60746
242.71484375	0.0	behav,3,-1,145	49	62135
248.08984375	0.0	behav,3,-1,166	50	63511
250.77734375	0.0	oddball,16748,-1,178	51	64199
253.4921875	0.0	behav,2,-1,187	52	64894
257.30078125	0.0	oddball,16740,-1,204	53	65869
259.05078125	0.0	behav,2,-1,208	54	66317
264.58203125	0.0	behav,3,-1,229	55	67733
269.9609375	0.0	behav,3,-1,250	56	69110
275.26953125	0.0	behav,3,-1,271	57	70469
280.58203125	0.0	behav,3,-1,292	58	71829
285.89453125	0.0	behav,3,-1,313	59	73189
291.203125	0.0	behav,3,-1,334	60	74548
296.51171875	0.0	behav,3,-1,355	61	75907
