onset	duration	trial_type	value	sample
0.28125	0.0	behav,3,-1,21	1	72
5.6328125	0.0	behav,3,-1,42	2	1442
11.02734375	0.0	behav,3,-1,63	3	2823
16.45703125	0.0	behav,3,-1,84	4	4213
21.921875	0.0	behav,3,-1,381	5	5612
27.5625	0.0	behav,3,-1,402	6	7056
32.984375	0.0	behav,3,-1,423	7	8444
38.375	0.0	behav,0,-1,444	8	9824
42.66796875	0.0	oddball,16743,-1,442	9	10923
43.6875	0.0	behav,3,-1,465	10	11184
49.12109375	0.0	behav,3,-1,486	11	12575
54.44140625	0.0	behav,3,-1,507	12	13937
59.875	0.0	behav,3,-1,528	13	15328
65.30859375	0.0	behav,3,-1,549	14	16719
70.66015625	0.0	behav,0,-1,570	15	18089
73.796875	0.0	oddball,16742,-1,562	16	18892
76.1640625	0.0	behav,3,-1,591	17	19498
81.7265625	0.0	behav,3,-1,612	18	20922
87.08203125	0.0	behav,0,-1,633	19	22293
88.98046875	0.0	oddball,16744,-1,619	20	22779
92.515625	0.0	behav,3,-1,654	21	23684
97.8984375	0.0	behav,3,-1,675	22	25062
103.30859375	0.0	behav,3,-1,696	23	26447
108.63671875	0.0	behav,0,-1,717	24	27811
112.0	0.0	oddball,16747,-1,710	25	28672
113.98828125	0.0	behav,3,-1,738	26	29181
119.4453125	0.0	behav,3,-1,759	27	30578
124.8203125	0.0	behav,3,-1,780	28	31954
130.32421875	0.0	behav,3,-1,801	29	33363
135.6953125	0.0	behav,3,-1,822	30	34738
141.08203125	0.0	behav,3,-1,843	31	36117
146.5234375	0.0	behav,3,-1,864	32	37510
152.0703125	0.0	behav,3,-1,885	33	38930
157.40625	0.0	behav,3,-1,906	34	40296
162.796875	0.0	behav,3,-1,927	35	41676
168.23828125	0.0	behav,3,-1,948	36	43069
173.63671875	0.0	behav,3,-1,969	37	44451
179.13671875	0.0	behav,3,-1,990	38	45859
184.48046875	0.0	behav,0,-1,1011	39	47227
185.828125	0.0	oddball,16743,-1,994	40	47572
190.046875	0.0	behav,3,-1,1032	41	48652
195.421875	0.0	behav,3,-1,1053	42	50028
201.01171875	0.0	behav,3,-1,1074	43	51459
206.4609375	0.0	behav,3,-1,1095	44	52854
211.83203125	0.0	behav,3,-1,1116	45	54229
217.19140625	0.0	behav,3,-1,1137	46	55601
222.57421875	0.0	behav,3,-1,1158	47	56979
228.2578125	0.0	behav,3,-1,103	48	58434
233.6796875	0.0	behav,3,-1,124	49	59822
239.0078125	0.0	behav,3,-1,145	50	61186
244.328125	0.0	behav,3,-1,166	51	62548
249.62890625	0.0	behav,3,-1,187	52	63905
255.09375	0.0	behav,3,-1,208	53	65304
260.65625	0.0	behav,3,-1,229	54	66728
266.16015625	0.0	behav,3,-1,250	55	68137
271.9375	0.0	behav,3,-1,271	56	69616
277.48046875	0.0	behav,3,-1,292	57	71035
282.90625	0.0	behav,3,-1,313	58	72424
288.2734375	0.0	behav,3,-1,334	59	73798
293.69921875	0.0	behav,3,-1,355	60	75187
299.25	0.0	behav,0,-1,376	61	76608
300.171875	0.0	oddball,16743,-1,358	62	76844
