onset	duration	trial_type	value	sample
0.5	0.0	oddball,16748,-1,1	1	128
5.7109375	0.0	behav,0,-1,21	2	1462
11.203125	0.0	behav,3,-1,42	3	2868
16.6484375	0.0	behav,3,-1,63	4	4262
22.06640625	0.0	behav,3,-1,84	5	5649
27.55859375	0.0	behav,3,-1,381	6	7055
32.95703125	0.0	behav,3,-1,402	7	8437
38.40234375	0.0	behav,3,-1,423	8	9831
43.84765625	0.0	behav,3,-1,444	9	11225
47.0	0.0	oddball,16747,-1,459	10	12032
49.31640625	0.0	behav,0,-1,465	11	12625
54.8046875	0.0	behav,3,-1,486	12	14030
60.33984375	0.0	behav,3,-1,507	13	15447
65.85546875	0.0	behav,3,-1,528	14	16859
71.25390625	0.0	behav,3,-1,549	15	18241
76.69921875	0.0	behav,3,-1,570	16	19635
77.84375	0.0	oddball,16742,-1,575	17	19928
81.921875	0.0	behav,0,-1,591	18	20972
87.453125	0.0	behav,3,-1,612	19	22388
92.921875	0.0	behav,3,-1,633	20	23788
98.5234375	0.0	behav,3,-1,654	21	25222
104.21484375	0.0	behav,3,-1,675	22	26679
109.640625	0.0	behav,3,-1,696	23	28068
115.21875	0.0	behav,3,-1,717	24	29496
120.6875	0.0	behav,3,-1,738	25	30896
126.12890625	0.0	behav,3,-1,759	26	32289
131.48828125	0.0	behav,3,-1,780	27	33661
137.1328125	0.0	behav,3,-1,801	28	35106
140.296875	0.0	oddball,16741,-1,816	29	35916
142.78125	0.0	behav,0,-1,822	30	36552
143.34375	0.0	oddball,16743,-1,824	31	36696
148.2734375	0.0	behav,0,-1,843	32	37958
153.71875	0.0	behav,3,-1,864	33	39352
159.16015625	0.0	behav,3,-1,885	34	40745
164.6484375	0.0	behav,3,-1,906	35	42150
170.1640625	0.0	behav,3,-1,927	36	43562
175.5859375	0.0	behav,3,-1,948	37	44950
181.01171875	0.0	behav,3,-1,969	38	46339
182.984375	0.0	oddball,16746,-1,978	39	46844
186.5	0.0	behav,0,-1,990	40	47744
191.9453125	0.0	behav,3,-1,1011	41	49138
197.43359375	0.0	behav,3,-1,1032	42	50543
202.921875	0.0	behav,3,-1,1053	43	51948
208.4375	0.0	behav,3,-1,1074	44	53360
213.58984375	0.0	behav,3,-1,1095	45	54679
219.01171875	0.0	behav,3,-1,1116	46	56067
224.50390625	0.0	behav,3,-1,1137	47	57473
229.96875	0.0	behav,3,-1,1158	48	58872
235.43359375	0.0	behav,3,-1,103	49	60271
240.859375	0.0	behav,3,-1,124	50	61660
246.3046875	0.0	behav,3,-1,145	51	63054
251.7734375	0.0	behav,3,-1,166	52	64454
257.21875	0.0	behav,3,-1,187	53	65848
262.73046875	0.0	behav,3,-1,208	54	67259
268.7109375	0.0	behav,3,-1,229	55	68790
274.18359375	0.0	behav,3,-1,250	56	70191
279.671875	0.0	behav,3,-1,271	57	71596
285.09375	0.0	behav,3,-1,292	58	72984
290.7421875	0.0	behav,3,-1,313	59	74430
296.2109375	0.0	behav,3,-1,334	60	75830
301.69921875	0.0	behav,3,-1,355	61	77235
307.2109375	0.0	behav,3,-1,376	62	78646
