onset	duration	trial_type	value	sample
5.6171875	0.0	behav,3,-1,21	1	1438
11.0625	0.0	behav,3,-1,42	2	2832
16.48828125	0.0	behav,3,-1,63	3	4221
21.953125	0.0	behav,3,-1,84	4	5620
25.125	0.0	oddball,16747,-1,99	5	6432
27.3515625	0.0	behav,0,-1,381	6	7002
32.796875	0.0	behav,3,-1,402	7	8396
38.19921875	0.0	behav,3,-1,423	8	9779
43.59765625	0.0	behav,3,-1,444	9	11161
49.0	0.0	behav,3,-1,465	10	12544
54.44140625	0.0	behav,3,-1,486	11	13937
60.0	0.0	behav,3,-1,507	12	15360
65.4453125	0.0	behav,3,-1,528	13	16754
70.84375	0.0	behav,3,-1,549	14	18136
76.29296875	0.0	behav,3,-1,570	15	19531
77.4375	0.0	oddball,16745,-1,575	16	19824
81.734375	0.0	behav,0,-1,591	17	20924
87.16015625	0.0	behav,3,-1,612	18	22313
92.625	0.0	behav,3,-1,633	19	23712
98.046875	0.0	behav,3,-1,654	20	25100
103.71875	0.0	behav,3,-1,675	21	26552
109.1640625	0.0	behav,3,-1,696	22	27946
114.609375	0.0	behav,3,-1,717	23	29340
120.0546875	0.0	behav,3,-1,738	24	30734
125.49609375	0.0	behav,3,-1,759	25	32127
130.94140625	0.0	behav,3,-1,780	26	33521
136.2734375	0.0	behav,3,-1,801	27	34886
141.69921875	0.0	behav,3,-1,822	28	36275
147.12109375	0.0	behav,3,-1,843	29	37663
152.74609375	0.0	behav,3,-1,864	30	39103
158.16796875	0.0	behav,3,-1,885	31	40491
163.56640625	0.0	behav,3,-1,906	32	41873
169.01171875	0.0	behav,3,-1,927	33	43267
174.50390625	0.0	behav,3,-1,948	34	44673
179.92578125	0.0	behav,3,-1,969	35	46061
185.3046875	0.0	behav,3,-1,990	36	47438
190.75	0.0	behav,3,-1,1011	37	48832
196.41796875	0.0	behav,3,-1,1032	38	50283
201.9296875	0.0	behav,3,-1,1053	39	51694
207.421875	0.0	behav,3,-1,1074	40	53100
212.93359375	0.0	behav,3,-1,1095	41	54511
218.35546875	0.0	behav,3,-1,1116	42	55899
220.515625	0.0	oddball,16745,-1,1126	43	56452
223.77734375	0.0	behav,0,-1,1137	44	57287
229.203125	0.0	behav,3,-1,1158	45	58676
232.93359375	0.0	oddball,16746,-1,1176	46	59631
234.59765625	0.0	behav,0,-1,103	47	60057
240.0	0.0	behav,3,-1,124	48	61440
245.4453125	0.0	behav,3,-1,145	49	62834
250.9140625	0.0	behav,3,-1,166	50	64234
256.3828125	0.0	behav,3,-1,187	51	65634
261.984375	0.0	behav,3,-1,208	52	67068
267.42578125	0.0	behav,3,-1,229	53	68461
272.8515625	0.0	behav,3,-1,250	54	69850
278.1171875	0.0	behav,3,-1,271	55	71198
283.60546875	0.0	behav,3,-1,292	56	72603
287.34375	0.0	oddball,16746,-1,310	57	73560
289.07421875	0.0	behav,0,-1,313	58	74003
294.97265625	0.0	behav,3,-1,334	59	75513
295.734375	0.0	oddball,16743,-1,337	60	75708
300.37109375	0.0	behav,0,-1,355	61	76895
305.87890625	0.0	behav,3,-1,376	62	78305
