onset	duration	trial_type	value	sample
5.8203125	0.0	behav,3,-1,21	1	1490
11.26953125	0.0	behav,3,-1,42	2	2885
15.01171875	0.0	oddball,16746,-1,60	3	3843
16.89453125	0.0	behav,2,-1,63	4	4325
22.3359375	0.0	behav,3,-1,84	5	5718
24.08203125	0.0	oddball,16741,-1,92	6	6165
27.7109375	0.0	behav,2,-1,381	7	7094
33.1796875	0.0	behav,3,-1,402	8	8494
36.34765625	0.0	oddball,16744,-1,417	9	9305
38.55859375	0.0	behav,2,-1,423	10	9871
43.9375	0.0	behav,3,-1,444	11	11248
49.3359375	0.0	behav,3,-1,465	12	12630
50.09375	0.0	oddball,16746,-1,468	13	12824
54.7578125	0.0	behav,3,-1,486	14	14018
60.71875	0.0	behav,3,-1,507	15	15544
66.4140625	0.0	behav,3,-1,528	16	17002
67.36328125	0.0	oddball,16740,-1,532	17	17245
71.6796875	0.0	behav,2,-1,549	18	18350
77.57421875	0.0	behav,3,-1,570	19	19859
83.04296875	0.0	behav,3,-1,591	20	21259
88.5078125	0.0	behav,3,-1,612	21	22658
93.97265625	0.0	behav,3,-1,633	22	24057
99.5078125	0.0	behav,3,-1,654	23	25474
104.93359375	0.0	behav,3,-1,675	24	26863
110.48828125	0.0	behav,3,-1,696	25	28285
115.9140625	0.0	behav,3,-1,717	26	29674
121.26953125	0.0	behav,3,-1,738	27	31045
126.77734375	0.0	behav,3,-1,759	28	32455
131.9765625	0.0	behav,3,-1,780	29	33786
137.33203125	0.0	behav,3,-1,801	30	35157
142.7109375	0.0	behav,3,-1,822	31	36534
148.22265625	0.0	behav,3,-1,843	32	37945
153.6015625	0.0	behav,3,-1,864	33	39322
156.75	0.0	oddball,16742,-1,879	34	40128
159.06640625	0.0	behav,2,-1,885	35	40721
164.53125	0.0	behav,3,-1,906	36	42120
169.88671875	0.0	behav,3,-1,927	37	43491
175.33203125	0.0	behav,3,-1,948	38	44885
181.16015625	0.0	behav,3,-1,969	39	46377
186.5859375	0.0	behav,3,-1,990	40	47766
192.390625	0.0	behav,3,-1,1011	41	49252
197.78515625	0.0	behav,3,-1,1032	42	50633
203.1875	0.0	behav,3,-1,1053	43	52016
208.54296875	0.0	behav,3,-1,1074	44	53387
213.98828125	0.0	behav,3,-1,1095	45	54781
219.5234375	0.0	behav,3,-1,1116	46	56198
224.87890625	0.0	behav,3,-1,1137	47	57569
230.234375	0.0	behav,3,-1,1158	48	58940
235.83203125	0.0	behav,3,-1,103	49	60373
241.4140625	0.0	behav,3,-1,124	50	61802
246.8359375	0.0	behav,3,-1,145	51	63190
252.2578125	0.0	behav,3,-1,166	52	64578
257.546875	0.0	behav,3,-1,187	53	65932
263.12890625	0.0	behav,3,-1,208	54	67361
268.546875	0.0	behav,3,-1,229	55	68748
273.92578125	0.0	behav,3,-1,250	56	70125
279.2578125	0.0	behav,3,-1,271	57	71490
284.58984375	0.0	behav,3,-1,292	58	72855
290.05859375	0.0	behav,3,-1,313	59	74255
295.57421875	0.0	behav,3,-1,334	60	75667
