onset	duration	trial_type	value	sample
5.625	0.0	behav,3,-1,21	1	1440
11.40625	0.0	behav,3,-1,42	2	2920
16.94140625	0.0	behav,3,-1,63	3	4337
22.453125	0.0	behav,3,-1,84	4	5748
23.78125	0.0	oddball,16746,-1,90	5	6088
27.78515625	0.0	behav,2,-1,381	6	7113
33.1640625	0.0	behav,3,-1,402	7	8490
38.69921875	0.0	behav,3,-1,423	8	9907
44.30078125	0.0	behav,3,-1,444	9	11341
49.74609375	0.0	behav,3,-1,465	10	12735
55.1875	0.0	behav,3,-1,486	11	14128
60.65625	0.0	behav,3,-1,507	12	15528
66.28125	0.0	behav,3,-1,528	13	16968
71.75	0.0	behav,3,-1,549	14	18368
77.26171875	0.0	behav,3,-1,570	15	19779
82.88671875	0.0	behav,3,-1,591	16	21219
88.2890625	0.0	behav,3,-1,612	17	22602
91.25	0.0	oddball,16741,-1,626	18	23360
93.6640625	0.0	behav,2,-1,633	19	23978
99.0859375	0.0	behav,3,-1,654	20	25366
104.44140625	0.0	behav,3,-1,675	21	26737
110.22265625	0.0	behav,3,-1,696	22	28217
115.625	0.0	behav,3,-1,717	23	29600
121.0703125	0.0	behav,3,-1,738	24	30994
126.46875	0.0	behav,3,-1,759	25	32376
131.84375	0.0	behav,3,-1,780	26	33752
137.22265625	0.0	behav,3,-1,801	27	35129
142.64453125	0.0	behav,3,-1,822	28	36517
148.0703125	0.0	behav,3,-1,843	29	37906
153.4921875	0.0	behav,3,-1,864	30	39294
158.890625	0.0	behav,3,-1,885	31	40676
164.4453125	0.0	behav,3,-1,906	32	42098
169.87109375	0.0	behav,3,-1,927	33	43487
175.40625	0.0	behav,3,-1,948	34	44904
180.828125	0.0	behav,3,-1,969	35	46292
184.37890625	0.0	oddball,16745,-1,986	36	47201
186.20703125	0.0	behav,2,-1,990	37	47669
191.62890625	0.0	behav,3,-1,1011	38	49057
197.09375	0.0	behav,3,-1,1032	39	50456
202.44921875	0.0	behav,3,-1,1053	40	51827
208.3203125	0.0	behav,3,-1,1074	41	53330
209.88671875	0.0	oddball,16740,-1,1081	42	53731
213.8125	0.0	behav,2,-1,1095	43	54736
219.28125	0.0	behav,3,-1,1116	44	56136
224.83984375	0.0	behav,3,-1,1137	45	57559
230.48046875	0.0	behav,3,-1,1158	46	59003
235.92578125	0.0	behav,3,-1,103	47	60397
241.3515625	0.0	behav,3,-1,124	48	61786
246.796875	0.0	behav,3,-1,145	49	63180
252.1953125	0.0	behav,3,-1,166	50	64562
257.62109375	0.0	behav,3,-1,187	51	65951
263.04296875	0.0	behav,3,-1,208	52	67339
268.73046875	0.0	behav,3,-1,229	53	68795
272.28125	0.0	oddball,16740,-1,246	54	69704
274.1328125	0.0	behav,2,-1,250	55	70178
279.6015625	0.0	behav,3,-1,271	56	71578
284.9765625	0.0	behav,3,-1,292	57	72954
286.328125	0.0	oddball,16744,-1,298	58	73300
290.46875	0.0	behav,2,-1,313	59	74360
295.9375	0.0	behav,3,-1,334	60	75760
301.51171875	0.0	behav,3,-1,355	61	77187
306.98046875	0.0	behav,3,-1,376	62	78587
