onset	duration	trial_type	value	sample
4.0234375	0.0	oddball,16744,-1,19	1	1030
5.48046875	0.0	behav,2,-1,21	2	1403
11.12890625	0.0	behav,3,-1,42	3	2849
16.55078125	0.0	behav,3,-1,63	4	4237
18.28515625	0.0	oddball,16746,-1,71	5	4681
21.87890625	0.0	behav,2,-1,84	6	5601
27.39453125	0.0	behav,3,-1,381	7	7013
32.76953125	0.0	behav,3,-1,402	8	8389
38.59765625	0.0	behav,3,-1,423	9	9881
44.3125	0.0	behav,3,-1,444	10	11344
49.76171875	0.0	behav,3,-1,465	11	12739
55.203125	0.0	behav,3,-1,486	12	14132
60.66796875	0.0	behav,3,-1,507	13	15531
66.0234375	0.0	behav,3,-1,528	14	16902
71.515625	0.0	behav,3,-1,549	15	18308
77.0078125	0.0	behav,3,-1,570	16	19714
78.36328125	0.0	oddball,16747,-1,576	17	20061
82.3828125	0.0	behav,2,-1,591	18	21090
87.73828125	0.0	behav,3,-1,612	19	22461
93.16015625	0.0	behav,3,-1,633	20	23849
98.60546875	0.0	behav,3,-1,654	21	25243
104.00390625	0.0	behav,3,-1,675	22	26625
104.5703125	0.0	oddball,16741,-1,677	23	26770
109.33984375	0.0	behav,2,-1,696	24	27991
114.73828125	0.0	behav,3,-1,717	25	29373
120.09375	0.0	behav,3,-1,738	26	30744
125.46875	0.0	behav,3,-1,759	27	32120
130.80078125	0.0	behav,3,-1,780	28	33485
136.1796875	0.0	behav,3,-1,801	29	34862
141.51171875	0.0	behav,3,-1,822	30	36227
146.8671875	0.0	behav,3,-1,843	31	37598
152.24609375	0.0	behav,3,-1,864	32	38975
157.625	0.0	behav,3,-1,885	33	40352
162.99609375	0.0	behav,3,-1,906	34	41727
168.30859375	0.0	behav,3,-1,927	35	43087
169.25390625	0.0	oddball,16746,-1,931	36	43329
173.70703125	0.0	behav,2,-1,948	37	44469
179.109375	0.0	behav,3,-1,969	38	45852
184.41796875	0.0	behav,3,-1,990	39	47211
189.84375	0.0	behav,3,-1,1011	40	48600
195.28515625	0.0	behav,3,-1,1032	41	49993
200.70703125	0.0	behav,3,-1,1053	42	51381
206.0859375	0.0	behav,3,-1,1074	43	52758
211.39453125	0.0	behav,3,-1,1095	44	54117
216.953125	0.0	behav,3,-1,1116	45	55540
222.30859375	0.0	behav,3,-1,1137	46	56911
227.6640625	0.0	behav,3,-1,1158	47	58282
233.28515625	0.0	behav,3,-1,103	48	59721
238.6875	0.0	behav,3,-1,124	49	61104
244.0859375	0.0	behav,3,-1,145	50	62486
249.421875	0.0	behav,3,-1,166	51	63852
254.8203125	0.0	behav,3,-1,187	52	65234
256.7734375	0.0	oddball,16747,-1,196	53	65734
260.17578125	0.0	behav,2,-1,208	54	66605
265.734375	0.0	behav,3,-1,229	55	68028
271.828125	0.0	behav,3,-1,250	56	69588
277.3203125	0.0	behav,3,-1,271	57	70994
282.8984375	0.0	behav,3,-1,292	58	72422
288.5234375	0.0	behav,3,-1,313	59	73862
293.94921875	0.0	behav,3,-1,334	60	75251
299.34765625	0.0	behav,3,-1,355	61	76633
