onset	duration	trial_type	value	sample
5.515625	0.0	behav,3,-1,21	1	1412
10.9375	0.0	behav,3,-1,42	2	2800
16.25	0.0	behav,3,-1,63	3	4160
21.6015625	0.0	behav,3,-1,84	4	5530
27.11328125	0.0	behav,3,-1,381	5	6941
32.46875	0.0	behav,3,-1,402	6	8312
37.9375	0.0	behav,3,-1,423	7	9712
43.3828125	0.0	behav,3,-1,444	8	11106
46.12890625	0.0	oddball,16744,-1,457	9	11809
48.76171875	0.0	behav,2,-1,465	10	12483
54.1796875	0.0	behav,3,-1,486	11	13870
59.875	0.0	behav,3,-1,507	12	15328
65.3203125	0.0	behav,3,-1,528	13	16722
70.67578125	0.0	behav,3,-1,549	14	18093
73.40625	0.0	oddball,16746,-1,562	15	18792
76.03125	0.0	behav,2,-1,570	16	19464
81.4296875	0.0	behav,3,-1,591	17	20846
86.875	0.0	behav,3,-1,612	18	22240
92.31640625	0.0	behav,3,-1,633	19	23633
97.875	0.0	behav,3,-1,654	20	25056
103.63671875	0.0	behav,3,-1,675	21	26531
109.08203125	0.0	behav,3,-1,696	22	27925
114.68359375	0.0	behav,3,-1,717	23	29359
120.2421875	0.0	behav,3,-1,738	24	30782
124.0078125	0.0	oddball,16740,-1,756	25	31746
125.59375	0.0	behav,2,-1,759	26	32152
130.94921875	0.0	behav,3,-1,780	27	33523
136.37109375	0.0	behav,3,-1,801	28	34911
141.81640625	0.0	behav,3,-1,822	29	36305
147.5546875	0.0	behav,3,-1,843	30	37774
153.2265625	0.0	behav,3,-1,864	31	39226
158.83203125	0.0	behav,3,-1,885	32	40661
164.67578125	0.0	behav,3,-1,906	33	42157
170.12109375	0.0	behav,3,-1,927	34	43551
175.7265625	0.0	behav,3,-1,948	35	44986
182.046875	0.0	behav,3,-1,969	36	46604
187.60546875	0.0	behav,3,-1,990	37	48027
193.12109375	0.0	behav,3,-1,1011	38	49439
198.62890625	0.0	behav,3,-1,1032	39	50849
204.05078125	0.0	behav,3,-1,1053	40	52237
209.453125	0.0	behav,3,-1,1074	41	53620
214.58203125	0.0	behav,3,-1,1095	42	54933
219.9609375	0.0	behav,3,-1,1116	43	56310
225.4296875	0.0	behav,3,-1,1137	44	57710
230.87109375	0.0	behav,3,-1,1158	45	59103
236.609375	0.0	behav,3,-1,103	46	60572
242.30078125	0.0	behav,3,-1,124	47	62029
247.74609375	0.0	behav,3,-1,145	48	63423
253.5078125	0.0	behav,3,-1,166	49	64898
259.42578125	0.0	behav,3,-1,187	50	66413
265.41015625	0.0	behav,3,-1,208	51	67945
266.14453125	0.0	oddball,16748,-1,211	52	68133
270.80859375	0.0	behav,2,-1,229	53	69327
271.3671875	0.0	oddball,16744,-1,231	54	69470
276.25390625	0.0	behav,2,-1,250	55	70721
281.765625	0.0	behav,3,-1,271	56	72132
287.2109375	0.0	behav,3,-1,292	57	73526
290.5546875	0.0	oddball,16748,-1,308	58	74382
292.33984375	0.0	behav,2,-1,313	59	74839
297.83203125	0.0	behav,3,-1,334	60	76245
303.41015625	0.0	behav,3,-1,355	61	77673
