onset	duration	trial_type	value	sample
6.16796875	0.0	behav,3,-1,21	1	1579
11.75	0.0	behav,3,-1,42	2	3008
17.3515625	0.0	behav,3,-1,63	3	4442
20.1171875	0.0	oddball,16743,-1,76	4	5150
22.79296875	0.0	behav,2,-1,84	5	5835
28.1953125	0.0	behav,3,-1,381	6	7218
33.88671875	0.0	behav,3,-1,402	7	8675
39.35546875	0.0	behav,3,-1,423	8	10075
44.734375	0.0	behav,3,-1,444	9	11452
50.3828125	0.0	behav,3,-1,465	10	12898
55.7109375	0.0	behav,3,-1,486	11	14262
61.15625	0.0	behav,3,-1,507	12	15656
66.55859375	0.0	behav,3,-1,528	13	17039
72.0703125	0.0	behav,3,-1,549	14	18450
77.6953125	0.0	behav,3,-1,570	15	19890
83.27734375	0.0	behav,3,-1,591	16	21319
88.8984375	0.0	behav,3,-1,612	17	22758
94.296875	0.0	behav,3,-1,633	18	24140
99.7421875	0.0	behav,3,-1,654	19	25534
105.14453125	0.0	behav,3,-1,675	20	26917
106.0859375	0.0	oddball,16746,-1,679	21	27158
110.6328125	0.0	behav,2,-1,696	22	28322
116.1015625	0.0	behav,3,-1,717	23	29722
120.0703125	0.0	oddball,16740,-1,736	24	30738
121.52734375	0.0	behav,2,-1,738	25	31111
127.03515625	0.0	behav,3,-1,759	26	32521
132.546875	0.0	behav,3,-1,780	27	33932
138.30859375	0.0	behav,3,-1,801	28	35407
143.98046875	0.0	behav,3,-1,822	29	36859
149.515625	0.0	behav,3,-1,843	30	38276
155.0703125	0.0	behav,3,-1,864	31	39698
160.73828125	0.0	behav,3,-1,885	32	41149
166.23046875	0.0	behav,3,-1,906	33	42555
171.80859375	0.0	behav,3,-1,927	34	43983
177.63671875	0.0	behav,3,-1,948	35	45475
183.375	0.0	behav,3,-1,969	36	46944
188.8671875	0.0	behav,3,-1,990	37	48350
194.35546875	0.0	behav,3,-1,1011	38	49755
200.046875	0.0	behav,3,-1,1032	39	51212
205.60546875	0.0	behav,3,-1,1053	40	52635
211.07421875	0.0	behav,3,-1,1074	41	54035
216.47265625	0.0	behav,3,-1,1095	42	55417
217.43359375	0.0	oddball,16741,-1,1099	43	55663
221.875	0.0	behav,2,-1,1116	44	56800
227.23046875	0.0	behav,3,-1,1137	45	58171
229.1953125	0.0	oddball,16743,-1,1146	46	58674
232.6484375	0.0	behav,2,-1,1158	47	59558
238.046875	0.0	behav,3,-1,103	48	60940
243.44921875	0.0	behav,3,-1,124	49	62323
248.87109375	0.0	behav,3,-1,145	50	63711
254.203125	0.0	behav,3,-1,166	51	65076
259.78515625	0.0	behav,3,-1,187	52	66505
265.25390625	0.0	behav,3,-1,208	53	67905
270.62890625	0.0	behav,3,-1,229	54	69281
276.02734375	0.0	behav,3,-1,250	55	70663
278.19140625	0.0	oddball,16744,-1,260	56	71217
281.4296875	0.0	behav,2,-1,271	57	72046
286.78515625	0.0	behav,3,-1,292	58	73417
292.43359375	0.0	behav,3,-1,313	59	74863
298.39453125	0.0	behav,3,-1,334	60	76389
303.859375	0.0	behav,3,-1,355	61	77788
