onset	duration	trial_type	value	sample
1.64453125	0.0	oddball,16743,-1,6	1	421
5.83984375	0.0	behav,2,-1,21	2	1495
11.23828125	0.0	behav,3,-1,42	3	2877
16.796875	0.0	behav,3,-1,63	4	4300
22.28515625	0.0	behav,3,-1,84	5	5705
27.73046875	0.0	behav,3,-1,381	6	7099
33.6015625	0.0	behav,3,-1,402	7	8602
39.18359375	0.0	behav,3,-1,423	8	10031
44.9453125	0.0	behav,3,-1,444	9	11506
50.43359375	0.0	behav,3,-1,465	10	12911
56.1015625	0.0	behav,3,-1,486	11	14362
61.41015625	0.0	behav,3,-1,507	12	15721
66.90234375	0.0	behav,3,-1,528	13	17127
72.5703125	0.0	behav,3,-1,549	14	18578
77.97265625	0.0	behav,3,-1,570	15	19961
83.64453125	0.0	behav,3,-1,591	16	21413
89.0859375	0.0	behav,3,-1,612	17	22806
94.484375	0.0	behav,3,-1,633	18	24188
99.90625	0.0	behav,3,-1,654	19	25576
105.375	0.0	behav,3,-1,675	20	26976
111.09375	0.0	behav,3,-1,696	21	28440
116.94140625	0.0	behav,3,-1,717	22	29937
122.43359375	0.0	behav,3,-1,738	23	31343
127.83203125	0.0	behav,3,-1,759	24	32725
133.140625	0.0	behav,3,-1,780	25	34084
138.609375	0.0	behav,3,-1,801	26	35484
144.03125	0.0	behav,3,-1,822	27	36872
149.4296875	0.0	behav,3,-1,843	28	38254
154.8984375	0.0	behav,3,-1,864	29	39654
158.671875	0.0	oddball,16742,-1,882	30	40620
160.25	0.0	behav,2,-1,885	31	41024
165.83203125	0.0	behav,3,-1,906	32	42453
171.23046875	0.0	behav,3,-1,927	33	43835
176.6328125	0.0	behav,3,-1,948	34	45218
182.01171875	0.0	behav,3,-1,969	35	46595
187.41015625	0.0	behav,3,-1,990	36	47977
192.7890625	0.0	behav,3,-1,1011	37	49354
198.1640625	0.0	behav,3,-1,1032	38	50730
203.69921875	0.0	behav,3,-1,1053	39	52147
209.078125	0.0	behav,3,-1,1074	40	53524
214.703125	0.0	behav,3,-1,1095	41	54964
220.078125	0.0	behav,3,-1,1116	42	56340
225.48046875	0.0	behav,3,-1,1137	43	57723
230.74609375	0.0	behav,3,-1,1158	44	59071
234.7109375	0.0	oddball,16740,-1,101	45	60086
236.12109375	0.0	behav,2,-1,103	46	60447
241.609375	0.0	behav,3,-1,124	47	61852
247.14453125	0.0	behav,3,-1,145	48	63269
252.45703125	0.0	behav,3,-1,166	49	64629
257.8359375	0.0	behav,3,-1,187	50	66006
263.2109375	0.0	behav,3,-1,208	51	67382
268.5859375	0.0	behav,3,-1,229	52	68758
273.98828125	0.0	behav,3,-1,250	53	70141
279.4765625	0.0	behav,3,-1,271	54	71546
282.04296875	0.0	oddball,16742,-1,283	55	72203
284.7890625	0.0	behav,2,-1,292	56	72906
290.2578125	0.0	behav,3,-1,313	57	74306
294.40625	0.0	oddball,16747,-1,333	58	75368
295.54296875	0.0	behav,0,-1,334	59	75659
298.51171875	0.0	oddball,16746,-1,348	60	76419
301.125	0.0	behav,2,-1,355	61	77088
