onset	duration	trial_type	value	sample
3.44921875	0.0	oddball,16742,-1,16	1	883
5.52734375	0.0	behav,2,-1,21	2	1415
10.90625	0.0	behav,3,-1,42	3	2792
16.23828125	0.0	behav,3,-1,63	4	4157
21.72265625	0.0	behav,3,-1,84	5	5561
27.1484375	0.0	behav,3,-1,381	6	6950
32.66015625	0.0	behav,3,-1,402	7	8361
38.0390625	0.0	behav,3,-1,423	8	9738
43.5078125	0.0	behav,3,-1,444	9	11138
48.86328125	0.0	behav,3,-1,465	10	12509
54.21484375	0.0	behav,3,-1,486	11	13879
60.109375	0.0	behav,3,-1,507	12	15388
65.78125	0.0	behav,3,-1,528	13	16840
67.34765625	0.0	oddball,16745,-1,535	14	17241
71.24609375	0.0	behav,2,-1,549	15	18239
75.0234375	0.0	oddball,16744,-1,567	16	19206
76.625	0.0	behav,2,-1,570	17	19616
82.6328125	0.0	behav,3,-1,591	18	21154
87.98828125	0.0	behav,3,-1,612	19	22525
93.40625	0.0	behav,3,-1,633	20	23912
98.78515625	0.0	behav,3,-1,654	21	25289
104.140625	0.0	behav,3,-1,675	22	26660
109.609375	0.0	behav,3,-1,696	23	28060
115.078125	0.0	behav,3,-1,717	24	29460
120.58984375	0.0	behav,3,-1,738	25	30871
126.12109375	0.0	behav,3,-1,759	26	32287
131.5234375	0.0	behav,3,-1,780	27	33670
136.90234375	0.0	behav,3,-1,801	28	35047
142.34765625	0.0	behav,3,-1,822	29	36441
147.7265625	0.0	behav,3,-1,843	30	37818
153.16796875	0.0	behav,3,-1,864	31	39211
158.6171875	0.0	behav,3,-1,885	32	40606
164.078125	0.0	behav,3,-1,906	33	42004
169.45703125	0.0	behav,3,-1,927	34	43381
174.8359375	0.0	behav,3,-1,948	35	44758
180.3046875	0.0	behav,3,-1,969	36	46158
185.953125	0.0	behav,3,-1,990	37	47604
191.46484375	0.0	behav,3,-1,1011	38	49015
196.9296875	0.0	behav,3,-1,1032	39	50414
202.3046875	0.0	behav,3,-1,1053	40	51790
204.265625	0.0	oddball,16744,-1,1062	41	52292
207.73046875	0.0	behav,2,-1,1074	42	53179
213.17578125	0.0	behav,3,-1,1095	43	54573
218.98046875	0.0	behav,3,-1,1116	44	56059
224.58203125	0.0	behav,3,-1,1137	45	57493
228.33984375	0.0	oddball,16747,-1,1155	46	58455
230.1171875	0.0	behav,2,-1,1158	47	58910
235.5625	0.0	behav,3,-1,103	48	60304
241.09765625	0.0	behav,3,-1,124	49	61721
246.5625	0.0	behav,3,-1,145	50	63120
252.30078125	0.0	behav,3,-1,166	51	64589
253.8515625	0.0	oddball,16744,-1,173	52	64986
257.7265625	0.0	behav,2,-1,187	53	65978
263.328125	0.0	behav,3,-1,208	54	67412
268.94921875	0.0	behav,3,-1,229	55	68851
274.37109375	0.0	behav,3,-1,250	56	70239
279.7265625	0.0	behav,3,-1,271	57	71610
285.12890625	0.0	behav,3,-1,292	58	72993
290.6640625	0.0	behav,3,-1,313	59	74410
296.109375	0.0	behav,3,-1,334	60	75804
301.75390625	0.0	behav,3,-1,355	61	77249
