onset	duration	trial_type	value	sample
5.609375	0.0	behav,3,-1,21	1	1436
11.078125	0.0	behav,3,-1,42	2	2836
16.703125	0.0	behav,3,-1,63	3	4276
19.65625	0.0	oddball,16747,-1,77	4	5032
22.03125	0.0	behav,2,-1,84	5	5640
27.41015625	0.0	behav,3,-1,381	6	7017
32.83203125	0.0	behav,3,-1,402	7	8405
38.0546875	0.0	behav,3,-1,423	8	9742
43.43359375	0.0	behav,3,-1,444	9	11119
48.80859375	0.0	behav,3,-1,465	10	12495
54.2734375	0.0	behav,3,-1,486	11	13894
59.69921875	0.0	behav,3,-1,507	12	15283
65.30078125	0.0	behav,3,-1,528	13	16717
70.65625	0.0	behav,3,-1,549	14	18088
75.875	0.0	behav,3,-1,570	15	19424
81.43359375	0.0	behav,3,-1,591	16	20847
87.015625	0.0	behav,3,-1,612	17	22276
92.58984375	0.0	behav,3,-1,633	18	23703
97.96875	0.0	behav,3,-1,654	19	25080
103.4140625	0.0	behav,3,-1,675	20	26474
108.74609375	0.0	behav,3,-1,696	21	27839
114.125	0.0	behav,3,-1,717	22	29216
119.66015625	0.0	behav,3,-1,738	23	30633
125.05859375	0.0	behav,3,-1,759	24	32015
130.52734375	0.0	behav,3,-1,780	25	33415
135.9921875	0.0	behav,3,-1,801	26	34814
141.4375	0.0	behav,3,-1,822	27	36208
146.81640625	0.0	behav,3,-1,843	28	37585
152.2421875	0.0	behav,3,-1,864	29	38974
153.8125	0.0	oddball,16744,-1,871	30	39376
157.6640625	0.0	behav,2,-1,885	31	40362
161.6328125	0.0	oddball,16748,-1,904	32	41378
163.08203125	0.0	behav,2,-1,906	33	41749
168.70703125	0.0	behav,3,-1,927	34	43189
174.1328125	0.0	behav,3,-1,948	35	44578
179.578125	0.0	behav,3,-1,969	36	45972
184.88671875	0.0	behav,3,-1,990	37	47331
185.44140625	0.0	oddball,16748,-1,992	38	47473
190.30859375	0.0	behav,2,-1,1011	39	48719
195.68359375	0.0	behav,3,-1,1032	40	50095
201.33203125	0.0	behav,3,-1,1053	41	51541
206.7109375	0.0	behav,3,-1,1074	42	52918
212.1328125	0.0	behav,3,-1,1095	43	54306
217.6015625	0.0	behav,3,-1,1116	44	55706
222.98046875	0.0	behav,3,-1,1137	45	57083
228.19921875	0.0	behav,3,-1,1158	46	58419
233.4375	0.0	behav,3,-1,103	47	59760
238.83984375	0.0	behav,3,-1,124	48	61143
244.9140625	0.0	behav,3,-1,145	49	62698
245.66796875	0.0	oddball,16746,-1,148	50	62891
250.3359375	0.0	behav,2,-1,166	51	64086
255.73828125	0.0	behav,3,-1,187	52	65469
261.05078125	0.0	behav,3,-1,208	53	66829
266.4453125	0.0	behav,3,-1,229	54	68210
271.9140625	0.0	behav,3,-1,250	55	69610
277.3125	0.0	behav,3,-1,271	56	70992
282.78125	0.0	behav,3,-1,292	57	72392
284.33984375	0.0	oddball,16746,-1,299	58	72791
288.13671875	0.0	behav,2,-1,313	59	73763
293.875	0.0	behav,3,-1,334	60	75232
299.5234375	0.0	behav,3,-1,355	61	76678
