onset	duration	trial_type	value	sample
5.8515625	0.0	behav,3,-1,21	1	1498
11.31640625	0.0	behav,3,-1,42	2	2897
12.27734375	0.0	oddball,16742,-1,46	3	3143
16.5390625	0.0	behav,0,-1,63	4	4234
21.8203125	0.0	behav,3,-1,84	5	5586
27.125	0.0	behav,3,-1,381	6	6944
32.40234375	0.0	behav,3,-1,402	7	8295
37.5859375	0.0	behav,3,-1,423	8	9622
42.9296875	0.0	behav,3,-1,444	9	10990
48.265625	0.0	behav,3,-1,465	10	12356
53.73046875	0.0	behav,3,-1,486	11	13755
59.15625	0.0	behav,3,-1,507	12	15144
64.5234375	0.0	behav,3,-1,528	13	16518
65.08984375	0.0	oddball,16745,-1,530	14	16663
69.765625	0.0	behav,0,-1,549	15	17860
74.94921875	0.0	behav,3,-1,570	16	19187
80.18359375	0.0	behav,3,-1,591	17	20527
80.9375	0.0	oddball,16743,-1,594	18	20720
85.5	0.0	behav,0,-1,612	19	21888
90.84375	0.0	behav,3,-1,633	20	23256
96.1953125	0.0	behav,3,-1,654	21	24626
100.35546875	0.0	oddball,16747,-1,674	22	25691
101.515625	0.0	behav,0,-1,675	23	25988
106.828125	0.0	behav,3,-1,696	24	27348
112.0859375	0.0	behav,3,-1,717	25	28694
117.375	0.0	behav,3,-1,738	26	30048
122.62109375	0.0	behav,3,-1,759	27	31391
128.03125	0.0	behav,3,-1,780	28	32776
133.23046875	0.0	behav,3,-1,801	29	34107
138.75390625	0.0	behav,3,-1,822	30	35521
144.23828125	0.0	behav,3,-1,843	31	36925
150.125	0.0	behav,3,-1,864	32	38432
155.62890625	0.0	behav,3,-1,885	33	39841
158.99609375	0.0	oddball,16745,-1,901	34	40703
160.765625	0.0	behav,0,-1,906	35	41156
166.12109375	0.0	behav,3,-1,927	36	42527
171.47265625	0.0	behav,3,-1,948	37	43897
176.75390625	0.0	behav,3,-1,969	38	45249
182.09765625	0.0	behav,3,-1,990	39	46617
187.51953125	0.0	behav,3,-1,1011	40	48005
188.04296875	0.0	oddball,16747,-1,1013	41	48139
192.640625	0.0	behav,0,-1,1032	42	49316
198.109375	0.0	behav,3,-1,1053	43	50716
203.6875	0.0	behav,3,-1,1074	44	52144
208.984375	0.0	behav,3,-1,1095	45	53500
214.23046875	0.0	behav,3,-1,1116	46	54843
220.234375	0.0	behav,3,-1,1137	47	56380
225.50390625	0.0	behav,3,-1,1158	48	57729
230.875	0.0	behav,3,-1,103	49	59104
236.2265625	0.0	behav,3,-1,124	50	60474
241.4609375	0.0	behav,3,-1,145	51	61814
246.66796875	0.0	behav,3,-1,166	52	63147
252.0234375	0.0	behav,3,-1,187	53	64518
257.296875	0.0	behav,3,-1,208	54	65868
262.51953125	0.0	behav,3,-1,229	55	67205
267.81640625	0.0	behav,3,-1,250	56	68561
273.11328125	0.0	behav,3,-1,271	57	69917
278.5390625	0.0	behav,3,-1,292	58	71306
283.859375	0.0	behav,3,-1,313	59	72668
289.35546875	0.0	behav,3,-1,334	60	74075
294.796875	0.0	behav,3,-1,355	61	75468
300.125	0.0	behav,3,-1,376	62	76832
