onset	duration	trial_type	value	sample
2.96484375	0.0	oddball,16743,-1,11	1	759
6.0	0.0	behav,0,-1,21	2	1536
11.53125	0.0	behav,3,-1,42	3	2952
16.90625	0.0	behav,3,-1,63	4	4328
22.2734375	0.0	behav,3,-1,84	5	5702
25.44921875	0.0	oddball,16743,-1,99	6	6515
27.66796875	0.0	behav,0,-1,381	7	7083
33.015625	0.0	behav,3,-1,402	8	8452
38.34375	0.0	behav,3,-1,423	9	9816
43.80859375	0.0	behav,3,-1,444	10	11215
49.17578125	0.0	behav,3,-1,465	11	12589
54.875	0.0	behav,3,-1,486	12	14048
60.21875	0.0	behav,3,-1,507	13	15416
60.98046875	0.0	oddball,16747,-1,510	14	15611
65.5546875	0.0	behav,0,-1,528	15	16782
70.98828125	0.0	behav,3,-1,549	16	18173
76.2109375	0.0	behav,3,-1,570	17	19510
81.4140625	0.0	behav,3,-1,591	18	20842
86.75390625	0.0	behav,3,-1,612	19	22209
88.9140625	0.0	oddball,16746,-1,622	20	22762
91.99609375	0.0	behav,0,-1,633	21	23551
97.515625	0.0	behav,3,-1,654	22	24964
102.68359375	0.0	behav,3,-1,675	23	26287
108.03515625	0.0	behav,3,-1,696	24	27657
113.3984375	0.0	behav,3,-1,717	25	29030
118.65234375	0.0	behav,3,-1,738	26	30375
124.4296875	0.0	behav,3,-1,759	27	31854
129.703125	0.0	behav,3,-1,780	28	33204
134.93359375	0.0	behav,3,-1,801	29	34543
136.30859375	0.0	oddball,16745,-1,807	30	34895
140.30078125	0.0	behav,0,-1,822	31	35917
145.46875	0.0	behav,3,-1,843	32	37240
150.8046875	0.0	behav,3,-1,864	33	38606
156.09375	0.0	behav,3,-1,885	34	39960
161.33984375	0.0	behav,3,-1,906	35	41303
166.60546875	0.0	behav,3,-1,927	36	42651
171.92578125	0.0	behav,3,-1,948	37	44013
177.23828125	0.0	behav,3,-1,969	38	45373
182.46484375	0.0	behav,3,-1,990	39	46711
187.7265625	0.0	behav,3,-1,1011	40	48058
189.08984375	0.0	oddball,16747,-1,1017	41	48407
193.2890625	0.0	behav,0,-1,1032	42	49482
198.62890625	0.0	behav,3,-1,1053	43	50849
203.96484375	0.0	behav,3,-1,1074	44	52215
209.26171875	0.0	behav,3,-1,1095	45	53571
214.51171875	0.0	behav,3,-1,1116	46	54915
219.734375	0.0	behav,3,-1,1137	47	56252
224.984375	0.0	behav,3,-1,1158	48	57596
230.3671875	0.0	behav,3,-1,103	49	58974
235.6953125	0.0	behav,3,-1,124	50	60338
241.953125	0.0	behav,3,-1,145	51	61940
247.1875	0.0	behav,3,-1,166	52	63280
252.328125	0.0	behav,3,-1,187	53	64596
257.75	0.0	behav,3,-1,208	54	65984
263.23828125	0.0	behav,3,-1,229	55	67389
268.6328125	0.0	behav,3,-1,250	56	68770
274.328125	0.0	behav,3,-1,271	57	70228
280.234375	0.0	behav,3,-1,292	58	71740
285.515625	0.0	behav,3,-1,313	59	73092
290.890625	0.0	behav,3,-1,334	60	74468
296.35546875	0.0	behav,3,-1,355	61	75867
301.578125	0.0	behav,3,-1,376	62	77204
