onset	duration	trial_type	value	sample
5.4296875	0.0	behav,3,-1,21	1	1390
10.765625	0.0	behav,3,-1,42	2	2756
16.15625	0.0	behav,3,-1,63	3	4136
18.69921875	0.0	oddball,0,-1,75	4	4787
21.51171875	0.0	behav,0,-1,84	5	5507
26.890625	0.0	behav,3,-1,381	6	6884
32.23046875	0.0	behav,3,-1,402	7	8251
37.609375	0.0	behav,3,-1,423	8	9628
43.15625	0.0	behav,3,-1,444	9	11048
48.609375	0.0	behav,3,-1,465	10	12444
53.98046875	0.0	behav,3,-1,486	11	13819
59.32421875	0.0	behav,3,-1,507	12	15187
64.7578125	0.0	behav,3,-1,528	13	16578
70.1015625	0.0	behav,3,-1,549	14	17946
75.57421875	0.0	behav,3,-1,570	15	19347
81.3984375	0.0	behav,3,-1,591	16	20838
86.80078125	0.0	behav,3,-1,612	17	22221
92.125	0.0	behav,3,-1,633	18	23584
97.4296875	0.0	behav,3,-1,654	19	24942
102.74609375	0.0	behav,3,-1,675	20	26303
108.078125	0.0	behav,3,-1,696	21	27668
113.40625	0.0	behav,3,-1,717	22	29032
118.78515625	0.0	behav,3,-1,738	23	30409
120.3203125	0.0	oddball,0,-1,745	24	30802
124.08984375	0.0	behav,0,-1,759	25	31767
129.46875	0.0	behav,3,-1,780	26	33144
134.765625	0.0	behav,3,-1,801	27	34500
140.09375	0.0	behav,3,-1,822	28	35864
142.2578125	0.0	oddball,0,-1,832	29	36418
145.484375	0.0	behav,0,-1,843	30	37244
150.85546875	0.0	behav,3,-1,864	31	38619
156.4453125	0.0	behav,3,-1,885	32	40050
161.79296875	0.0	behav,3,-1,906	33	41419
167.05078125	0.0	behav,3,-1,927	34	42765
172.390625	0.0	behav,3,-1,948	35	44132
177.71875	0.0	behav,3,-1,969	36	45496
183.0546875	0.0	behav,3,-1,990	37	46862
188.6484375	0.0	behav,3,-1,1011	38	48294
194.99609375	0.0	behav,3,-1,1032	39	49919
200.33984375	0.0	behav,3,-1,1053	40	51287
205.703125	0.0	behav,3,-1,1074	41	52660
208.2578125	0.0	oddball,0,-1,1086	42	53314
211.078125	0.0	behav,0,-1,1095	43	54036
216.61328125	0.0	behav,3,-1,1116	44	55453
221.984375	0.0	behav,3,-1,1137	45	56828
227.30859375	0.0	behav,3,-1,1158	46	58191
232.7109375	0.0	behav,3,-1,103	47	59574
233.87890625	0.0	oddball,0,-1,108	48	59873
238.078125	0.0	behav,0,-1,124	49	60948
243.359375	0.0	behav,3,-1,145	50	62300
248.69140625	0.0	behav,3,-1,166	51	63665
253.9765625	0.0	behav,3,-1,187	52	65018
259.34375	0.0	behav,3,-1,208	53	66392
264.9296875	0.0	behav,3,-1,229	54	67822
270.515625	0.0	behav,3,-1,250	55	69252
275.875	0.0	behav,3,-1,271	56	70624
281.2265625	0.0	behav,3,-1,292	57	71994
286.59765625	0.0	behav,3,-1,313	58	73369
291.94921875	0.0	behav,3,-1,334	59	74739
295.69140625	0.0	oddball,0,-1,352	60	75697
297.27734375	0.0	behav,0,-1,355	61	76103
302.61328125	0.0	behav,3,-1,376	62	77469
