onset	duration	trial_type	value	sample
5.40625	0.0	behav,3,-1,21	1	1384
10.71484375	0.0	behav,3,-1,42	2	2743
15.90234375	0.0	behav,3,-1,63	3	4071
18.84375	0.0	oddball,0,-1,77	4	4824
21.234375	0.0	behav,0,-1,84	5	5436
21.78125	0.0	oddball,0,-1,86	6	5576
26.4921875	0.0	behav,0,-1,381	7	6782
31.83984375	0.0	behav,3,-1,402	8	8151
37.19140625	0.0	behav,3,-1,423	9	9521
42.50390625	0.0	behav,3,-1,444	10	10881
47.8515625	0.0	behav,3,-1,465	11	12250
50.8125	0.0	oddball,0,-1,479	12	13008
53.26953125	0.0	behav,0,-1,486	13	13637
58.58203125	0.0	behav,3,-1,507	14	14997
63.921875	0.0	behav,3,-1,528	15	16364
69.33203125	0.0	behav,3,-1,549	16	17749
74.67578125	0.0	behav,3,-1,570	17	19117
80.1484375	0.0	behav,3,-1,591	18	20518
85.91015625	0.0	behav,3,-1,612	19	21993
91.53515625	0.0	behav,3,-1,633	20	23433
97.12890625	0.0	behav,3,-1,654	21	24865
99.07421875	0.0	oddball,0,-1,663	22	25363
102.6484375	0.0	behav,0,-1,675	23	26278
108.23828125	0.0	behav,3,-1,696	24	27709
113.62109375	0.0	behav,3,-1,717	25	29087
117.37890625	0.0	oddball,0,-1,735	26	30049
118.9609375	0.0	behav,0,-1,738	27	30454
124.33203125	0.0	behav,3,-1,759	28	31829
130.02734375	0.0	behav,3,-1,780	29	33287
135.46875	0.0	behav,3,-1,801	30	34680
140.7109375	0.0	behav,3,-1,822	31	36022
146.12109375	0.0	behav,3,-1,843	32	37407
151.734375	0.0	behav,3,-1,864	33	38844
157.09765625	0.0	behav,3,-1,885	34	40217
162.5078125	0.0	behav,3,-1,906	35	41602
167.80859375	0.0	behav,3,-1,927	36	42959
173.203125	0.0	behav,3,-1,948	37	44340
178.53515625	0.0	behav,3,-1,969	38	45705
183.86328125	0.0	behav,3,-1,990	39	47069
189.21875	0.0	behav,3,-1,1011	40	48440
194.59375	0.0	behav,3,-1,1032	41	49816
199.8828125	0.0	behav,3,-1,1053	42	51170
205.23828125	0.0	behav,3,-1,1074	43	52541
210.703125	0.0	behav,3,-1,1095	44	53940
216.01171875	0.0	behav,3,-1,1116	45	55299
221.34375	0.0	behav,3,-1,1137	46	56664
226.76953125	0.0	behav,3,-1,1158	47	58053
232.1328125	0.0	behav,3,-1,103	48	59426
236.09375	0.0	oddball,0,-1,122	49	60440
237.6015625	0.0	behav,0,-1,124	50	60826
242.9453125	0.0	behav,3,-1,145	51	62194
248.30859375	0.0	behav,3,-1,166	52	63567
253.625	0.0	behav,3,-1,187	53	64928
258.98828125	0.0	behav,3,-1,208	54	66301
264.359375	0.0	behav,3,-1,229	55	67676
269.7421875	0.0	behav,3,-1,250	56	69054
275.06640625	0.0	behav,3,-1,271	57	70417
280.78515625	0.0	behav,3,-1,292	58	71881
285.92578125	0.0	behav,3,-1,313	59	73197
291.28125	0.0	behav,3,-1,334	60	74568
296.51953125	0.0	behav,3,-1,355	61	75909
301.82421875	0.0	behav,3,-1,376	62	77267
