onset	duration	trial_type	value	sample
5.44140625	0.0	behav,3,-1,21	1	1393
10.8046875	0.0	behav,3,-1,42	2	2766
16.171875	0.0	behav,3,-1,63	3	4140
21.5	0.0	behav,3,-1,84	4	5504
26.86328125	0.0	behav,3,-1,381	5	6877
32.171875	0.0	behav,3,-1,402	6	8236
37.546875	0.0	behav,3,-1,423	7	9612
42.8515625	0.0	behav,3,-1,444	8	10970
48.33203125	0.0	behav,3,-1,465	9	12373
53.70703125	0.0	behav,3,-1,486	10	13749
59.0703125	0.0	behav,3,-1,507	11	15122
64.45703125	0.0	behav,3,-1,528	12	16501
70.0078125	0.0	behav,3,-1,549	13	17922
75.375	0.0	behav,3,-1,570	14	19296
80.98828125	0.0	behav,3,-1,591	15	20733
86.4140625	0.0	behav,3,-1,612	16	22122
88.37109375	0.0	oddball,0,-1,621	17	22623
91.7734375	0.0	behav,0,-1,633	18	23494
97.125	0.0	behav,3,-1,654	19	24864
102.45703125	0.0	behav,3,-1,675	20	26229
107.8671875	0.0	behav,3,-1,696	21	27614
113.2890625	0.0	behav,3,-1,717	22	29002
118.67578125	0.0	behav,3,-1,738	23	30381
124.10546875	0.0	behav,3,-1,759	24	31771
126.45703125	0.0	oddball,0,-1,770	25	32373
129.453125	0.0	behav,0,-1,780	26	33140
135.3671875	0.0	behav,3,-1,801	27	34654
140.734375	0.0	behav,3,-1,822	28	36028
146.484375	0.0	behav,3,-1,843	29	37500
152.02734375	0.0	behav,3,-1,864	30	38919
157.38671875	0.0	behav,3,-1,885	31	40291
162.82421875	0.0	behav,3,-1,906	32	41683
168.19140625	0.0	behav,3,-1,927	33	43057
173.59765625	0.0	behav,3,-1,948	34	44441
178.953125	0.0	behav,3,-1,969	35	45812
185.2109375	0.0	behav,3,-1,990	36	47414
190.6328125	0.0	behav,3,-1,1011	37	48802
192.375	0.0	oddball,0,-1,1019	38	49248
196.1171875	0.0	behav,0,-1,1032	39	50206
201.48828125	0.0	behav,3,-1,1053	40	51581
206.8671875	0.0	behav,3,-1,1074	41	52958
212.234375	0.0	behav,3,-1,1095	42	54332
217.58203125	0.0	behav,3,-1,1116	43	55701
219.71875	0.0	oddball,0,-1,1126	44	56248
222.92578125	0.0	behav,0,-1,1137	45	57069
228.33984375	0.0	behav,3,-1,1158	46	58455
233.85546875	0.0	behav,3,-1,103	47	59867
239.51953125	0.0	behav,3,-1,124	48	61317
245.0	0.0	behav,3,-1,145	49	62720
251.12890625	0.0	behav,3,-1,166	50	64289
256.48828125	0.0	behav,3,-1,187	51	65661
261.9296875	0.0	behav,3,-1,208	52	67054
267.26953125	0.0	behav,3,-1,229	53	68421
272.6015625	0.0	behav,3,-1,250	54	69786
277.953125	0.0	behav,3,-1,271	55	71156
279.51171875	0.0	oddball,0,-1,278	56	71555
283.1796875	0.0	behav,0,-1,292	57	72494
288.453125	0.0	behav,3,-1,313	58	73844
293.94140625	0.0	behav,3,-1,334	59	75249
297.51171875	0.0	oddball,0,-1,351	60	76163
299.29296875	0.0	behav,0,-1,355	61	76619
304.6875	0.0	behav,3,-1,376	62	78000
