onset	duration	trial_type	value	sample
5.421875	0.0	behav,3,-1,21	1	1388
10.75	0.0	behav,3,-1,42	2	2752
14.11328125	0.0	oddball,0,-1,58	3	3613
16.046875	0.0	behav,0,-1,63	4	4108
21.3828125	0.0	behav,3,-1,84	5	5474
26.76953125	0.0	behav,3,-1,381	6	6853
32.08203125	0.0	behav,3,-1,402	7	8213
37.43359375	0.0	behav,3,-1,423	8	9583
42.80859375	0.0	behav,3,-1,444	9	10959
48.17578125	0.0	behav,3,-1,465	10	12333
53.58203125	0.0	behav,3,-1,486	11	13717
59.01171875	0.0	behav,3,-1,507	12	15107
64.38671875	0.0	behav,3,-1,528	13	16483
65.73046875	0.0	oddball,0,-1,534	14	16827
69.6796875	0.0	behav,0,-1,549	15	17838
74.9765625	0.0	behav,3,-1,570	16	19194
75.32421875	0.0	oddball,0,-1,571	17	19283
80.26953125	0.0	behav,0,-1,591	18	20549
85.58203125	0.0	behav,3,-1,612	19	21909
90.91015625	0.0	behav,3,-1,633	20	23273
96.2734375	0.0	behav,3,-1,654	21	24646
101.55078125	0.0	behav,3,-1,675	22	25997
106.9609375	0.0	behav,3,-1,696	23	27382
112.328125	0.0	behav,3,-1,717	24	28756
117.7265625	0.0	behav,3,-1,738	25	30138
123.140625	0.0	behav,3,-1,759	26	31524
128.5	0.0	behav,3,-1,780	27	32896
133.859375	0.0	behav,3,-1,801	28	34268
139.2578125	0.0	behav,3,-1,822	29	35650
144.66796875	0.0	behav,3,-1,843	30	37035
150.296875	0.0	behav,3,-1,864	31	38476
155.609375	0.0	behav,3,-1,885	32	39836
161.0078125	0.0	behav,3,-1,906	33	41218
166.4453125	0.0	behav,3,-1,927	34	42610
171.84375	0.0	behav,3,-1,948	35	43992
177.21484375	0.0	behav,3,-1,969	36	45367
182.59375	0.0	behav,3,-1,990	37	46744
187.92578125	0.0	behav,3,-1,1011	38	48109
193.84765625	0.0	behav,3,-1,1032	39	49625
199.4296875	0.0	behav,3,-1,1053	40	51054
201.99609375	0.0	oddball,0,-1,1065	41	51711
204.8125	0.0	behav,0,-1,1074	42	52432
210.2421875	0.0	behav,3,-1,1095	43	53822
215.58203125	0.0	behav,3,-1,1116	44	55189
220.7421875	0.0	behav,3,-1,1137	45	56510
221.0859375	0.0	oddball,0,-1,1138	46	56598
226.06640625	0.0	behav,0,-1,1158	47	57873
231.40625	0.0	behav,3,-1,103	48	59240
236.74609375	0.0	behav,3,-1,124	49	60607
242.15234375	0.0	behav,3,-1,145	50	61991
245.4921875	0.0	oddball,0,-1,161	51	62846
247.5390625	0.0	behav,0,-1,166	52	63370
252.93359375	0.0	behav,3,-1,187	53	64751
258.390625	0.0	behav,3,-1,208	54	66148
263.72265625	0.0	behav,3,-1,229	55	67513
269.17578125	0.0	behav,3,-1,250	56	68909
274.55859375	0.0	behav,3,-1,271	57	70287
279.92578125	0.0	behav,3,-1,292	58	71661
285.29296875	0.0	behav,3,-1,313	59	73035
290.6484375	0.0	behav,3,-1,334	60	74406
296.015625	0.0	behav,3,-1,355	61	75780
301.390625	0.0	behav,3,-1,376	62	77156
