onset	duration	trial_type	value	sample
5.4296875	0.0	behav,3,-1,21	1	1390
10.6484375	0.0	behav,3,-1,42	2	2726
16.1875	0.0	behav,3,-1,63	3	4144
21.5234375	0.0	behav,3,-1,84	4	5510
26.6875	0.0	behav,3,-1,381	5	6832
32.02734375	0.0	behav,3,-1,402	6	8199
32.7734375	0.0	oddball,0,-1,405	7	8390
37.37890625	0.0	behav,0,-1,423	8	9569
42.66015625	0.0	behav,3,-1,444	9	10921
47.9375	0.0	behav,3,-1,465	10	12272
53.26171875	0.0	behav,3,-1,486	11	13635
58.64453125	0.0	behav,3,-1,507	12	15013
63.9921875	0.0	behav,3,-1,528	13	16382
69.31640625	0.0	behav,3,-1,549	14	17745
74.58203125	0.0	behav,3,-1,570	15	19093
80.05859375	0.0	behav,3,-1,591	16	20495
85.41015625	0.0	behav,3,-1,612	17	21865
90.73046875	0.0	behav,3,-1,633	18	23227
96.0390625	0.0	behav,3,-1,654	19	24586
99.40625	0.0	oddball,0,-1,670	20	25448
101.35546875	0.0	behav,0,-1,675	21	25947
106.64453125	0.0	behav,3,-1,696	22	27301
111.94921875	0.0	behav,3,-1,717	23	28659
117.109375	0.0	behav,3,-1,738	24	29980
122.5	0.0	behav,3,-1,759	25	31360
127.875	0.0	behav,3,-1,780	26	32736
128.4375	0.0	oddball,0,-1,782	27	32880
133.3671875	0.0	behav,0,-1,801	28	34142
138.703125	0.0	behav,3,-1,822	29	35508
144.26171875	0.0	behav,3,-1,843	30	36931
149.56640625	0.0	behav,3,-1,864	31	38289
154.89453125	0.0	behav,3,-1,885	32	39653
160.203125	0.0	behav,3,-1,906	33	41012
165.53515625	0.0	behav,3,-1,927	34	42377
170.87109375	0.0	behav,3,-1,948	35	43743
176.2109375	0.0	behav,3,-1,969	36	45110
181.69140625	0.0	behav,3,-1,990	37	46513
187.1328125	0.0	behav,3,-1,1011	38	47906
190.68359375	0.0	oddball,0,-1,1028	39	48815
192.6953125	0.0	behav,0,-1,1032	40	49330
194.05078125	0.0	oddball,0,-1,1038	41	49677
198.00390625	0.0	behav,0,-1,1053	42	50689
203.359375	0.0	behav,3,-1,1074	43	52060
209.2421875	0.0	behav,3,-1,1095	44	53566
214.6953125	0.0	behav,3,-1,1116	45	54962
220.60546875	0.0	behav,3,-1,1137	46	56475
225.90234375	0.0	behav,3,-1,1158	47	57831
231.19921875	0.0	behav,3,-1,103	48	59187
236.40625	0.0	behav,3,-1,124	49	60520
240.546875	0.0	oddball,0,-1,144	50	61580
241.62890625	0.0	behav,0,-1,145	51	61857
246.81640625	0.0	behav,3,-1,166	52	63185
252.02734375	0.0	behav,3,-1,187	53	64519
257.35546875	0.0	behav,3,-1,208	54	65883
262.6953125	0.0	behav,3,-1,229	55	67250
268.0234375	0.0	behav,3,-1,250	56	68614
273.359375	0.0	behav,3,-1,271	57	69980
278.703125	0.0	behav,3,-1,292	58	71348
284.03125	0.0	behav,3,-1,313	59	72712
289.375	0.0	behav,3,-1,334	60	74080
294.703125	0.0	behav,3,-1,355	61	75444
300.02734375	0.0	behav,3,-1,376	62	76807
