onset	duration	trial_type	value	sample
5.53125	0.0	behav,3,-1,21	1	1416
10.8828125	0.0	behav,3,-1,42	2	2786
16.28125	0.0	behav,3,-1,63	3	4168
21.6484375	0.0	behav,3,-1,84	4	5542
27.0	0.0	behav,3,-1,381	5	6912
32.3828125	0.0	behav,3,-1,402	6	8290
37.77734375	0.0	behav,3,-1,423	7	9671
43.17578125	0.0	behav,3,-1,444	8	11053
48.5234375	0.0	behav,3,-1,465	9	12422
53.91796875	0.0	behav,3,-1,486	10	13803
59.33203125	0.0	behav,3,-1,507	11	15189
60.875	0.0	oddball,0,-1,514	12	15584
64.703125	0.0	behav,0,-1,528	13	16564
70.09765625	0.0	behav,3,-1,549	14	17945
75.4609375	0.0	behav,3,-1,570	15	19318
80.91015625	0.0	behav,3,-1,591	16	20713
86.328125	0.0	behav,3,-1,612	17	22100
91.640625	0.0	behav,3,-1,633	18	23460
97.0546875	0.0	behav,3,-1,654	19	24846
97.4140625	0.0	oddball,0,-1,655	20	24938
102.48046875	0.0	behav,0,-1,675	21	26235
107.84765625	0.0	behav,3,-1,696	22	27609
113.30859375	0.0	behav,3,-1,717	23	29007
118.6796875	0.0	behav,3,-1,738	24	30382
124.05859375	0.0	behav,3,-1,759	25	31759
129.41796875	0.0	behav,3,-1,780	26	33131
134.921875	0.0	behav,3,-1,801	27	34540
140.3671875	0.0	behav,3,-1,822	28	35934
145.7421875	0.0	behav,3,-1,843	29	37310
151.1640625	0.0	behav,3,-1,864	30	38698
156.515625	0.0	behav,3,-1,885	31	40068
157.47265625	0.0	oddball,0,-1,889	32	40313
161.875	0.0	behav,0,-1,906	33	41440
167.26171875	0.0	behav,3,-1,927	34	42819
172.6953125	0.0	behav,3,-1,948	35	44210
178.06640625	0.0	behav,3,-1,969	36	45585
183.32421875	0.0	behav,3,-1,990	37	46931
188.4453125	0.0	behav,3,-1,1011	38	48242
193.796875	0.0	behav,3,-1,1032	39	49612
199.15625	0.0	behav,3,-1,1053	40	50984
204.45703125	0.0	behav,3,-1,1074	41	52341
209.81640625	0.0	behav,3,-1,1095	42	53713
213.96484375	0.0	oddball,0,-1,1115	43	54775
215.1484375	0.0	behav,0,-1,1116	44	55078
220.5	0.0	behav,3,-1,1137	45	56448
225.87109375	0.0	behav,3,-1,1158	46	57823
231.2578125	0.0	behav,3,-1,103	47	59202
236.50390625	0.0	behav,3,-1,124	48	60545
241.89453125	0.0	behav,3,-1,145	49	61925
247.26953125	0.0	behav,3,-1,166	50	63301
249.4140625	0.0	oddball,0,-1,176	51	63850
252.625	0.0	behav,0,-1,187	52	64672
257.9921875	0.0	behav,3,-1,208	53	66046
260.15625	0.0	oddball,0,-1,218	54	66600
263.328125	0.0	behav,0,-1,229	55	67412
268.76171875	0.0	behav,3,-1,250	56	68803
274.2890625	0.0	behav,3,-1,271	57	70218
279.71484375	0.0	behav,3,-1,292	58	71607
285.12890625	0.0	behav,3,-1,313	59	72993
290.3046875	0.0	behav,3,-1,334	60	74318
295.79296875	0.0	behav,3,-1,355	61	75723
301.125	0.0	behav,3,-1,376	62	77088
