onset	duration	trial_type	value	sample
5.3671875	0.0	behav,3,-1,21	1	1374
10.50390625	0.0	behav,3,-1,42	2	2689
15.82421875	0.0	behav,3,-1,63	3	4051
21.15625	0.0	behav,3,-1,84	4	5416
25.30078125	0.0	oddball,0,-1,380	5	6477
26.44921875	0.0	behav,0,-1,381	6	6771
31.67578125	0.0	behav,3,-1,402	7	8109
37.05078125	0.0	behav,3,-1,423	8	9485
42.44140625	0.0	behav,3,-1,444	9	10865
47.76953125	0.0	behav,3,-1,465	10	12229
53.09765625	0.0	behav,3,-1,486	11	13593
58.3828125	0.0	behav,3,-1,507	12	14946
63.73046875	0.0	behav,3,-1,528	13	16315
69.08203125	0.0	behav,2,-1,549	14	17685
74.47265625	0.0	behav,3,-1,570	15	19065
79.83203125	0.0	behav,3,-1,591	16	20437
85.21875	0.0	behav,3,-1,612	17	21816
87.16015625	0.0	oddball,0,-1,621	18	22313
90.58984375	0.0	behav,0,-1,633	19	23191
95.9140625	0.0	behav,3,-1,654	20	24554
100.07421875	0.0	oddball,0,-1,674	21	25619
101.25390625	0.0	behav,0,-1,675	22	25921
106.484375	0.0	behav,3,-1,696	23	27260
110.234375	0.0	oddball,0,-1,714	24	28220
111.8515625	0.0	behav,0,-1,717	25	28634
117.21875	0.0	behav,3,-1,738	26	30008
122.58203125	0.0	behav,3,-1,759	27	31381
124.33203125	0.0	oddball,0,-1,767	28	31829
128.0625	0.0	behav,0,-1,780	29	32784
133.4296875	0.0	behav,3,-1,801	30	34158
138.75390625	0.0	behav,3,-1,822	31	35521
144.13671875	0.0	behav,3,-1,843	32	36899
149.734375	0.0	behav,3,-1,864	33	38332
155.0859375	0.0	behav,3,-1,885	34	39702
160.51171875	0.0	behav,3,-1,906	35	41091
165.84375	0.0	behav,3,-1,927	36	42456
171.06640625	0.0	behav,3,-1,948	37	43793
176.40234375	0.0	behav,3,-1,969	38	45159
181.765625	0.0	behav,3,-1,990	39	46532
187.12109375	0.0	behav,3,-1,1011	40	47903
192.51171875	0.0	behav,3,-1,1032	41	49283
197.96484375	0.0	behav,3,-1,1053	42	50679
203.3125	0.0	behav,3,-1,1074	43	52048
208.640625	0.0	behav,3,-1,1095	44	53412
213.96875	0.0	behav,3,-1,1116	45	54776
219.87890625	0.0	behav,3,-1,1137	46	56289
225.203125	0.0	behav,3,-1,1158	47	57652
229.37109375	0.0	oddball,0,-1,102	48	58719
230.52734375	0.0	behav,0,-1,103	49	59015
235.78515625	0.0	behav,3,-1,124	50	60361
241.10546875	0.0	behav,3,-1,145	51	61723
247.125	0.0	behav,3,-1,166	52	63264
252.51171875	0.0	behav,3,-1,187	53	64643
257.8984375	0.0	behav,3,-1,208	54	66022
263.25	0.0	behav,3,-1,229	55	67392
268.609375	0.0	behav,3,-1,250	56	68764
273.9765625	0.0	behav,3,-1,271	57	70138
279.3125	0.0	behav,3,-1,292	58	71504
284.76171875	0.0	behav,3,-1,313	59	72899
290.09765625	0.0	behav,3,-1,334	60	74265
295.25390625	0.0	behav,3,-1,355	61	75585
300.6796875	0.0	behav,3,-1,376	62	76974
