onset	duration	trial_type	value	sample
1.63671875	0.0	oddball,0,-1,7	1	419
5.45703125	0.0	behav,0,-1,21	2	1397
6.20703125	0.0	oddball,0,-1,24	3	1589
10.8046875	0.0	behav,0,-1,42	4	2766
16.18359375	0.0	behav,3,-1,63	5	4143
21.54296875	0.0	behav,3,-1,84	6	5515
27.109375	0.0	behav,3,-1,381	7	6940
32.5546875	0.0	behav,3,-1,402	8	8334
37.91796875	0.0	behav,3,-1,423	9	9707
43.25390625	0.0	behav,3,-1,444	10	11073
48.48828125	0.0	behav,3,-1,465	11	12413
53.87109375	0.0	behav,3,-1,486	12	13791
59.2421875	0.0	behav,3,-1,507	13	15166
64.71484375	0.0	behav,3,-1,528	14	16567
70.109375	0.0	behav,3,-1,549	15	17948
75.4609375	0.0	behav,3,-1,570	16	19318
80.8671875	0.0	behav,3,-1,591	17	20702
86.23828125	0.0	behav,3,-1,612	18	22077
91.609375	0.0	behav,3,-1,633	19	23452
97.015625	0.0	behav,3,-1,654	20	24836
102.4609375	0.0	behav,3,-1,675	21	26230
103.01953125	0.0	oddball,0,-1,677	22	26373
107.81640625	0.0	behav,0,-1,696	23	27601
113.19921875	0.0	behav,3,-1,717	24	28979
118.6796875	0.0	behav,3,-1,738	25	30382
124.0	0.0	behav,3,-1,759	26	31744
129.33984375	0.0	behav,3,-1,780	27	33111
134.6796875	0.0	behav,3,-1,801	28	34478
137.03515625	0.0	oddball,0,-1,812	29	35081
140.01953125	0.0	behav,0,-1,822	30	35845
145.734375	0.0	behav,3,-1,843	31	37308
151.08984375	0.0	behav,3,-1,864	32	38679
153.25390625	0.0	oddball,0,-1,874	33	39233
156.47265625	0.0	behav,0,-1,885	34	40057
161.875	0.0	behav,3,-1,906	35	41440
167.22265625	0.0	behav,3,-1,927	36	42809
172.59765625	0.0	behav,3,-1,948	37	44185
178.1953125	0.0	behav,3,-1,969	38	45618
183.53515625	0.0	behav,3,-1,990	39	46985
188.90625	0.0	behav,3,-1,1011	40	48360
194.2578125	0.0	behav,3,-1,1032	41	49730
199.60546875	0.0	behav,3,-1,1053	42	51099
205.5234375	0.0	behav,3,-1,1074	43	52614
211.203125	0.0	behav,3,-1,1095	44	54068
216.58203125	0.0	behav,3,-1,1116	45	55445
222.00390625	0.0	behav,3,-1,1137	46	56833
227.38671875	0.0	behav,3,-1,1158	47	58211
232.71875	0.0	behav,3,-1,103	48	59576
238.1484375	0.0	behav,3,-1,124	49	60966
243.4375	0.0	behav,3,-1,145	50	62320
249.515625	0.0	behav,3,-1,166	51	63876
254.86328125	0.0	behav,3,-1,187	52	65245
260.23046875	0.0	behav,3,-1,208	53	66619
265.58984375	0.0	behav,3,-1,229	54	67991
270.9921875	0.0	behav,3,-1,250	55	69374
276.578125	0.0	behav,3,-1,271	56	70804
281.953125	0.0	behav,3,-1,292	57	72180
287.3125	0.0	behav,3,-1,313	58	73552
288.47265625	0.0	oddball,0,-1,318	59	73849
292.6328125	0.0	behav,0,-1,334	60	74914
297.9921875	0.0	behav,3,-1,355	61	76286
303.35546875	0.0	behav,3,-1,376	62	77659
