onset	duration	trial_type	value	sample
6.0	0.0	behav,3,-1,21	1	1536
11.34375	0.0	behav,3,-1,42	2	2904
16.74609375	0.0	behav,3,-1,63	3	4287
22.1875	0.0	behav,3,-1,84	4	5680
27.5859375	0.0	behav,3,-1,381	5	7062
30.3125	0.0	oddball,16746,-1,394	6	7760
32.7109375	0.0	behav,0,-1,402	7	8374
38.1015625	0.0	behav,3,-1,423	8	9754
43.56640625	0.0	behav,3,-1,444	9	11153
49.0	0.0	behav,3,-1,465	10	12544
54.42578125	0.0	behav,3,-1,486	11	13933
57.765625	0.0	oddball,16747,-1,502	12	14788
59.875	0.0	behav,0,-1,507	13	15328
65.38671875	0.0	behav,3,-1,528	14	16739
70.84375	0.0	behav,3,-1,549	15	18136
76.37890625	0.0	behav,3,-1,570	16	19553
81.8828125	0.0	behav,3,-1,591	17	20962
87.31640625	0.0	behav,3,-1,612	18	22353
92.78515625	0.0	behav,3,-1,633	19	23753
98.3046875	0.0	behav,3,-1,654	20	25166
103.76171875	0.0	behav,3,-1,675	21	26563
109.28125	0.0	behav,3,-1,696	22	27976
114.8125	0.0	behav,3,-1,717	23	29392
120.2109375	0.0	behav,3,-1,738	24	30774
125.63671875	0.0	behav,3,-1,759	25	32163
131.078125	0.0	behav,3,-1,780	26	33556
136.5078125	0.0	behav,3,-1,801	27	34946
142.09375	0.0	behav,3,-1,822	28	36376
147.5703125	0.0	behav,3,-1,843	29	37778
153.08203125	0.0	behav,3,-1,864	30	39189
158.5703125	0.0	behav,3,-1,885	31	40594
163.96484375	0.0	behav,3,-1,906	32	41975
169.3984375	0.0	behav,3,-1,927	33	43366
174.828125	0.0	behav,3,-1,948	34	44756
180.24609375	0.0	behav,3,-1,969	35	46143
185.6796875	0.0	behav,3,-1,990	36	47534
191.1171875	0.0	behav,3,-1,1011	37	48926
196.56640625	0.0	behav,3,-1,1032	38	50321
201.9921875	0.0	behav,3,-1,1053	39	51710
207.53125	0.0	behav,3,-1,1074	40	53128
209.6875	0.0	oddball,16746,-1,1084	41	53680
212.98046875	0.0	behav,0,-1,1095	42	54523
218.37109375	0.0	behav,3,-1,1116	43	55903
223.85546875	0.0	behav,3,-1,1137	44	57307
229.28515625	0.0	behav,3,-1,1158	45	58697
234.71875	0.0	behav,3,-1,103	46	60088
240.13671875	0.0	behav,3,-1,124	47	61475
245.609375	0.0	behav,3,-1,145	48	62876
245.953125	0.0	oddball,16743,-1,146	49	62964
251.046875	0.0	behav,0,-1,166	50	64268
256.5703125	0.0	behav,3,-1,187	51	65682
256.91015625	0.0	oddball,16741,-1,188	52	65769
261.9140625	0.0	behav,0,-1,208	53	67050
267.31640625	0.0	behav,3,-1,229	54	68433
268.859375	0.0	oddball,16746,-1,236	55	68828
272.7265625	0.0	behav,0,-1,250	56	69818
278.26171875	0.0	behav,3,-1,271	57	71235
283.703125	0.0	behav,3,-1,292	58	72628
289.19140625	0.0	behav,3,-1,313	59	74033
294.80859375	0.0	behav,3,-1,334	60	75471
300.234375	0.0	behav,3,-1,355	61	76860
305.5859375	0.0	behav,3,-1,376	62	78230
