onset	duration	trial_type	value	sample
1.546875	0.0	oddball,16743,-1,4	1	396
6.25390625	0.0	behav,0,-1,21	2	1601
11.62890625	0.0	behav,3,-1,42	3	2977
17.0	0.0	behav,3,-1,63	4	4352
20.328125	0.0	oddball,16745,-1,79	5	5204
22.3671875	0.0	behav,0,-1,84	6	5726
27.96875	0.0	behav,3,-1,381	7	7160
32.12109375	0.0	oddball,16740,-1,401	8	8223
33.37109375	0.0	behav,0,-1,402	9	8543
38.78125	0.0	behav,3,-1,423	10	9928
44.1640625	0.0	behav,3,-1,444	11	11306
49.53515625	0.0	behav,3,-1,465	12	12681
54.86328125	0.0	behav,3,-1,486	13	14045
60.453125	0.0	behav,3,-1,507	14	15476
65.87109375	0.0	behav,3,-1,528	15	16863
71.9765625	0.0	behav,3,-1,549	16	18426
77.3671875	0.0	behav,3,-1,570	17	19806
82.90625	0.0	behav,3,-1,591	18	21224
88.390625	0.0	behav,3,-1,612	19	22628
93.8046875	0.0	behav,3,-1,633	20	24014
99.16015625	0.0	behav,3,-1,654	21	25385
104.7578125	0.0	behav,3,-1,675	22	26818
110.19921875	0.0	behav,3,-1,696	23	28211
112.5625	0.0	oddball,16746,-1,707	24	28816
115.65625	0.0	behav,0,-1,717	25	29608
121.13671875	0.0	behav,3,-1,738	26	31011
126.51171875	0.0	behav,3,-1,759	27	32387
131.76171875	0.0	behav,3,-1,780	28	33731
137.2421875	0.0	behav,3,-1,801	29	35134
142.6171875	0.0	behav,3,-1,822	30	36510
148.0	0.0	behav,3,-1,843	31	37888
153.54296875	0.0	behav,3,-1,864	32	39307
159.046875	0.0	behav,3,-1,885	33	40716
164.3125	0.0	behav,3,-1,906	34	42064
169.8828125	0.0	behav,3,-1,927	35	43490
175.42578125	0.0	behav,3,-1,948	36	44909
180.828125	0.0	behav,3,-1,969	37	46292
186.25	0.0	behav,3,-1,990	38	47680
191.69140625	0.0	behav,3,-1,1011	39	49073
197.32421875	0.0	behav,3,-1,1032	40	50515
202.8359375	0.0	behav,3,-1,1053	41	51926
208.2265625	0.0	behav,3,-1,1074	42	53306
213.72265625	0.0	behav,3,-1,1095	43	54713
219.35546875	0.0	behav,3,-1,1116	44	56155
224.73828125	0.0	behav,3,-1,1137	45	57533
230.2421875	0.0	behav,3,-1,1158	46	58942
235.74609375	0.0	behav,3,-1,103	47	60351
240.10546875	0.0	behav,5,-1,124	48	61467
248.03515625	0.0	behav,3,-1,145	49	63497
251.59375	0.0	oddball,16743,-1,162	50	64408
253.4453125	0.0	behav,0,-1,166	51	64882
259.1484375	0.0	behav,3,-1,187	52	66342
264.66015625	0.0	behav,3,-1,208	53	67753
270.11328125	0.0	behav,3,-1,229	54	69149
272.671875	0.0	oddball,16745,-1,241	55	69804
275.44140625	0.0	behav,0,-1,250	56	70513
282.546875	0.0	behav,3,-1,271	57	72332
287.94140625	0.0	behav,3,-1,292	58	73713
293.3984375	0.0	behav,3,-1,313	59	75110
298.97265625	0.0	behav,3,-1,334	60	76537
305.85546875	0.0	behav,3,-1,355	61	78299
311.3828125	0.0	behav,3,-1,376	62	79714
