onset	duration	trial_type	value	sample
5.3671875	0.0	behav,3,-1,21	1	1374
10.609375	0.0	behav,3,-1,42	2	2716
15.9375	0.0	behav,3,-1,63	3	4080
17.6953125	0.0	oddball,16539,-1,71	4	4530
21.5625	0.0	behav,0,-1,84	5	5520
26.81640625	0.0	behav,3,-1,381	6	6865
32.2890625	0.0	behav,2,-1,402	7	8266
37.59765625	0.0	behav,3,-1,423	8	9625
42.8984375	0.0	behav,3,-1,444	9	10982
47.046875	0.0	oddball,16539,-1,464	10	12044
48.0078125	0.0	behav,0,-1,465	11	12290
53.515625	0.0	behav,3,-1,486	12	13700
56.28515625	0.0	oddball,16539,-1,499	13	14409
58.6875	0.0	behav,0,-1,507	14	15024
64.4296875	0.0	behav,3,-1,528	15	16494
69.63671875	0.0	behav,3,-1,549	16	17827
75.07421875	0.0	behav,3,-1,570	17	19219
78.2421875	0.0	oddball,16539,-1,585	18	20030
80.87109375	0.0	behav,0,-1,591	19	20703
86.03515625	0.0	behav,3,-1,612	20	22025
91.33984375	0.0	behav,3,-1,633	21	23383
96.734375	0.0	behav,3,-1,654	22	24764
102.16015625	0.0	behav,3,-1,675	23	26153
107.43359375	0.0	behav,3,-1,696	24	27503
112.69140625	0.0	behav,3,-1,717	25	28849
117.9453125	0.0	behav,3,-1,738	26	30194
123.1953125	0.0	behav,3,-1,759	27	31538
128.375	0.0	behav,3,-1,780	28	32864
134.02734375	0.0	behav,3,-1,801	29	34311
139.3671875	0.0	behav,3,-1,822	30	35678
144.5625	0.0	behav,3,-1,843	31	37008
149.875	0.0	behav,3,-1,864	32	38368
155.0078125	0.0	behav,3,-1,885	33	39682
160.41015625	0.0	behav,3,-1,906	34	41065
165.609375	0.0	behav,3,-1,927	35	42396
171.0	0.0	behav,3,-1,948	36	43776
176.375	0.0	behav,3,-1,969	37	45152
179.94140625	0.0	oddball,16539,-1,986	38	46065
181.96484375	0.0	behav,0,-1,990	39	46583
185.1328125	0.0	oddball,16539,-1,1005	40	47394
187.1875	0.0	behav,0,-1,1011	41	47920
192.51171875	0.0	behav,3,-1,1032	42	49283
197.8203125	0.0	behav,3,-1,1053	43	50642
203.09375	0.0	behav,3,-1,1074	44	51992
208.421875	0.0	behav,3,-1,1095	45	53356
213.73828125	0.0	behav,3,-1,1116	46	54717
218.9296875	0.0	behav,3,-1,1137	47	56046
224.13671875	0.0	behav,3,-1,1158	48	57379
229.421875	0.0	behav,3,-1,103	49	58732
234.99609375	0.0	behav,3,-1,124	50	60159
240.359375	0.0	behav,3,-1,145	51	61532
245.84375	0.0	behav,3,-1,166	52	62936
251.0625	0.0	behav,3,-1,187	53	64272
256.1953125	0.0	behav,3,-1,208	54	65586
262.27734375	0.0	behav,3,-1,229	55	67143
267.87109375	0.0	behav,3,-1,250	56	68575
273.49609375	0.0	behav,3,-1,271	57	70015
278.82421875	0.0	behav,3,-1,292	58	71379
284.30859375	0.0	behav,3,-1,313	59	72783
289.625	0.0	behav,3,-1,334	60	74144
294.98046875	0.0	behav,3,-1,355	61	75515
300.328125	0.0	behav,3,-1,376	62	76884
