onset	duration	trial_type	value	sample
6.078125	0.0	behav,3,-1,21	1	1556
11.50390625	0.0	behav,3,-1,42	2	2945
16.81640625	0.0	behav,3,-1,63	3	4305
22.11328125	0.0	behav,3,-1,84	4	5661
23.265625	0.0	oddball,16748,-1,89	5	5956
27.45703125	0.0	behav,0,-1,381	6	7029
32.90234375	0.0	behav,3,-1,402	7	8423
38.4609375	0.0	behav,3,-1,423	8	9846
43.86328125	0.0	behav,3,-1,444	9	11229
49.3203125	0.0	behav,3,-1,465	10	12626
49.671875	0.0	oddball,16746,-1,466	11	12716
54.71875	0.0	behav,0,-1,486	12	14008
60.0703125	0.0	behav,3,-1,507	13	15378
65.390625	0.0	behav,3,-1,528	14	16740
70.6875	0.0	behav,3,-1,549	15	18096
75.9765625	0.0	behav,3,-1,570	16	19450
79.53125	0.0	oddball,16743,-1,587	17	20360
81.3125	0.0	behav,0,-1,591	18	20816
86.64453125	0.0	behav,3,-1,612	19	22181
92.015625	0.0	behav,3,-1,633	20	23556
97.42578125	0.0	behav,3,-1,654	21	24941
102.87890625	0.0	behav,3,-1,675	22	26337
108.3125	0.0	behav,3,-1,696	23	27728
114.296875	0.0	behav,3,-1,717	24	29260
119.984375	0.0	behav,3,-1,738	25	30716
125.45703125	0.0	behav,3,-1,759	26	32117
130.8515625	0.0	behav,3,-1,780	27	33498
136.1484375	0.0	behav,3,-1,801	28	34854
141.484375	0.0	behav,3,-1,822	29	36220
146.9140625	0.0	behav,3,-1,843	30	37610
148.85546875	0.0	oddball,16742,-1,852	31	38107
152.25	0.0	behav,0,-1,864	32	38976
157.59375	0.0	behav,3,-1,885	33	40344
163.10546875	0.0	behav,3,-1,906	34	41755
168.46875	0.0	behav,3,-1,927	35	43128
173.8203125	0.0	behav,3,-1,948	36	44498
179.140625	0.0	behav,3,-1,969	37	45860
184.796875	0.0	behav,3,-1,990	38	47308
190.30078125	0.0	behav,3,-1,1011	39	48717
195.66015625	0.0	behav,3,-1,1032	40	50089
200.81640625	0.0	behav,3,-1,1053	41	51409
206.02734375	0.0	behav,3,-1,1074	42	52743
211.33984375	0.0	behav,3,-1,1095	43	54103
217.8828125	0.0	behav,3,-1,1116	44	55778
218.25	0.0	oddball,16745,-1,1117	45	55872
223.33984375	0.0	behav,0,-1,1137	46	57175
228.7421875	0.0	behav,3,-1,1158	47	58558
234.171875	0.0	behav,3,-1,103	48	59948
235.140625	0.0	oddball,16741,-1,107	49	60196
239.71875	0.0	behav,0,-1,124	50	61368
245.17578125	0.0	behav,3,-1,145	51	62765
250.734375	0.0	behav,3,-1,166	52	64188
256.1953125	0.0	behav,3,-1,187	53	65586
261.57421875	0.0	behav,3,-1,208	54	66963
266.7734375	0.0	behav,3,-1,229	55	68294
272.1796875	0.0	behav,3,-1,250	56	69678
277.58203125	0.0	behav,3,-1,271	57	71061
282.984375	0.0	behav,3,-1,292	58	72444
288.4140625	0.0	behav,3,-1,313	59	73834
294.078125	0.0	behav,3,-1,334	60	75284
299.41015625	0.0	behav,3,-1,355	61	76649
304.73828125	0.0	behav,3,-1,376	62	78013
