onset	duration	trial_type	value	sample
2.75	0.0	oddball,16746,-1,10	1	704
5.953125	0.0	behav,0,-1,21	2	1524
11.3046875	0.0	behav,3,-1,42	3	2894
16.6953125	0.0	behav,3,-1,63	4	4274
17.03125	0.0	oddball,16743,-1,64	5	4360
22.04296875	0.0	behav,0,-1,84	6	5643
24.00390625	0.0	oddball,16743,-1,93	7	6145
27.38671875	0.0	behav,0,-1,381	8	7011
32.7421875	0.0	behav,3,-1,402	9	8382
37.984375	0.0	behav,3,-1,423	10	9724
43.328125	0.0	behav,3,-1,444	11	11092
48.71875	0.0	behav,3,-1,465	12	12472
54.2421875	0.0	behav,3,-1,486	13	13886
56.8125	0.0	oddball,16740,-1,498	14	14544
59.69140625	0.0	behav,0,-1,507	15	15281
65.11328125	0.0	behav,3,-1,528	16	16669
70.59375	0.0	behav,3,-1,549	17	18072
76.00390625	0.0	behav,3,-1,570	18	19457
81.5078125	0.0	behav,3,-1,591	19	20866
86.84765625	0.0	behav,3,-1,612	20	22233
92.25	0.0	behav,3,-1,633	21	23616
97.640625	0.0	behav,3,-1,654	22	24996
102.9453125	0.0	behav,3,-1,675	23	26354
109.1953125	0.0	behav,3,-1,696	24	27954
115.01171875	0.0	behav,3,-1,717	25	29443
120.28515625	0.0	behav,3,-1,738	26	30793
125.63671875	0.0	behav,3,-1,759	27	32163
129.0	0.0	oddball,16743,-1,775	28	33024
131.0390625	0.0	behav,0,-1,780	29	33546
136.29296875	0.0	behav,3,-1,801	30	34891
141.64453125	0.0	behav,3,-1,822	31	36261
147.21875	0.0	behav,3,-1,843	32	37688
152.62890625	0.0	behav,3,-1,864	33	39073
158.01953125	0.0	behav,3,-1,885	34	40453
163.421875	0.0	behav,3,-1,906	35	41836
168.765625	0.0	behav,3,-1,927	36	43204
174.140625	0.0	behav,3,-1,948	37	44580
179.52734375	0.0	behav,3,-1,969	38	45959
184.84765625	0.0	behav,3,-1,990	39	47321
190.20703125	0.0	behav,3,-1,1011	40	48693
195.57421875	0.0	behav,3,-1,1032	41	50067
200.91796875	0.0	behav,3,-1,1053	42	51435
206.1953125	0.0	behav,3,-1,1074	43	52786
211.55859375	0.0	behav,3,-1,1095	44	54159
216.91796875	0.0	behav,3,-1,1116	45	55531
222.26953125	0.0	behav,3,-1,1137	46	56901
227.6640625	0.0	behav,3,-1,1158	47	58282
233.0078125	0.0	behav,3,-1,103	48	59650
234.578125	0.0	oddball,16744,-1,110	49	60052
238.3984375	0.0	behav,0,-1,124	50	61030
243.76171875	0.0	behav,3,-1,145	51	62403
249.3359375	0.0	behav,3,-1,166	52	63830
254.9375	0.0	behav,3,-1,187	53	65264
260.30859375	0.0	behav,3,-1,208	54	66639
265.703125	0.0	behav,3,-1,229	55	68020
271.22265625	0.0	behav,3,-1,250	56	69433
276.7109375	0.0	behav,3,-1,271	57	70838
282.28125	0.0	behav,3,-1,292	58	72264
287.50390625	0.0	behav,3,-1,313	59	73601
292.78515625	0.0	behav,3,-1,334	60	74953
298.04296875	0.0	behav,3,-1,355	61	76299
303.5390625	0.0	behav,3,-1,376	62	77706
